-- MySQL dump 10.13  Distrib 8.0.28, for Win64 (x86_64)
--
-- Host: localhost    Database: ecommerce_1
-- ------------------------------------------------------
-- Server version	8.0.28

/*!40101 SET @OLD_CHARACTER_SET_CLIENT=@@CHARACTER_SET_CLIENT */;
/*!40101 SET @OLD_CHARACTER_SET_RESULTS=@@CHARACTER_SET_RESULTS */;
/*!40101 SET @OLD_COLLATION_CONNECTION=@@COLLATION_CONNECTION */;
/*!50503 SET NAMES utf8 */;
/*!40103 SET @OLD_TIME_ZONE=@@TIME_ZONE */;
/*!40103 SET TIME_ZONE='+00:00' */;
/*!40014 SET @OLD_UNIQUE_CHECKS=@@UNIQUE_CHECKS, UNIQUE_CHECKS=0 */;
/*!40014 SET @OLD_FOREIGN_KEY_CHECKS=@@FOREIGN_KEY_CHECKS, FOREIGN_KEY_CHECKS=0 */;
/*!40101 SET @OLD_SQL_MODE=@@SQL_MODE, SQL_MODE='NO_AUTO_VALUE_ON_ZERO' */;
/*!40111 SET @OLD_SQL_NOTES=@@SQL_NOTES, SQL_NOTES=0 */;

--
-- Table structure for table `adresse`
--

DROP TABLE IF EXISTS `adresse`;


CREATE TABLE `adresse` (
  `idadresse` mediumint NOT NULL AUTO_INCREMENT,
  `ville` varchar(255) DEFAULT NULL,
  `pays` varchar(100) DEFAULT NULL,
  `adresse` varchar(255) DEFAULT NULL,
  PRIMARY KEY (`idadresse`)
) ENGINE=InnoDB AUTO_INCREMENT=269;


--
-- Dumping data for table `adresse`
--

LOCK TABLES `adresse` WRITE;
/*!40000 ALTER TABLE `adresse` DISABLE KEYS */;
INSERT INTO `adresse` VALUES (3,'Relegem','Bosnia and Herzegovina','Ap #396-1120 Justo St.'),(4,'Charters Towers','Switzerland','Ap #130-8790 Phasellus Street'),(5,'Saint-Pierre','Turks and Caicos Islands','P.O. Box 123, 1033 Nisi. Av.'),(6,'Pozo Almonte','Saint Martin','4708 Nunc Avenue'),(7,'High Wycombe','Senegal','499-1074 Aenean Street'),(8,'Wayaux','Timor-Leste','Ap #668-4754 Rutrum Rd.'),(9,'Tire','Equatorial Guinea','P.O. Box 695, 1412 Ut, Ave'),(10,'Barrie','Cocos (Keeling) Islands','577-7802 At, Av.'),(255,'Paris','France','Bv magenta'),(256,'Paris','','2 Bv magenta'),(262,'Paris','France','rue de la République'),(263,'Paris','France','rue de la République'),(268,'adresse inconnue','adresse inconnue','adresse inconnue');
/*!40000 ALTER TABLE `adresse` ENABLE KEYS */;
UNLOCK TABLES;

--
-- Table structure for table `client`
--

DROP TABLE IF EXISTS `client`;


CREATE TABLE `client` (
  `idclient` mediumint NOT NULL,
  `nom` varchar(255) DEFAULT NULL,
  `email` varchar(255) DEFAULT NULL,
  `telephone` varchar(100) DEFAULT NULL,
  `idadresse` mediumint DEFAULT NULL,
  `password` varchar(100) DEFAULT NULL,
  `idrole` int DEFAULT NULL,
  `cle` varchar(100) DEFAULT NULL,
  PRIMARY KEY (`idclient`),
  KEY `FK_adresse_idadresse` (`idadresse`),
  KEY `FK_role_idrole_idx` (`idrole`),
  CONSTRAINT `FK_adresse_idadresse` FOREIGN KEY (`idadresse`) REFERENCES `adresse` (`idadresse`) ON DELETE SET NULL ON UPDATE SET NULL,
  CONSTRAINT `FK_role_idrole` FOREIGN KEY (`idrole`) REFERENCES `role` (`idrole`) ON DELETE CASCADE ON UPDATE CASCADE
) ENGINE=InnoDB;


--
-- Dumping data for table `client`
--

LOCK TABLES `client` WRITE;
/*!40000 ALTER TABLE `client` DISABLE KEYS */;
INSERT INTO `client` VALUES (1,'Sean','litora@nasceturridiculusmus.ca','03 49 10 21 83',5,'89c981a3affd228e79c3aff51178b9694bc539e3',1,'455839461'),(2,'Jakeem','jakeem@email.edu','02 14 22 77 66',10,'094ff86010ad50fe3ab28d99b67bc1faf69eb43e',4,'1768543153'),(3,'Akeem','emma@granger.edu','05 05 96 43 30',8,'5ff80432156331bc397d65b5c77c4b1e159157c0',3,'1535111691'),(4,'Emma','auctor.ullamcorper.nisl@auctorodio.edu','01 34 84 24 72',268,'4b2130c7ee707b15adca38675740e9f8bc77167a',2,'163112160'),(5,'Alvin','Aliquam.auctor@posuerecubilia.edu','07 66 87 00 68',9,'791a4c6566e470752bea16bc39f295b6529de1a2',3,'131731297'),(6,'Craig','a.magna.Lorem@Pellentesqueultricies.com','03 08 48 66 09',268,'95f3eb41c9034549f467fb5edf9932ebc21a2054',3,'805210677'),(7,'Carson','semper.rutrum.Fusce@ac.org','03 68 24 65 80',9,'89165fa7b58690ef29c8ecb88de792b336107f53',3,'1539530991'),(8,'Moana','netus.et@estac.co.uk','09 67 80 31 80',3,'aa751256cf24168d364665a61063667df412de35',2,'1125400067'),(9,'Orlando','nunc.est.mollis@auctor.ca','03 60 07 83 57',5,'db186a9a2ccc41d111a2ef750bd0c28ce3eee63f',3,'1074456611'),(10,'Wylie','Etiam.laoreet.libero@nulla.ca','08 15 03 65 76',8,'2f9adf6f7e5005c0d4606da365f373674494a73f',2,'217287715'),(11,'Hope','natoque@necorciDonec.ca','07 85 77 57 79',3,'4e34234294422db3990e0291017f1f5e4e4d5f69',3,'826687290'),(12,'Laith','risus.odio.auctor@nisiAeneaneget.org','06 56 02 93 68',6,'8540cc055cf11bb8863c831126316c35fa85be9d',2,'1174989609'),(13,'Christian','erat@nullaInteger.net','06 04 16 92 43',268,'8ee347dbb2cb357d60788452203e8631ca396901',2,'669258367'),(14,'Kim','Nam@Nullatinciduntneque.edu','01 48 81 77 86',7,'765cab835950067ba0e0f3564fe373fa6ce76199',2,'362935494'),(15,'Oprah','lacus.Quisque@ligula.org','04 35 11 89 72',6,'eb3daf03fc6a977a7b4e7e7f80eee4d18830f0ab',3,'262427446'),(16,'Noah','dolor.dolor.tempus@et.org','02 94 04 68 57',7,'9baed6093ad3ec1bbc0b3eedb5ec7715c88ce880',2,'96730375'),(17,'Joseph','Nullam.vitae@cursus.co.uk','06 33 54 27 95',4,'bd0a52d0020a705bd9dffc020515ee216c82ff51',2,'920707003'),(18,'Shannon','ligula@non.org','01 44 04 26 80',10,'b040f6930d4086a31d9de707b01e0b19eb91e9fc',3,'2117497552'),(19,'Karly','vitae.erat@tincidunt.org','08 67 71 88 03',6,'09e15c4b943f348b9defbf79e981fc6604a5f906',3,'2014597705'),(20,'Jackson','urna.et.arcu@sagittis.org','07 47 40 31 37',6,'618eb6e6fe172497ae3f75ef53582b224318654a',3,'672407864'),(21,'Reuben','ultricies.ligula@sitamet.edu','07 50 13 82 72',268,'efdd83f0076f7814345fbd23853bdcc7752cc3f4',2,'39944765'),(22,'Anjolie','Duis.mi.enim@eget.ca','02 53 46 75 35',4,'8c68190d3cf8e4b43292a985ce3e0b1749f3a538',2,'1745903762'),(23,'Martha','ante.ipsum@rutrumFusce.co.uk','08 39 05 71 28',268,'208a2b6285bce55ce8b0e74669c19a3b32e7def0',3,'2080693905'),(24,'Victor','nibh.sit@leoVivamusnibh.org','05 76 63 04 33',6,'c2444ba6eba9fb9798b43fb512e96cc5b2514cf1',2,'1523463695'),(25,'Alexander','dignissim.magna@telluseuaugue.com','05 86 24 30 34',7,'51c60aa397f8f0d39d529c2828b5826c21617131',3,'1144231824'),(26,'Brendan','accumsan@penatibusetmagnis.net','03 75 86 22 84',268,'9d222ab9b9eb31277abbaaefa850983d71c7b78b',3,'1578782232'),(27,'Armando','mi.enim@elit.edu','06 52 92 71 12',3,'87135357bd2d7fd3f808f0615576de83244fcbda',2,'1983307780'),(28,'Casey','lobortis@Nullamenim.com','01 15 56 66 30',7,'38b86fa48b3a59614f38542126a03419f9ac3870',3,'1046144950'),(29,'Clio','ac.ipsum.Phasellus@nec.co.uk','09 48 60 35 71',10,'b51e933b09e32911e5469287ccbf7bff7c9adc14',2,'2069439919'),(30,'Nasim','magnis.dis.parturient@idsapien.net','02 28 95 45 09',9,'20be35659fa7d0421583b0d938c4a68b43570182',2,'1861125090'),(31,'Ishmael','vestibulum.Mauris@atnisi.ca','09 58 76 24 19',7,'a89d3c6cc0e44c65a3fc12cb91ee1c7d223795a0',2,'1892573240'),(32,'Candice','Curabitur@enimgravida.com','05 22 76 45 82',7,'80841986c50dd0d98968f9760da3e9002913f6ad',3,'967504763'),(33,'Ramona','montes.nascetur@tempor.com','04 10 00 30 59',6,'3598c77a04252d953e8687849068e581b0105f54',2,'1164778680'),(34,'Steel','vulputate.ullamcorper.magna@feugiat.net','08 13 08 69 19',8,'88ed9c469e661dbad21ee877407ce7537c17fc96',2,'1197121626'),(35,'Linda','luctus@eget.edu','04 02 43 30 64',3,'28356a7429d8cfd81ac53721a1ac03dc23ca2631',3,'178470653'),(36,'Myles','Phasellus.dapibus@non.co.uk','06 40 59 18 68',6,'9f41b1544a2302ea7159c46321cf8032a0c77b41',3,'153108668'),(37,'Regan','lobortis.augue.scelerisque@ametmetus.org','04 79 39 32 77',5,'ca357f88ab667aad1f6401333e1a2faf42e5926b',3,'1219045378'),(38,'Ciaran','ac.feugiat.non@massaSuspendisseeleifend.edu','01 44 22 95 14',3,'2dc1ac65f3be939ca966fb476cecb171c34f8a57',2,'1200533035'),(39,'Rowan','inceptos@massa.com','01 54 70 28 85',268,'1c869b408bae56a0d94a8a10914bb6737efcbc26',3,'993002324'),(40,'Moses','vel.arcu.eu@faucibuslectusa.co.uk','06 18 26 10 80',7,'98ed20efd78af2de384553e5f79c1e78cb686bf9',3,'1703314626'),(41,'Zenia','ultrices@Nullafacilisis.net','06 70 10 50 50',3,'efd89edcf19cdbbb45e94e9740633f39f9148218',2,'2123386991'),(42,'Destiny','ornare@sedfacilisisvitae.net','04 65 25 86 70',268,'fa3b760b8b85bd25011e85a39058527dedb9e4b9',3,'673277428'),(43,'Ralph','luctus@accumsanconvallisante.co.uk','02 29 31 52 58',8,'68dbc7270645ebb6be8c66e7fc8e5563ae349e23',2,'1796361465'),(44,'Xavier','neque.Morbi@facilisiSedneque.co.uk','02 10 32 85 79',4,'1ee1dd96ffea27bdeb3af279fbd823033244b306',2,'1578145702'),(45,'Carter','conubia.nostra@nibh.org','08 77 21 41 28',10,'e302381e7e410e8f68b97cbfc380be2645a004d7',2,'1934921793'),(46,'Hoyt','lobortis.nisi@magnisdis.org','05 03 14 86 19',4,'85cd2db5393c1c2528f6924595b70d45257b6fe8',3,'1973765565'),(47,'Illana','pede.Suspendisse.dui@sitamet.org','03 11 86 60 47',6,'676cce74e90154334f166537053bce885400fa99',3,'2027528993'),(48,'Dolan','inceptos.hymenaeos.Mauris@enimnectempus.net','07 08 32 12 79',7,'f2188edd15488393ddd7ea91aae6ffcae5c9b28e',3,'1275709527'),(49,'Melodie','dapibus@euplacerat.ca','09 86 71 88 76',10,'d52d1fc0525ef6aebd0e5c725b481a034ea64067',3,'1880304530'),(50,'Clark','mollis.Phasellus.libero@pede.edu','02 42 03 21 76',268,'39023dc93b2d01e85b16c1f9f28a37fe85ac8ef1',2,'1495357862'),(51,'Winter','morbi.tristique@malesuadautsem.co.uk','03 15 79 06 07',9,'176db72fb8cfa21635b278fb5d7c7abd8ae9a8de',3,'1376165122'),(52,'Lane','convallis@necurna.com','09 81 64 42 03',268,'3593d3b57e14516831a0d2a6f47ccd9401f6d11e',2,'2072644695'),(53,'Marah','nec.eleifend@tempus.co.uk','04 03 68 27 09',9,'4fa2bd292d0ef33bbaa5beadb69d9ae379d7d32d',2,'1692295118'),(54,'Molly','sagittis.semper@Maecenasmi.com','09 68 19 30 85',7,'b8267c9ca3ce20f5de8517019840d0fb19b9bbe1',2,'1341807146'),(55,'Steven','felis.orci@nec.net','08 40 94 18 88',268,'8c053090f36131590d65423cffd28f48c31badcd',2,'652239469'),(56,'Stephanie','tellus.Phasellus.elit@et.net','03 38 81 06 64',9,'7790957cec7ecaf47851ab171048b74fb3645374',2,'637804472'),(57,'Adam','in@lectus.com','07 79 40 87 47',268,'a7da3a761afabccc38dcfea7ba3175f6075125bc',3,'1005066629'),(58,'Keith','vel@variusorciin.org','07 63 95 74 82',5,'dfdaeb7754c6baf19306e8433aa65ab5c6754a0f',3,'2124927607'),(59,'Branden','ipsum@nullaIn.ca','06 54 08 11 55',7,'d55868a9eda51389146a427de15015183e729030',2,'704622466'),(60,'Blythe','ac.orci@temporbibendumDonec.co.uk','05 89 35 42 00',10,'3b375898b448d4046effa39971567003665b02e1',3,'1989506696'),(61,'Castor','dolor.sit@dolor.org','09 78 04 13 36',10,'8c9c4c2fbb2d518acd3088be1500baa6c2b1b43d',2,'1050815326'),(62,'Carson','interdum@orci.org','05 96 71 94 38',4,'531931d8bb45927b92a9185f4ba09d99d509406e',2,'144551665'),(63,'Hakeem','Cras.vehicula.aliquet@eratvolutpatNulla.co.uk','09 62 64 41 49',10,'366fee1f80ec78fa2e88ae58b3f8800ed0daa21d',2,'658413739'),(64,'Zoe','enim.nisl.elementum@Etiamligulatortor.org','04 72 44 56 09',9,'2b42474bd93151cd3531ff1fe185897cd509f44a',2,'2096910580'),(65,'Hamilton','velit.dui.semper@risusNullaeget.org','01 35 21 56 65',6,'ec4619fad62665b84164a7851c536e8c1e51c281',2,'705095910'),(66,'George','quis@egettincidunt.com','07 13 47 56 02',3,'8e0d7098c2e94917f146f622d08fc10f0b0001a8',2,'861868904'),(67,'Emery','lobortis@parturientmontes.org','06 58 19 23 69',9,'7d5b593a1843b403522cbacff5a38c25bcc571d7',2,'497554947'),(68,'Hilda','Mauris@euismodest.org','04 83 41 95 12',7,'4b982f53b22bc7a0b575f9aac78fa0a194e9cc74',3,'2043615461'),(69,'Macey','cursus.non@sempertellus.com','09 72 09 63 94',268,'7898b154de4c339ce7fbd29663eb9b5d39465bac',2,'1327077765'),(70,'James','vel.pede.blandit@Quisque.com','08 36 52 11 96',9,'b6aceb0cf89b8be13e46551112a77f3b98b3ab35',3,'465367390'),(71,'Branden','Lorem.ipsum.dolor@Sed.org','01 65 53 45 69',268,'e25f18a8af7eae6e4fa50aaba993214a1c3c984c',2,'229534823'),(72,'Brynn','vitae.risus.Duis@Pellentesquehabitantmorbi.co.uk','05 54 17 94 50',10,'fc512941154c4b6751ecb8c3b055e5c18d2ad57e',3,'1719094040'),(73,'Malachi','quis@Aliquam.net','01 83 25 66 16',5,'3206a9537498493658e58aaca0b4dd11c5240275',3,'2100343971'),(74,'Luke','Phasellus.libero.mauris@tempus.org','02 65 18 99 19',5,'2b435032a17521eb03a594cafba3e52c5c6d48c4',3,'295909276'),(75,'Suki','ut.nulla@atlacusQuisque.org','02 43 15 01 33',6,'efa4880abcde27ae2ef5a6374f088f700d38b3c2',2,'2143318828'),(76,'Charity','eleifend.vitae@tortorInteger.net','03 36 42 73 16',10,'aedcd377ad48b7227253ce52a5e5490150300ca2',3,'1664919994'),(77,'Hakeem','neque.pellentesque@non.com','05 21 43 76 20',268,'c38beb045965ec95e12ec33f4b914f8f78ed320a',3,'1893024348'),(78,'Jeanette','imperdiet@sitametrisus.net','06 32 74 22 75',3,'e8816f50b71c9261430eb54587757f4a15ec9c64',3,'547753783'),(79,'Ali','dignissim@mifelis.net','01 99 54 69 73',10,'6be62742e9fa47b9976f3a50254a6dbf2cb2401e',3,'1952149598'),(80,'Susan','ornare@aliquam.edu','07 91 76 35 57',3,'06c1b4266fd877fb852313d70904677b1e867255',2,'1935306930'),(81,'Ammos','Nulla.interdum.Curabitur@enim.org','09 92 99 25 86',4,'2650aac84dc97d611b2ccff2f78dd0bdfb51e79e',3,'264835993'),(82,'Dale','suscipit.est@nibhdolornonummy.ca','08 75 66 89 13',9,'fbfc5e5d1e6675d5b36ae00775fa6b895481e928',3,'960365221'),(83,'Michelle','ante@Vivamus.ca','03 42 96 35 51',3,'038575a3f86a602efcb542da3fa81b8ae71621a5',2,'1738869542'),(84,'Julie','nonummy.ut.molestie@gravidamaurisut.ca','02 00 17 15 12',268,'2573e6d4ed614a99023fbf748a56791e7cd7c847',3,'148160815'),(85,'Erica','ante.dictum.cursus@velitegestas.ca','05 23 55 74 81',10,'77b6629c7eed1165e1743736e2c39151bc1122b8',2,'503002073'),(86,'Cherokee','Duis.gravida@nonenimMauris.co.uk','06 52 38 97 41',4,'9f6a1689f6d109253b6495de807e1945f24e0f04',3,'391319989'),(87,'Jesse','vestibulum.Mauris@MaurisnullaInteger.edu','02 66 48 07 74',8,'922d0e38249760baa6e8ccb0d10e3e800ed2615a',2,'1147535621'),(88,'Signe','semper.egestas@magna.net','02 06 58 44 18',268,'e42040356e322319d39a48c85330acac3bd0980a',3,'1223163773'),(89,'Fiona','Vivamus.sit.amet@molestiearcu.net','08 13 66 62 63',9,'5496d1b69a0ce4926a94de59a263e662e0ca4c01',2,'633165466'),(90,'Gage','a.malesuada.id@semegestas.co.uk','02 50 74 74 14',4,'cb1e2c4f2188ae317d81349c7c40471b7b435f31',2,'1599470951'),(91,'Zeus','tincidunt@acturpisegestas.com','02 24 47 78 49',268,'c2511d2d295b37fc24280a2d951989fed47a60d0',3,'2102046096'),(92,'Kane','Aenean@placerat.co.uk','04 12 19 26 36',8,'ead5ec108aaba80a04a8c9dc8724d7aad1585581',3,'1057583568'),(93,'Hope','magna.tellus@anteipsum.ca','04 28 79 77 36',9,'c1c1f073da6d983bffb6c8a85f634942f99678b6',2,'1670342488'),(94,'Hadley','enim.Suspendisse.aliquet@risusQuisquelibero.co.uk','05 40 46 48 05',7,'1082aebcdc22bed239cfb31345095b5a28db832d',2,'909065117'),(95,'Ulla','magna.tellus.faucibus@urnaUttincidunt.net','07 17 54 92 13',268,'760dffd833a484bfbe466a1b94148dc8bfc4958a',3,'1647323889'),(96,'April','risus.Duis.a@Craslorem.net','02 94 46 32 01',4,'66f7f8a24f437d3bb26171fed3f619544db50fb1',2,'1898371224'),(97,'Sybill','et@Nuncmauris.org','08 81 01 34 13',8,'3051c15b07e838d6ccad0f701258ea261410621a',2,'260422058'),(98,'Leah','pulvinar@eratEtiam.edu','05 21 39 90 73',6,'14712ff747de776dd47ee6002a02d832c318ec29',3,'70855538'),(99,'Blaine','dolor.quam@aptent.com','06 28 05 24 28',9,'932b929cacdb52a1a0219644715f3f8d6ebf7108',2,'1991506852'),(100,'Kimberly','sollicitudin.commodo@Maecenasmalesuada.ca','01 63 83 87 11',9,'4c6c0a663a4de6574dbe87ee9e4bc51ad6b39b0f',2,'1143264358'),(101,'Dillon','euismod.urna.Nullam@idmagna.org','01 64 75 83 27',4,'d8922fd3070313f7439ca10ef29f97a59bb03ece',2,'1001868727'),(102,'Darryl','Proin.ultrices.Duis@rutrumurnanec.com','09 64 80 71 40',9,'4172ac079827324d4f5f3efce095c79bd75b133e',2,'1336962924'),(103,'Shay','posuere@Quisque.net','03 01 89 15 20',8,'ca4508fbdbc812b96fc185732c3e6f205db8e47a',2,'955292734'),(104,'Alexis','est.mauris@sedpedenec.edu','04 29 97 96 35',9,'15f17912bf7ad9539df3634530286dc464318095',2,'480136547'),(105,'Quintessa','molestie.pharetra.nibh@penatibusetmagnis.org','03 98 02 05 55',6,'e00629baa3dbc11a160b27406923cb119268622d',2,'806177509'),(106,'Yuli','Ut.tincidunt@vitaeeratVivamus.ca','09 36 83 36 60',3,'de9a625c48c558efeee97de55d87c9835ce7c78e',3,'1750332520'),(107,'Audrey','libero@scelerisque.edu','03 51 01 66 32',10,'ad271ef41b7d4c680e1dcff18b919f92999ec1ab',2,'1930397075'),(108,'Rafael','diam.eu@orciadipiscing.com','08 46 86 91 97',6,'d92694b532cb297ed69da8c364ed8ee97c1db197',3,'1823025795'),(109,'Shoshana','faucibus.Morbi@Nulla.net','05 48 17 83 24',5,'f104d814a72aff245ab7d88c48e1a6c086c130da',2,'1186509294'),(110,'Jarrod','tempus@eulacusQuisque.co.uk','04 91 23 38 14',268,'e5e79bad15d6762df4dba6e64784882af0353a37',3,'2147392095'),(111,'Kadeem','ultrices@loremauctorquis.edu','09 19 63 12 37',7,'388dedbb604b9e4fe89208bd5eb72029f95c3105',3,'1441031396'),(112,'Deirdre','nulla.Cras@Fuscemi.com','07 79 04 94 10',10,'5a9123b5409bdabf3f4aa12772273e66ef928b4e',3,'393213585'),(113,'Charlotte','mollis@eleifendnon.net','01 38 93 12 27',9,'b9c99794901be3545c86b0da6eb7bbce8052519c',2,'2067673119'),(114,'Laurel','primis.in.faucibus@vitae.edu','08 51 12 32 10',10,'6eb3c113ad4b901c84e71c810f352b8a5cb93096',2,'1069852141'),(115,'Idola','Quisque.libero@at.ca','05 43 40 46 54',3,'3b6067409867e1a2576cac4c0cbc07ce02002b9e',3,'1778354831'),(116,'Craig','venenatis@Suspendisse.co.uk','08 91 95 67 63',8,'5b9f08a77e2983b3e646e7e2b59a3628afec8aa6',3,'1591321564'),(117,'Felix','nulla.Integer.urna@disparturientmontes.co.uk','04 48 95 99 66',10,'0b465a761bb879cbdd32111a1720c61cc3e4134e',3,'955552303'),(118,'Maile','lorem.eget@purusgravidasagittis.net','09 77 85 67 11',268,'5c74d8b854660b5bfae7cf1edd7c984d6f7e71fd',3,'2002005662'),(119,'Cairo','Duis.dignissim.tempor@Vivamusnonlorem.org','08 13 16 95 27',5,'e310686d63249cece80f5676d1cf27bc550b0a4a',2,'8405576'),(120,'Sasha','malesuada.ut.sem@consequat.edu','05 34 60 73 94',268,'81f347fcab4c85157159192bd4e6e110c5de897d',2,'1604530388'),(121,'Marsden','lobortis.ultrices.Vivamus@lacusMauris.co.uk','08 51 28 54 16',6,'966827c598ab0c477901d00fcb98274ae7f1c90a',3,'2040157914'),(122,'Coby','imperdiet@nonante.edu','03 34 15 91 35',268,'de72f6e254331293a8b4667a28f480440edc0371',3,'1250924225'),(123,'Tarik','vulputate@seddictumeleifend.co.uk','09 52 72 00 34',268,'38c1c0bee1ddf2e82e57e21199a994f144679f29',3,'478269227'),(124,'Lunea','metus.sit.amet@Crasvulputate.co.uk','02 59 59 96 75',5,'160d50beb6830c6c25f18c21238e66a655f91c21',2,'1967680554'),(125,'Kato','In.ornare@a.org','06 66 45 99 74',6,'42c259c15f0b51c4b92d586cabd6c299d0c6120e',2,'1836085597'),(126,'Kaden','eu.dui@Duis.ca','03 98 86 30 60',5,'8e946adcb733fc2953faea6719e0b61fc86b5415',3,'1614025790'),(127,'Hollee','purus.sapien@DonecestNunc.co.uk','07 77 39 06 72',5,'7410cfef9794d443a67b99f8975ef5461a805816',3,'689928223'),(128,'Fuller','Mauris@nonquamPellentesque.net','04 24 25 50 51',3,'1bd5bd8e9ab1e960517304a009a557bbaacda1d5',2,'1119932834'),(129,'Anika','eu@euligula.org','03 34 37 20 96',6,'65cd52fc4201dd7cb1d51591613a2976ffb6b52d',2,'669408789'),(130,'Jemima','amet.consectetuer@hymenaeosMauris.org','01 75 00 17 51',10,'fe13e974bab465f49cd6152fd8ace679d4c5a560',3,'1953184198'),(131,'Norman','non.cursus.non@risus.ca','03 96 81 70 21',7,'ac2daf12d381a3436b1a94536952d4c56da7b459',2,'1553406918'),(132,'Joshua','dolor.Donec.fringilla@tellusAenean.co.uk','04 27 88 45 97',9,'dc02b26772ee722ffcf6e9331f000dccb764f5a3',2,'2037583197'),(133,'Audrey','vel@et.com','09 55 17 27 79',8,'8caa5c860f092763ae0f3d0bb5d00330db4d6cef',2,'587549736'),(134,'Nasim','libero.lacus.varius@necluctus.co.uk','07 25 15 01 25',8,'f496f1b01038cbdf8d8adc84d66c4fb65824484b',2,'1896048511'),(135,'Idola','pulvinar@Etiambibendumfermentum.ca','02 22 32 36 32',9,'f807db8ffaea9680789f7863bd7ac631c94ba419',3,'682270350'),(136,'Lillian','tristique.senectus.et@Fusce.co.uk','02 05 20 75 52',3,'9742d09440acf7567bbf92a58e847d69b6a6f3e7',2,'460936995'),(137,'Rina','convallis.convallis@felispurus.net','06 89 53 88 90',3,'a06039a968d1cd07839499c90d5c32629b83c95b',2,'2128560913'),(138,'Shea','sit.amet@ultrices.ca','07 07 00 01 25',268,'9c62aac0348cc478efcd91aa32f2100c6c17bd14',2,'567017191'),(139,'Isabelle','consectetuer@Curabitursed.net','07 44 51 71 19',4,'1d8d0329da403e449a7c94d77ffeec09cbe704e6',2,'1017003982'),(140,'Felix','nisi.Aenean@ac.edu','01 42 92 86 62',7,'5313a4b6b352184af0713c14c907313b90ad9f63',2,'724370331'),(141,'Aphrodite','accumsan.sed@adipiscing.co.uk','04 05 46 19 14',3,'43f5d3bb3aac4c897bc60f09a238f06ec1faca3d',2,'1339606385'),(142,'Kameko','fermentum.arcu.Vestibulum@Quisque.net','03 88 81 45 43',7,'1f6c706e222c5049f41df0beafe34daee8337bfe',3,'729358562'),(143,'Freya','vitae.orci.Phasellus@hendrerit.org','04 56 58 60 25',268,'48b05a2da2779d1e710848b2d295d8f5b3b8ed7d',3,'1142523537'),(144,'Dakota','commodo@sit.org','07 77 15 91 90',268,'41828470b91918e0c84773c1a3edf7c5aa5f46e9',2,'2022269112'),(145,'Zenia','aptent.taciti.sociosqu@Aliquamadipiscing.edu','02 48 47 69 08',10,'be3310a5a4e68ba75154eabad9c8037debdd28be',2,'1067691607'),(146,'Hamish','Maecenas@aliquamarcuAliquam.ca','07 62 96 10 12',7,'0d67f6e1c926d2105f9a8e6d9ee54855786fc840',2,'2038369460'),(147,'Jeremy','Pellentesque.habitant@nascetur.co.uk','01 78 53 92 11',5,'9b811346c2987fd4745afa3e54ee8e6563078a3a',2,'586002380'),(148,'Clayton','adipiscing.elit.Curabitur@odio.net','03 10 18 02 96',6,'014d5a1245236fadff09640f88f5c47a3ae06878',2,'74294736'),(149,'Serena','faucibus.leo@velit.com','03 21 69 52 19',268,'6624578e1593a9bf330641394d3c6682868d8edc',2,'877249445'),(150,'Holmes','et@sed.org','03 18 03 09 10',6,'704ea033e2fba8e4269705e047bac1e8e06023de',2,'1498438043'),(151,'Tasha','neque@musDonec.ca','01 42 55 13 44',268,'ac9bc514c09de9b3bc7d12be9f1d64b67d319698',2,'740140911'),(152,'Zahir','aliquam@etnunc.co.uk','04 16 08 64 74',4,'4ef948146541f90736e0ea730b0a03e7581408c8',3,'1258953813'),(153,'Suki','mauris.aliquam@arcuAliquam.com','07 05 03 16 14',9,'b46949f0dc6da2751bc07b1ec3d58e039d0766a7',2,'295310190'),(154,'Lawrence','Morbi.quis.urna@volutpat.edu','05 46 51 35 60',4,'dfe221cf143c2aae758964865fb01da19a569cca',2,'1367714861'),(155,'Zephania','eleifend@ullamcorperDuis.edu','02 84 72 95 15',268,'9a296493e8dace2161f935a9d3cd933ca6dd5664',2,'2115736802'),(156,'Shannon','sapien@nullaanteiaculis.com','07 54 58 54 88',6,'740e4afd4db76fac7f6e1c0961011cce97e6885c',3,'1597432767'),(157,'Bradley','consequat.nec@malesuada.ca','05 67 30 58 68',5,'36decf448eb2a56b5b741cba059227b3fb6cbd66',2,'2021342680'),(158,'Nigel','imperdiet.nec.leo@porttitorinterdumSed.ca','05 60 64 87 26',268,'4d3c6a0c89c9a01783efe43866ca2a1be537245d',2,'905529686'),(159,'Kitra','amet.consectetuer@dictum.org','08 01 12 30 28',10,'c511447f3d3579148db428cf78ebb0c505b62622',3,'895155411'),(160,'Genevieve','vitae.odio.sagittis@tristique.edu','06 08 28 61 07',3,'f3d630c5a4e0d05d8f1be4d036d3c2623907d662',2,'1486954821'),(161,'Chancellor','eu.erat.semper@eu.ca','02 48 61 90 73',268,'1b94049b19e21d803882fbed79435c17c5d5152d',3,'725646191'),(162,'Ulric','neque.pellentesque.massa@egetmetusIn.edu','08 43 77 52 64',3,'cff0d3dc071da8eebf7015c660bbd6d4ea457676',3,'270790971'),(163,'Valentine','a@nibhQuisquenonummy.org','02 37 88 27 00',268,'0be66aa555644e97d440326451cea43a09e90a87',3,'256417592'),(164,'Odysseus','consequat.auctor@interdum.org','02 73 10 27 24',9,'d0a4082c54d7539f2f13760629ad8ece17c89b77',3,'990998667'),(165,'Ruby','amet.orci.Ut@adipiscing.net','09 92 03 44 51',268,'de88b990785001d8cb4ae3955b31110658bc284c',2,'716815029'),(166,'Grace','augue.Sed.molestie@duisemperet.edu','05 36 77 93 92',6,'56d7efe00d8ce0b92b945d118677d4ff25acf396',2,'2006336166'),(167,'Melinda','Nulla@facilisisSuspendissecommodo.edu','08 72 43 74 84',10,'4e80b26f4eace5439508fe8a425c97d70e6490cd',2,'1467996710'),(168,'Barbara','eu.turpis.Nulla@auctornon.com','04 68 02 88 06',3,'84522c6839d6705af1752b47c85776c756e972c3',2,'765346091'),(169,'Curran','mattis.ornare@vehicula.net','01 85 74 50 27',4,'b015a67eac013aed5505c32a223d481f1d128e6f',2,'1748096625'),(170,'Cleo','Quisque@iaculisquis.net','01 26 21 54 64',10,'ff8cf990e827f96d99f37d0e5d066bf24164748b',3,'552103273'),(171,'Lila','turpis.vitae@a.com','08 41 73 71 18',10,'e54f79a438fec3ffb6be792f611a2f75ef30d773',3,'2123288212'),(172,'Amy','sed.facilisis@Sedcongueelit.com','07 41 87 78 55',268,'7aed34b6117c222bbdc05eef94cb45ca1d1ff5ea',3,'1303883821'),(173,'Halla','sociosqu.ad.litora@nibhdolornonummy.org','04 47 01 68 27',6,'3b0a0088acca8c351432bb1c8762e442b46be482',2,'428084231'),(174,'Ava','velit.eget@et.co.uk','03 34 42 15 20',10,'39824995a39cb73e6abbd1d5824ecba8abe03ec0',3,'1423109878'),(175,'Camilla','scelerisque.dui@atortor.co.uk','03 46 17 14 44',268,'fd24942df9902e9101b56e633d1689a6849295e5',2,'1823828626'),(176,'Fletcher','Fusce.fermentum@commodotinciduntnibh.com','06 34 64 25 84',8,'75426c2cd6b91b1ddd95043c55bad3445d801fa6',3,'2111450422'),(177,'Harrison','enim.commodo.hendrerit@sagittisplaceratCras.ca','01 59 47 55 45',3,'f09d5a3f5762c3a8685efc324f8185ddf9ae4128',2,'842017138'),(178,'Aretha','lorem@sagittissemper.co.uk','01 39 48 42 43',6,'bfe98dbe8b7c989cad329988474bec720e2c6ba7',3,'4384611'),(179,'Eleanor','vel.pede@sitamet.com','08 09 66 99 76',8,'5264d7cff3bd1a2b56106680a60b10b33d554b9f',3,'1843008898'),(180,'Madonna','sollicitudin@dictummi.ca','09 46 63 02 69',6,'6bb040a462ebc75e71516282144b5945eee2b4fa',3,'442366019'),(181,'Ignacia','ornare.lectus.ante@consequatlectus.org','02 91 98 42 30',9,'83d199c4cc6c818f3a1de3901c791b3ece0a7e16',3,'1183934724'),(182,'Tucker','pede@Cras.org','07 77 50 17 25',268,'b4184c933d8d132dc67db698fdb9c611e0c94580',2,'1669077392'),(183,'Clare','ante.lectus@sodalesMauris.com','08 27 31 76 19',268,'80e80775d297475d74762d4de621d328d5df557f',3,'408265718'),(184,'Chancellor','vestibulum@eu.co.uk','04 42 85 84 42',3,'3d1333dcd237d7dce319ddb10b29c22615219e2b',2,'1322143122'),(185,'Tanya','et.rutrum.non@ultricies.net','07 16 36 04 41',268,'c9ea33487d9f3ad3482ff4e249e64c782648f1af',3,'570803637'),(186,'Shana','felis.purus.ac@luctusipsumleo.ca','03 67 97 68 61',3,'0d76f69338f9fcb7394225c3333ed61d701872ed',3,'1410748083'),(187,'Clayton','et.magnis@pede.net','05 57 47 70 11',5,'4bd49551a5d736679f0808ee1e260954d03e4872',3,'1151765708'),(188,'Teagan','amet.risus.Donec@Aliquamgravida.org','09 80 39 36 46',5,'c1d09c231f1ba9b94b4af8bc281d87248e886a67',3,'1888147430'),(189,'Hanae','dapibus@fringillaeuismodenim.ca','05 25 19 50 61',268,'259c51fd6d26cace04ffc2e581067b31abdc6df8',2,'331612787'),(190,'Megan','in@egestasblanditNam.ca','04 32 73 43 11',9,'b440ce905b1f389c6846399dbab7450c6d9c5f60',3,'379071176'),(191,'Jemima','augue.ac.ipsum@nectempus.ca','08 84 07 57 77',3,'72e96858e8464523d4ee2e63ff6147bbcddcf89c',2,'950923930'),(192,'Christine','interdum@turpisnonenim.net','06 53 23 63 92',7,'447847e49705c0561049f823ce56a6ed5fefa9c0',3,'80520208'),(193,'Dominic','mauris.erat.eget@non.edu','07 35 32 81 69',10,'bf16bbeca489813f0664711db9ebec783ba2c3ed',3,'342401697'),(194,'Dolan','Quisque.porttitor@tristique.net','07 93 37 67 93',268,'f7f4230e2514d15c40cefcae8f44a15fddb75b4b',2,'606303148'),(195,'Robert','nascetur.ridiculus.mus@odioNam.co.uk','04 98 45 04 20',268,'ded418f605a286f5c91e3ee5b9b41ea8773ca929',3,'391777733'),(196,'Jack','semper.erat.in@iaculis.co.uk','09 94 46 53 47',9,'6281cd51fc303587cfb1ead59d9c703ae18ccfe7',3,'420518128'),(197,'Kirestin','cursus.luctus.ipsum@molestieSed.com','08 32 87 84 39',10,'55256fa2be5d3db5c4e3dc10c4392e0b373eff7d',2,'296273072'),(198,'Amaya','velit.dui.semper@Suspendisse.net','09 61 54 73 81',5,'880cfa4d9324cef19a7b2f3708d550b0e69ee2a1',3,'394967679'),(199,'Sonia','hendrerit.Donec@vitaevelit.com','02 07 18 48 88',4,'38fde96e0baf6abaa631a0f10cfb49039dd5a06c',2,'144612140'),(200,'Rhona','metus.In.lorem@consectetueradipiscingelit.org','01 47 33 38 53',268,'2d9ec293c3dc9084f52f286bdffa08ba74ef9612',3,'756634720'),(201,'Fiona','dictum@lacusvarius.com','07 85 31 66 77',268,'50b8e06b5ed2594c9e2a4b4698dec74a6c4f2b6f',3,'498042454'),(202,'Rhiannon','turpis@Cumsociisnatoque.com','07 67 24 99 76',9,'dd51f8ce0c48879846d219bf78d42c6c879597ad',3,'519467032'),(203,'Clio','vel.nisl.Quisque@volutpatNulla.net','05 40 52 87 19',6,'bf52921aacdc80ca877c9c7d998f921a42958ced',2,'1721919170'),(204,'Riley','rhoncus@NullaaliquetProin.ca','04 58 42 99 33',268,'74c3d63dbf85f4e9303bedefb92e51b5b6a79ccc',3,'539303593'),(205,'Rafael','eget@ipsumdolor.edu','08 74 41 02 50',5,'1145830de52c198781d9b0e8ad74149c2c9aeddb',3,'711516889'),(206,'Shelley','Morbi@NullamenimSed.com','03 97 22 05 83',8,'86d7c38bad1a65ad4f8416a704eb933fe484d461',2,'2040560636'),(207,'Nomlanga','Proin.nisl.sem@congueelit.org','07 51 83 52 80',10,'2c7fe2decc9601f8c98389cf5e371eafaaab0db1',2,'987042530'),(208,'Breanna','senectus@augueidante.co.uk','05 41 59 15 74',4,'4e6853d4678936d86e7dd34945d936c103b9517e',3,'1858093952'),(209,'Mia','convallis@adipiscingelitCurabitur.co.uk','05 43 66 25 06',9,'1731321b0b514c7544cb76b2124ee1ccaa0d6d3b',2,'1724723624'),(210,'Hedley','auctor@ridiculusmusDonec.edu','04 52 93 67 47',10,'4f805f98ee70c11d44ad4345ff34b7e4fb09e590',3,'248082234'),(211,'Pandora','Sed.id.risus@quisurnaNunc.co.uk','02 74 03 67 78',268,'5d473b04c9622ee824eac79708ec121fccac0fb5',3,'1934187814'),(212,'Brian','est.Nunc.laoreet@Integerurna.com','04 90 76 67 94',6,'b262fbd0870b76c3bb08cbb7ffeccb3e0d13e8e1',2,'48193809'),(213,'Hermione','tellus@ridiculusmus.net','08 77 86 87 32',3,'d4c2fab5a1267bdb89c2fce1380209a69da8baa8',2,'279165468'),(214,'Kenneth','leo.Morbi.neque@eulacus.com','04 02 67 59 02',4,'3a57f24aa7ebfd0853684501d5a6db385881a573',3,'603192350'),(215,'Dahlia','blandit@et.edu','02 69 12 83 54',7,'0dcb3556f51e98bb65179c8bae7e23c7741a6104',3,'1298578298'),(216,'Ainsley','dictum.placerat.augue@lacus.ca','03 26 75 50 30',268,'6c629f44651258690999433cc83111efad362fd4',3,'1884255097'),(217,'Adria','vulputate.velit@cursus.net','02 18 94 50 55',268,'e6ca22825894076e8f2443c738e858773d284283',2,'140879543'),(218,'Sydnee','et.malesuada.fames@nunc.edu','08 62 30 40 68',10,'a5f0a04b3d1aa5a0a97dccdce30c099769006964',2,'233315961'),(219,'Kellie','laoreet@aliquamiaculislacus.org','01 67 44 55 94',5,'3de4183f1d01390e6435166d5fd34d4d58ff1be8',3,'1985248167'),(220,'Tanisha','pellentesque.massa.lobortis@purusMaecenas.ca','02 98 32 55 60',3,'7e87adf212d98ca2bdecfa18578cb5d939f4d880',2,'1574920032'),(221,'Nathan','ultrices.a.auctor@Quisquepurus.co.uk','06 15 58 77 78',268,'d34acfd24e60df0595ff4a62e1650185f53e034c',2,'296338127'),(222,'Tasha','cursus@augue.edu','09 01 71 47 56',3,'68cf72f352492ca08377bbddc0becd7f12a8c6ab',2,'4906868'),(223,'Oprah','sapien@Curabitur.org','03 89 74 87 39',4,'b00b7a4f939d127d352d67a71ae0b2a8a913c67a',3,'948990461'),(224,'Claudia','sapien.molestie@penatibusetmagnis.net','06 54 71 50 31',9,'84368c7e411156d2bf9a05ce63b119b387ed1ef3',3,'438291466'),(225,'Hall','Praesent.interdum.ligula@purusmauris.net','04 40 89 60 75',9,'82af5b19c684d62cd1aeee9b3f12e83c43eee43c',2,'1820324759'),(226,'Nehru','natoque.penatibus@odio.com','04 31 04 02 52',4,'ff909989189603267b2d3bf0175f54ccba28a79c',2,'1115990916'),(227,'Audrey','tellus.Nunc@auctor.edu','06 70 04 86 15',7,'87327bb9c34b11a5026753cf97bfbded7537e59c',2,'463944284'),(228,'Connor','neque.sed.sem@Namnulla.com','09 65 78 45 04',7,'c8a292f7c083ae38c15c00fd7b1aa428be58f96e',3,'561932497'),(229,'Vielka','non@urnaNunc.net','09 87 64 06 45',6,'61956bf85f281d53d89083b0ed1325bd058810bf',3,'1294384754'),(230,'Ariana','tempus.mauris.erat@nonluctus.org','02 14 41 47 84',4,'949f6e4c56734025425e1bf802dd2883e971a06c',2,'982784781'),(231,'Iliana','lobortis.augue.scelerisque@cursusdiam.org','05 68 05 35 90',5,'55b083e5b6f03b994947bad4f9448e72d6c8c202',2,'71321126'),(232,'Avram','eget.venenatis@atpretium.net','06 92 98 04 54',4,'fa32cbf56a73d84b75ee55effbfb6272c7e9d1fb',2,'69128265'),(233,'Bert','aliquet.diam@tinciduntcongue.net','09 95 15 86 07',3,'21d61e3a0befdef7137c58ec38db684596707ec7',3,'490161402'),(234,'Eagan','ullamcorper.nisl.arcu@orciin.net','09 02 41 34 76',10,'aa361688aa592fd9f0ab8b947adcf85365cf004e',3,'1597208086'),(235,'Sylvester','In.tincidunt@Proindolor.org','01 57 51 49 80',268,'60c32b9087cd0d56ea37eeb93d4d68868e6cc8fb',3,'2050122856'),(236,'Buckminster','erat.Sed@nullaIntegervulputate.edu','03 77 64 98 86',3,'ae4a8015c734368046de0c86c7acac86e6a90205',2,'1119930611'),(237,'Aretha','lacus.Nulla@Aenean.co.uk','09 84 72 76 71',8,'24e8bc6fb13eb1cd2d796260b5a0b51eef5d02e0',3,'887187546'),(238,'Belle','risus@Sed.edu','08 06 19 84 91',9,'6a75781da5f59a912ae568b0698e3e1c45f82fc1',2,'1742318512'),(239,'Quintessa','sociis.natoque.penatibus@Craspellentesque.ca','09 38 30 48 06',5,'b6c987717f4557c356fb17ba3bad3d0a52c212c8',2,'1639885178'),(240,'Rudyard','conubia.nostra.per@amet.org','05 47 39 30 36',8,'c4605c81d0c9dd0f744c7f7e4b622a2e032101b0',3,'667085837'),(241,'Steel','mollis.vitae@ridiculusmus.org','06 51 48 20 91',7,'e8effc8dc57c5a4994e6faf327178a0b4ef08053',3,'1461640827'),(242,'Scott','Praesent.eu@lobortisClass.net','08 51 24 27 75',5,'e7e15ae6e37e3a153d670eb875a879eea29449f9',3,'177736624'),(243,'Macaulay','lacinia.Sed@bibendumullamcorper.org','05 18 72 58 80',7,'b27a6094360b18e38731e33979d7815b96910149',2,'1532200297'),(244,'Asher','massa.Mauris@dictummagna.org','04 62 09 79 33',5,'899dd288fc084fe5259f5e743e43a33440171b51',3,'323899948'),(245,'Demetria','gravida@AeneanmassaInteger.net','07 54 24 79 92',6,'7fa330136bb8a2d10bf336ea5eec138a3b677283',2,'924696165'),(246,'Carter','eget.dictum@ante.com','03 27 26 35 04',268,'e93989b4bfe9994fa2436c1b90118b9938f9a3af',2,'1709423526'),(247,'Hiroko','mattis.Cras.eget@velvulputateeu.edu','08 36 87 02 00',10,'8ef287c79c53ba907b5dc5942dcfae2024c47dcb',3,'1371582052'),(248,'Whoopi','turpis.In@semmolestiesodales.net','08 33 39 20 22',268,'06bf715c802f971bec63b11faa7e6b4a0efe9d08',3,'204720261'),(249,'Ignacia','Curabitur.massa.Vestibulum@nislNullaeu.edu','05 10 69 52 29',8,'336ac158d083ef061a8238dd0de15e3caae41f98',2,'661855722'),(250,'Roary','laoreet@nullavulputatedui.edu','05 28 32 40 71',8,'34bc3929d828b44985a48dac9709f32923ce07c4',3,'1913642327'),(251,'Uma','lobortis.quis.pede@tempus.net','09 68 97 75 19',9,'f69dc0708e259c11022709b460ac2b23807f7c07',2,'1222774530'),(252,'Laith','ipsum@nonummy.org','04 77 16 13 32',3,'37a0c735dde488a3f064f22e91169c58832a381f',2,'1290600159'),(253,'Serena','interdum@vitaesodales.ca','04 85 36 68 38',6,'77a82c9248806e15bafcbb4915535cf2e726938e',3,'1244624642'),(254,'Xenos','a.mi@gravidamolestiearcu.ca','06 31 54 79 49',5,'1ef9e44587ca138860cae42f4e0c8e637af92fda',3,'496125447'),(255,'Sebastian','est.arcu@ullamcorperDuiscursus.co.uk','06 79 12 98 85',6,'45b8e63a72f96398a2f5370cc7e9686290353cad',2,'1146739752'),(256,'Scarlet','sem.elit.pharetra@molestietellusAenean.org','09 53 64 86 73',268,'091d33441c4fba073bd7f58ae0b8990a858cc559',2,'1584307361'),(257,'Nyssa','ligula.Aenean@etliberoProin.ca','07 75 20 07 76',9,'1767acf31425164c04a62ca14ebf6821946c1467',3,'259556823'),(258,'Andrew','Quisque@turpis.ca','06 81 49 84 12',6,'cbe75a88b91df3fd45f6c5c50ca356387d06b051',3,'1770613091'),(259,'Naomi','lobortis.risus@mauris.edu','01 49 26 31 94',9,'62b801387c55a62586b86127d58c3614eb5c6e06',2,'1280246964'),(260,'Owen','mauris@Nullaegetmetus.net','09 69 94 34 93',10,'ff9cf21bed9df82fa3bad2993e99c683a8c700a0',3,'917020845'),(261,'Maggie','dolor.sit.amet@inceptoshymenaeosMauris.net','06 66 19 90 13',6,'19a50befde91bd27aea511a0a29e6a35f43c8fb0',2,'1854352332'),(262,'Jesse','vel.vulputate@velitQuisquevarius.ca','03 92 71 09 06',9,'14b6ac7eb76136eeb1672b3c4087b6ca76191d8f',2,'513176324'),(263,'Dustin','magna@euismodurnaNullam.ca','03 12 08 12 89',3,'7d57f0d7cbbf923efb6381e56004ea688f1d5ee6',3,'625180034'),(264,'Hermione','Donec@nisisem.co.uk','08 10 01 43 93',6,'0b46781480191e1aaceb79f5454f204a6f8ceb74',3,'801150551'),(265,'Melyssa','semper.et@eliterat.edu','05 38 31 22 39',9,'250cab018c3f6dfd06cfc9e49c64360f5a9ba477',2,'878208289'),(266,'Owen','luctus.aliquet@id.org','03 38 17 56 43',8,'9aa05ce35be0d0745e74b76e012be93116ac141c',3,'1877092699'),(267,'Darrel','nisi@eget.com','02 94 99 05 74',4,'ae89ee0f252e1a51d8e185bed8ed5b386f313992',3,'282148263'),(268,'Janna','tempor.bibendum.Donec@Vivamus.net','04 69 00 24 84',10,'a108fb79a09bc279e5528c0167efc6b102982fb9',3,'1632827578'),(269,'Jaime','tristique.pellentesque.tellus@laciniaorciconsectetuer.edu','01 63 57 15 47',4,'84ae546485c775bcd689ea498d4aeaa531f20a41',3,'450005059'),(270,'Ross','Etiam.laoreet@Naminterdumenim.ca','09 79 41 66 68',3,'950bc7105ecfd1ad48112d86260fff43beea8acf',2,'1016080935'),(271,'Kevyn','risus.odio.auctor@montesnasceturridiculus.net','03 93 30 73 87',3,'683db451a0bedfd64f1bd2d5e31d01ec4d3fe648',2,'956716613'),(272,'Travis','Donec.tincidunt.Donec@Sedmolestie.com','06 59 21 56 57',8,'c349643d982a31a82008cd1b4cf21d0506983bba',2,'365657506'),(273,'Isaiah','luctus.aliquet@Loremipsum.ca','05 85 61 08 67',4,'3c2b8801ed1c819ae269ebd8922e935d1acba1b3',3,'977549796'),(274,'Julian','Etiam.imperdiet.dictum@iaculis.net','08 23 86 34 56',5,'8c0169fd2ea7973aaec2b663ac111bfcb5e6db89',3,'1289757432'),(275,'Phoebe','erat.Etiam.vestibulum@dictumultriciesligula.co.uk','03 04 10 39 82',268,'cbfe1b66d5b3f75246b15ef44206e1b226ca50b8',2,'141618920'),(276,'Willa','sit@sitametmassa.com','01 74 44 93 88',8,'b61001f2e713cfff81d5af5fc54dc7d9e3598af7',3,'692267478'),(277,'Wade','luctus.sit.amet@NullafacilisisSuspendisse.ca','08 76 10 98 74',5,'ea4d22f7b55daa793d696a3d0985cbd47f24fe86',2,'1807083479'),(278,'Audrey','et.arcu.imperdiet@faucibusidlibero.com','06 19 11 78 22',8,'f2cf074e891515ec08f83152d6a8ccd42d716758',3,'596992812'),(279,'Ursula','neque.et@necanteMaecenas.net','08 20 40 79 33',5,'b995601128329ae149a8061d866d248e1563a149',2,'894798540'),(280,'Nash','eros@liberoProin.com','08 30 66 99 11',268,'675a886f3af49d80ce88daa67fa8782cd8449637',2,'2026778634'),(281,'Elvis','enim.nec.tempus@liberoProinmi.net','01 99 51 27 03',3,'ac8f44b1e8a073c9a51c93a8d944003ed12d0121',2,'1354533322'),(282,'Hamish','molestie.sodales@miDuisrisus.net','07 85 31 75 11',3,'78096551836abb6d2f7c4ce1a27aed19ce920b0d',3,'13893667'),(283,'Carter','Aliquam.rutrum@cubilia.edu','08 79 54 60 23',6,'5e2950b8da6d51077a56f0ac15e7e26f07e40b19',2,'1141494432'),(284,'Hasad','Duis.volutpat.nunc@eratSednunc.ca','05 44 12 60 27',3,'541cb1064d3d4b5f01b7f0719dfb9a25d70c685c',3,'136326474'),(285,'Wynter','nonummy.ultricies@Crasvehicula.ca','09 57 85 43 63',3,'493a2716f34dc5e0e4fd0d9f40ea40196378d319',2,'1676830297'),(286,'Azalia','fermentum.metus@enimcommodohendrerit.ca','06 32 40 90 15',3,'0780c13c429fb6ca4d06ad881a317f4cdb07985e',3,'1749389479'),(287,'Ivory','enim.nisl.elementum@tellusNunclectus.ca','09 15 50 96 86',7,'80552d90eb9d232612b30cade90b1d3c0b1ef498',3,'1586391457'),(288,'Jessamine','quis.turpis.vitae@Sedauctor.com','08 73 14 88 46',3,'fd149e3824db484b948b8314c8a75f0d68c1d4c5',3,'630574331'),(289,'Molly','enim@non.co.uk','03 26 75 61 84',4,'9bad71b50662af2e984752a6af176f1417dfd240',2,'2010318857'),(290,'Candace','semper.pretium@fermentumconvallis.org','03 53 62 34 38',10,'be156172b6e2f3de2bf1e34fe50a103e5a961a50',3,'1595288755'),(291,'Roth','massa@Sed.edu','03 88 73 65 78',4,'bac2169ab65892ced95a1204a38bdc9841876f7f',3,'1451005840'),(292,'Kathleen','ligula@sempertellusid.org','06 03 40 26 96',8,'331ad60db6684f5bd7c1afd2b4c45ea0f15bc505',3,'882043484'),(293,'Baxter','feugiat@nostraper.net','07 12 65 50 31',4,'f26d45e66a69ea6b7d815260f8c4740c768f4303',3,'832880308'),(294,'Bo','Aenean.euismod.mauris@estMauris.org','01 70 51 20 47',268,'2bf897b4ec7dcc8ef3676b92298988243d264095',3,'775270352'),(295,'Chaney','pede@enimMaurisquis.co.uk','01 29 88 66 97',268,'67061eafc885ca7b041310d44e40b35b7a17a214',2,'1715524339'),(296,'Vera','Proin@etmagnisdis.ca','01 28 26 62 52',268,'2368d066d8feff526a546764f109906ecb28b1b3',2,'893553912'),(297,'Berk','metus@Seddiam.com','09 03 92 50 90',7,'dd3c0a28593126fc8deb46f9e826ed7b7baf9946',2,'1574883770'),(298,'Cassidy','non.lorem@duiSuspendisse.com','08 94 11 40 68',8,'53ccdf7de100c605d6e03546a058e0c0bb67aa80',2,'1926278583'),(299,'Pandora','arcu.iaculis@egetmagna.edu','06 09 86 78 49',7,'8af9c7ee031f1cece4b8d60d3ce8f7f9595a6061',3,'223731738'),(300,'Rebecca','vitae.nibh@mollisIntegertincidunt.co.uk','09 64 98 20 30',6,'2632dce7029c384e6c160afeff8cf025e866e4af',3,'663071301'),(301,'Nicholas','hymenaeos@egestasAliquam.org','06 00 69 48 26',4,'30b5749f6b722f16d1bac43e4400ba62ca868d9a',2,'673840770'),(302,'Simone','tempus.mauris@et.com','05 62 32 01 78',3,'f0c75fd8eafdc70c0b9e53425439313c264498fe',2,'558245355'),(303,'Beau','lorem.ipsum@condimentumegetvolutpat.com','05 71 06 87 00',4,'b20f91d1ffe1da83304eba45e514ecae05ab6942',3,'891074278'),(304,'Grace','euismod.urna@risusDonec.net','08 05 13 08 01',9,'78a34a60773acf3366658550ec2a2a09294b24df',3,'691315920'),(305,'Marshall','non.hendrerit.id@Phasellusornare.ca','08 56 56 36 09',8,'ffab794a53f3a851d8ddb179daf51bcbbc91447f',3,'1927172814'),(306,'Giacomo','dignissim@idanteNunc.ca','04 52 93 63 74',6,'5c7c8b1d89b9be1b14d9228a743e476f49f654ec',2,'511232441'),(307,'Brenna','magnis.dis.parturient@nasceturridiculus.net','03 65 26 86 10',4,'f9d1f54d3378458e8f439abe1ba6e3a364170e88',2,'248714977'),(308,'Todd','Sed.eu.nibh@Suspendissecommodo.ca','01 89 77 15 30',6,'64559d0b39af65c96470c7f08fb2e004886783d0',3,'1091552696'),(309,'Aristotle','a.aliquet.vel@consequatpurus.ca','04 85 36 92 50',7,'b729ba72c019b907f89a69e12da1d9280e89a157',3,'1341263089'),(310,'Aiko','nascetur.ridiculus@Nuncquisarcu.net','05 86 47 17 08',6,'d790d56d5403d02401177684e52b1bc37f8441ed',3,'367614850'),(311,'Maxine','lorem@augueeu.co.uk','08 07 33 64 76',3,'7073197d00f803d930b4f286582cde43e6f7d3d2',3,'1060616154'),(312,'Buckminster','libero.Morbi@semperpretiumneque.co.uk','05 42 49 75 76',6,'b10330109a72b0e51a0dd1b3ec4c334b3b302612',3,'1111468202'),(313,'Kenneth','ac.eleifend.vitae@at.org','08 09 29 58 17',4,'4fa3e70515098b4d1cea4ac8759a9ca3f75be988',3,'1254168140'),(314,'Sarah','semper.dui.lectus@acmattissemper.co.uk','09 57 76 06 35',268,'ef262e7f690204caa69c43dc8f4d1af952598e4a',3,'66136713'),(315,'Karly','dapibus.gravida.Aliquam@semsemper.edu','02 14 08 70 75',268,'591c827b1e536c5ef9332c54d0f840077bf5c711',2,'174041085'),(316,'Jesse','est@Cras.org','02 29 73 41 99',7,'d9aafaecb0f98ab110e03fa429a924dfd499920e',2,'1283015614'),(317,'Xenos','eros@lectus.ca','03 34 95 70 05',4,'30b2f2e2a10596f2b8c6928b9f7d80592d5abf31',2,'41088633'),(318,'Xena','imperdiet@enimSuspendissealiquet.edu','06 87 40 48 54',5,'280ac31f5331b1e0ee8cb0c36595acb03c03e536',2,'514763858'),(319,'Dominic','dui.quis@eu.edu','09 21 99 15 73',9,'60794a0e6a8ebc6293a31666f0d7e5ba57c20520',3,'1049209323'),(320,'Gray','ridiculus.mus@etnetuset.net','05 94 93 46 73',5,'c7669cccf1c52a0794c982a3caed29c0abc0392b',3,'1928977485'),(321,'Eve','Curabitur@IncondimentumDonec.org','02 86 56 15 38',8,'f9807b7f882293c3b1af750f3dee4f0d8bfab4f2',3,'1720070522'),(322,'Elaine','fringilla.cursus.purus@etipsum.net','01 32 31 29 54',3,'0aee5d17df19b07ac52a90c8ff2a516d30a9789b',2,'1040393539'),(323,'Larissa','fringilla.euismod@venenatis.org','03 97 69 71 07',268,'7a0e1e6b24abc9bb5f0024e6f32ba33908de26b9',3,'385647271'),(324,'Otto','Morbi@blanditmattis.org','04 14 53 64 22',7,'6bca15cc8222499b0cbe2966fabf7b95771955be',2,'1495786561'),(325,'Ella','consequat.purus@Pellentesque.org','03 69 57 91 72',268,'a363eae10650d95152e513cf455dddd036e35bdd',3,'1066481430'),(326,'Cain','mauris.rhoncus.id@incursuset.co.uk','06 06 58 80 45',3,'5f6e189bccebf1cc07925042c8609055d57680c3',2,'1449314612'),(327,'Omar','Lorem.ipsum.dolor@scelerisquenequeNullam.com','04 33 79 48 84',268,'6d7237b506460a1919c46c660e9019ba3c44d7a7',2,'1900787258'),(328,'Molly','aliquet.lobortis.nisi@nunc.co.uk','05 28 08 32 54',6,'bdbe3e472e5419bc25c912d961b8cbf7ee503ca5',2,'1705854697'),(329,'Regina','gravida.Aliquam@anteiaculis.co.uk','08 43 52 22 57',6,'fd1a548b96f0db0703fe41c2f1b2ee037bfdf854',2,'1945748510'),(330,'Otto','tempus@pretium.org','07 68 21 05 17',8,'b292cc478abdb83eff994dd085acaf6754436709',2,'698461374'),(331,'Camille','quis.diam@ut.edu','04 64 58 06 47',7,'031a7cced76d8e572d79cc6c98ced557c0132859',2,'1845437946'),(332,'Thaddeus','ac.turpis.egestas@Inlorem.ca','05 43 59 54 08',8,'f819eff3ecd785ddc14e543e3bb3c92e89fef7d3',3,'140795816'),(333,'Macaulay','quam@Nullatincidunt.net','08 32 17 51 58',268,'5721bcfc439345971d6ba1e5d643bffc9e55b59c',2,'1483478321'),(334,'Reese','Maecenas.iaculis.aliquet@atsem.ca','05 63 98 86 52',3,'3910d625e93958898ffbb745325f494467d5da98',3,'1809034794'),(335,'Octavia','aliquet.metus.urna@dignissimtempor.co.uk','04 66 78 14 71',8,'422408b7c97f09f138d903250fda566659d919db',3,'233156355'),(336,'Beck','accumsan.convallis@dictum.edu','08 49 60 70 24',3,'12695740c5ceaa0d2509d265b001cd321866ee8e',2,'1616578213'),(337,'Norman','magna.Duis.dignissim@aliquet.net','09 08 34 81 51',268,'4dcac6235bc1839d3ac536124ff82bbcd34c7d4b',2,'1820987887'),(338,'Quinn','dui@velarcu.co.uk','09 92 55 14 93',9,'af53ef7d3748c09d1298d3dff5702393a4823b53',2,'1081031384'),(339,'Giacomo','elit.Etiam@Donectempor.net','06 91 42 75 14',6,'adcb3922633f6069189e342fba9b29a42c739195',2,'868730165'),(340,'Alana','Ut.semper@Loremipsum.org','02 75 03 89 43',10,'d912447775d1f31930389183ade0c9aeeec8689d',2,'491998740'),(341,'Armand','fringilla@mi.edu','07 81 70 93 17',268,'eee380997e717acde941f3f89a8ee4169bc0a9b4',2,'51107730'),(342,'Aubrey','libero@sagittisfelis.com','04 75 50 53 38',7,'1516f4e0d71e900d26366a8cd671cc4a0fcae9ea',2,'1214721761'),(343,'Gretchen','non.sapien@accumsan.org','05 45 10 68 79',9,'8f4f04859b339c85b6f9df2e68e7dd19da3cdc76',3,'1431502919'),(344,'Amal','lacus.Aliquam@quamdignissimpharetra.org','02 76 91 34 21',8,'015d4365d923bca01687cf9e65c3f8eb9cb8bbb0',3,'134234215'),(345,'Nero','Sed@scelerisqueloremipsum.ca','06 94 25 99 39',3,'5852f68c9c2ae07e44e3b21646696f4e92732368',3,'2040751800'),(346,'Zia','lectus.a@Nam.com','08 91 86 56 74',268,'058f91104a26d860bf2df9676101f47beb472de5',3,'1854999159'),(347,'Penelope','cursus.vestibulum@arcuvel.net','01 42 87 48 40',5,'6e14692e936cef0d94ace0d9256f8f7f4191f19c',2,'1462359987'),(348,'Selma','Nullam@lacus.net','08 27 59 28 35',3,'f0ceecdfc8e3d79153b59cdce206ea7fd94cc52b',3,'1199808226'),(349,'Arsenio','vel.convallis.in@per.ca','03 02 26 57 03',6,'8819e5d6b00c586437396f825f27c09c20068693',3,'537687949'),(350,'Matthew','a@ametconsectetueradipiscing.com','07 64 99 98 30',10,'f1576456cf4a77af2be6fd4d5ab8bf68878a00d1',3,'1076025'),(351,'Laurel','Nunc@DonecfringillaDonec.net','03 26 19 21 25',5,'1fee323df11dd5b47b6501c55de21eab45efbfe8',2,'1767771214'),(352,'Skyler','ac.ipsum@a.edu','02 96 56 24 87',8,'69ccce4b0ab78079198ca9f4c740fe70675a961f',3,'869256572'),(353,'Jakeem','Donec.felis.orci@at.edu','09 43 85 09 12',4,'77d289fa1c2ae0a30fcd4ff5c1b5986db6390877',3,'980505665'),(354,'Paula','tristique.senectus.et@laoreetipsumCurabitur.ca','02 00 38 42 13',268,'4aec2ccabbaa1e02d2fd0b69cf224cb10af295ce',3,'299814310'),(355,'Ivana','nibh.enim@Morbi.net','06 78 91 10 44',268,'d8fb598f6785f3b11867a10d368a060660fafa87',2,'941352766'),(356,'Emi','massa@Donecsollicitudinadipiscing.ca','08 93 16 80 38',7,'1112452ffe8b7614427481360c20d3e06aa21200',3,'1036230440'),(357,'Dylan','ipsum.ac.mi@non.edu','09 88 94 19 06',5,'cc295ded5261a2cb2a9a6fe9f44e4cebfd0e1271',3,'536609178'),(358,'Yuri','Sed@eunequepellentesque.net','08 72 41 77 94',8,'74e8311c43c5cdeb9c7091c1f0a931ab55c9e01d',3,'868234420'),(359,'Alexa','magnis.dis@posuerevulputate.ca','03 49 07 69 15',3,'badbcbf343dd592854783037d8d304db06706d09',3,'1315425541'),(360,'Malachi','dictum.eu.eleifend@ante.org','07 10 01 54 18',9,'e09d30e6bc90c9b2e4c1cd6378e86818e498b6cd',3,'1838543292'),(361,'Dylan','ac.feugiat@risusodioauctor.co.uk','05 84 56 12 44',268,'0cbcade9c2597d7ebf9ea8dd78dc9def205080c7',2,'864126531'),(362,'Lunea','porttitor@facilisisfacilisis.edu','01 52 58 61 80',6,'75042dd3219eddea9ec1f78611defc22fa05c53e',2,'1260686869'),(363,'Emmanuel','ligula@nisi.co.uk','07 37 85 57 52',6,'9354156c68c0ce2be1e1064bd33187947c2155bd',2,'1798017916'),(364,'Ria','semper.auctor.Mauris@perinceptoshymenaeos.co.uk','04 76 13 70 49',268,'ad1c8aecf7a413444f648952bedfd94dd7b2dbbb',2,'1443342844'),(365,'Idona','a.facilisis.non@hymenaeosMauris.org','04 45 66 77 93',8,'de077e95c28218dc2fc069d4a3841b54b2e5b69a',3,'1431210776'),(366,'Geoffrey','lacinia@gravidamolestie.net','06 97 05 13 90',8,'f0a68df9d066cfe343f89188c0e8932ede4343df',2,'1086668040'),(367,'May','augue.malesuada.malesuada@sed.ca','07 83 91 16 94',5,'0412f251ade583504c1cc0d9f9529047a745af6b',3,'1764091285'),(368,'Odette','Praesent@sed.ca','08 73 64 51 66',5,'145e6f423529b6a518dfab13a821c8df042e2e18',3,'1452718327'),(369,'Rafael','dictum.eu@Vivamus.edu','02 72 12 59 99',9,'657c57fdae72a7d221951bb6fcc2de7882611dbb',2,'2010002951'),(370,'Mechelle','neque@eutemporerat.ca','08 07 97 09 31',10,'08d3c8e2db8723b8500922f925e78ac4afe52c76',2,'1759383506'),(371,'Kasimir','mollis.non@risus.org','07 00 49 00 63',268,'156c95d88a17807768c2462728275fb6e2c028b2',3,'1695224927'),(372,'Brian','egestas.a@hendrerit.edu','04 44 23 58 20',268,'c16d1ad1b05d5fd50a03d6aefd3a8778cc00d638',3,'740733155'),(373,'Renee','faucibus@in.net','06 18 07 97 28',4,'b2f1eb4ee7824ded26ebc7e99fbb59ad42599715',2,'789839959'),(374,'Jillian','imperdiet.ullamcorper.Duis@leo.ca','07 64 57 73 14',8,'4a7dca1cf2ad5af675f6a9ffb8784f58301bf5e9',2,'1755962275'),(375,'Fay','sem.egestas@eratvolutpatNulla.com','05 98 29 79 98',4,'1aa1605970c6624bbb7d3a1b73aab25fd71ece81',3,'842290130'),(376,'Hakeem','Suspendisse@liberoest.co.uk','09 24 24 12 33',268,'359248d3b759eb6731df8d32c1be14f0d768fa93',2,'1169329671'),(377,'Geoffrey','Morbi.sit.amet@estmollisnon.ca','07 03 24 01 02',6,'fcf272194d7b50c907094b57f04ba5d3155bfff4',2,'1688147947'),(378,'Lara','mi@ac.ca','05 72 05 30 71',268,'435e8fbb8e045793373f904b2ff958b7e768b216',2,'495034553'),(379,'Leigh','mollis@tristiqueac.ca','06 45 56 18 64',268,'f5ac14ec12d84d8eea2f21ac07b342fedf728e5a',3,'888233862'),(380,'Aristotle','vitae.orci.Phasellus@mollis.co.uk','09 70 15 18 83',9,'58d3934e9401d6b03b0e7deb1aebde9113496dd8',3,'667639426'),(381,'Blaine','Donec.dignissim.magna@Fuscealiquetmagna.com','05 18 82 00 20',268,'7d3a77de555a9180908d25150e4caed315ba8b8c',2,'1587409152'),(382,'Bruno','velit.justo.nec@ullamcorperviverra.com','05 78 03 14 71',5,'f299683c633bd05a9743aab0f7a3667a5d23a7e5',2,'225197136'),(383,'Tanek','aliquam@tempor.com','07 23 00 30 38',9,'c78cd4de629d4e6c806789482df8029414e25412',3,'1142583881'),(384,'Kirby','eu@Morbinequetellus.co.uk','07 29 89 60 85',3,'e2500199a62aa60bafc9b7203e7a580c6af8e64c',2,'1721293957'),(385,'Blaine','tristique@quis.com','02 65 31 60 28',6,'fe39ab66012beafb24a1ca627ebe1667ee5cb158',2,'1708239344'),(386,'Laith','ipsum.Curabitur@antelectusconvallis.net','08 08 04 56 18',5,'dffb889abd2bd093301374048579ada9f98b2efd',2,'1142212030'),(387,'Omar','eleifend.Cras@nec.org','05 84 07 93 83',268,'769367e32be4ae8e362de3d4fd7b56198c7296d1',3,'266102842'),(388,'Ora','lobortis.risus.In@ultriciesadipiscing.com','03 47 97 46 04',4,'603baa67a4c05b7d1068ad89bd637882ea4bd8a4',2,'1238229376'),(389,'Felicia','ac.tellus.Suspendisse@tincidunttempus.ca','06 06 11 08 03',4,'40476b5330c6839c834828f82583176cac3fab17',3,'1083110382'),(390,'Angela','amet.metus@Nullamlobortisquam.ca','04 32 51 73 38',268,'be9a519021636625b654e5e7d80f1d350a80e73c',3,'699308404'),(391,'Vaughan','suscipit@faucibus.co.uk','03 34 68 91 42',8,'032ef70b66791ee79e0da7e97643c6c2da6f74a0',2,'1384177720'),(392,'Jeremy','eget@erat.edu','07 91 21 48 63',3,'1eae405cbb2d236fbac23659d3b1463d50ef0eb7',2,'53550834'),(393,'Alden','nisl.Maecenas@pellentesquetellussem.net','07 06 27 04 53',5,'fb205b48b5116c8704e1a7a503d97fae7e64ca4e',2,'962986079'),(394,'Levi','nascetur@urnajusto.com','01 84 65 83 50',6,'3b22d8b4a3df8f1b1e0d53841d2aaba0724d4a4b',2,'1931147979'),(395,'Igor','sodales.purus.in@arcuet.com','07 60 29 08 39',9,'9e9e3a15e335981e5fa404d838fb7eb48aa54ab0',3,'1399182401'),(396,'Kimberley','urna@turpisegestas.com','02 75 17 37 18',268,'a6f9136bf9c03edb73f534a62b3a7b3d5eee9461',3,'1490976188'),(397,'Rose','rutrum.magna@sem.org','06 69 67 64 89',268,'b7cf82921cd4890110ecbf3062e6de98f1a08d65',3,'1650055243'),(398,'Amir','ipsum.primis.in@in.org','07 31 85 93 07',3,'78dab504a6a81a30006eacf64465be68d995161e',2,'298348747'),(399,'Ammos','ipsum.Suspendisse.sagittis@fermentumvelmauris.org','02 20 73 65 93',268,'27da635243afd16ec761fefa215628464b27cffe',2,'1972601416'),(400,'Kennan','tellus@eu.com','04 09 81 22 67',9,'024d1c4369230b33940c4a6401f3b8e325999e85',2,'1361603236'),(401,'Orla','per.conubia.nostra@lobortis.co.uk','06 85 61 89 26',5,'561c9403f70dd4c39b5c7f19134a2d9b3011e818',3,'310988106'),(402,'Olga','eu.arcu.Morbi@ProinmiAliquam.edu','09 66 58 75 93',7,'6ad8840b889b9bbc41434daab1bc1329f6f97bb9',3,'1529597493'),(403,'Gail','sagittis.felis@facilisismagna.org','01 97 99 99 29',10,'f7d0ae345935e4749720005b819e071d2488df13',2,'283337400'),(404,'Lenore','a.facilisis.non@dolortempusnon.com','03 82 48 83 51',7,'ab1d874a62307ae6efebcba31e3a33b483eb9665',3,'816945201'),(405,'Nina','velit.dui@semmollisdui.co.uk','04 57 82 67 53',10,'05d56a518e1c24e1210c16152b9ad742dfce91f9',2,'117962420'),(406,'Anthony','vulputate@Suspendisse.edu','04 70 21 72 98',5,'cb768dffa7750c6c4227cb451ccad7b791e25ae6',2,'197112315'),(407,'Jana','id.sapien@Quisqueporttitor.edu','03 88 44 36 65',8,'616d65ea46588f793d9754bf9fe5ce132ef1d223',2,'1061252993'),(408,'Finn','malesuada@facilisiSed.org','03 49 92 26 94',4,'c8a6c78be9dc3a02d8d7f3e19fbaba285447c72e',2,'320433252'),(409,'Candice','bibendum.ullamcorper.Duis@ornareelit.org','04 55 02 45 59',268,'b623ace347c8f3f950585764aef4d016b06d1523',3,'1263304096'),(410,'Vivian','penatibus@nec.org','06 68 58 28 48',8,'4a43590460a09a51f3631f3d6b83d0492d1e67c1',3,'1858402844'),(411,'Isaac','dui@ipsumPhasellus.net','06 68 70 15 49',10,'9920a5fe81300e08eb85da7b4ff0a796838284b0',2,'380082319'),(412,'Uta','vitae.orci.Phasellus@sodales.org','09 81 99 92 95',5,'9d070fb5fcb139efbce8feff1ccd8996ff621ec5',2,'1140226065'),(413,'Hakeem','velit@Utsemperpretium.com','05 50 78 76 70',6,'fd8a7cff8da0ad145b572f38d57e8342464431ea',3,'440579916'),(414,'Troy','Maecenas.malesuada.fringilla@dolorsitamet.com','01 29 44 18 79',268,'402f2b64fd472deb0f90e866cbb794313617f38f',2,'808473026'),(415,'Natalie','ornare.lectus@Sednulla.co.uk','05 25 43 11 67',8,'b07feb6de09dc550d8e9757bc06b74579cff5d95',2,'1048053914'),(416,'Kelly','Donec.tempor.est@In.com','05 41 19 02 03',8,'78b7cac697c63f4b6366bcf5eccecbcffcc42419',2,'1645862156'),(417,'MacKensie','Quisque.nonummy.ipsum@penatibusetmagnis.edu','07 97 99 81 30',268,'554c8722fa57f839d4cd947626795e73536e417d',3,'732239654'),(418,'Anjolie','ligula.Nullam@vehicula.edu','02 18 94 89 54',3,'25dd144e39478d4018b7bfbb684bc24b6f2a63ec',2,'294654224'),(419,'Alden','Proin.sed@cursus.org','07 54 71 06 55',8,'3a72003978aa9df5eb51ee7b0ce0f85b1e00e830',2,'1807559826'),(420,'Walker','mi@sedfacilisisvitae.net','01 46 80 04 25',10,'bd83245d462d9007e243bf361b4e91ae18be9690',3,'1227863732'),(421,'Aiko','augue.Sed@maurisaliquameu.com','09 51 46 52 95',10,'4b20eb8559bd6c16867aae82aae2fe879a2491c4',3,'86764300'),(422,'Christen','Aenean@Nuncullamcorper.org','02 25 21 73 95',3,'fc87138714ba0a97cdda47db4d736afa974829ca',3,'375777853'),(423,'Libby','aptent.taciti@ullamcorper.net','02 32 25 58 05',10,'cc2f3d93995bf3be8b76b04d818ade31228eedba',3,'926470862'),(424,'Imelda','velit@euneque.edu','02 53 37 90 55',5,'7d8354b9ddd029999545275ff2b236a1c698470e',3,'2097262261'),(425,'Philip','amet@liberoInteger.ca','06 27 86 58 46',5,'02d692d8c4ee8ede24276393e808c12964895701',3,'214592645'),(426,'Florence','gravida@pellentesque.co.uk','09 15 08 40 33',9,'caf6b5101058198cdccaac63e9615e22fd8cce8e',3,'973294738'),(427,'Evan','libero@Curabiturconsequat.edu','06 67 43 24 05',8,'06bdbda1d09c3896c803909271e866f65956fa7e',3,'1863318325'),(428,'Boris','augue.ac.ipsum@parturientmontesnascetur.com','09 29 77 30 47',5,'c6b1af1197152baa44068dcbdd6db5300757add4',2,'714242172'),(429,'Hanae','a.malesuada.id@molestie.net','06 98 96 38 58',8,'9c60166bdc81fb2e9612aef3cb0fba409b86fda2',3,'2058951505'),(430,'Darryl','Morbi.metus@nec.net','04 79 92 08 51',7,'fa2a851fb60010c9bdacd81ebcf60f72867d6006',3,'1507504327'),(431,'Leandra','nibh.sit@Integer.com','04 10 42 85 16',3,'8888007215f0abcb24003c4557e4e7f7d81484ff',3,'158451356'),(432,'Rose','consectetuer.euismod@tellusSuspendisse.net','03 16 18 35 91',268,'3aeb81f8a9ce92b7e834d5ef4a0e21db3396de88',2,'2136148874'),(433,'Chaney','lacus.Aliquam.rutrum@nibh.co.uk','06 57 44 75 99',5,'4904b903c2f13063ccf2b43689593127489e8b53',3,'677478296'),(434,'Debra','amet.massa.Quisque@quamCurabiturvel.ca','07 63 95 02 03',3,'fd4d14fa36a94f284c0b560b0374ea8fb0d27a2e',2,'720758041'),(435,'Chastity','Nunc.mauris.Morbi@acturpisegestas.net','05 27 30 82 78',268,'ffe6dcdc5b40ae7798775f29c8516363ee715b45',2,'971426723'),(436,'Jena','parturient@eget.com','03 37 92 82 45',7,'8e8731719dbdbb7de7feaea475641224f7704023',2,'865105373'),(437,'Cassady','Cum@auctorMauris.co.uk','09 88 63 10 63',4,'039fab50de8c9da97572ff7e94441ef300f88b59',3,'1654608793'),(438,'Whoopi','lorem@variuseteuismod.co.uk','07 57 01 24 67',6,'46281cb28f11231bd136368a85cfb1736aeadff8',3,'1686028340'),(439,'Kaye','dictum.ultricies@vitaealiquetnec.ca','04 23 43 43 63',9,'40e26e97a44ffc956c8cd9e2f0144e3790e2ceb6',3,'1038036757'),(440,'Theodore','augue@commodotincidunt.org','02 09 09 57 68',4,'bd812d7a924b0fac2bdb2075ef6068c95fd4378f',3,'5214883'),(441,'Geoffrey','sem.vitae@eliteratvitae.co.uk','01 72 46 84 29',268,'f0f930c4085f45166ee7d0ec1e6fea3b990f1d2d',2,'997359597'),(442,'Brynn','quis.accumsan.convallis@eudui.ca','09 20 91 43 51',6,'f0f00e56e6fcd8d878d98b015f66b65dca737337',3,'1752546834'),(443,'Aurelia','sociis.natoque.penatibus@a.ca','07 82 08 40 99',9,'f78f89cf218dc4c098fa72f7502d9e0fd3266305',3,'1990684553'),(444,'Gary','elementum.purus.accumsan@ipsumdolor.org','08 30 35 33 28',268,'6a57b7f02dbba63238d2d57ddb5e73ef54534f8c',3,'1487184615'),(445,'Wesley','tellus.imperdiet.non@eleifendnunc.org','02 77 24 97 60',268,'ffcf6a7abd5c9416a7491a051aa277f5f5d91321',2,'307144012'),(446,'Quyn','nec.orci@neque.ca','09 20 42 39 72',6,'d8ccaeba4331b244505f099ea9be80a9cd53def6',2,'220400846'),(447,'Quyn','nibh.Donec.est@nec.com','05 27 19 01 90',6,'610784c6c88167a1065d3442c48cf5f07987b299',2,'1563375059'),(448,'Veda','sit.amet@lacusvestibulumlorem.co.uk','07 13 72 38 16',268,'1495bb8001a9635c97251758535f57fbc4100986',3,'2132002306'),(449,'Upton','gravida@diamat.net','08 14 96 36 66',3,'74f46076f5c352d697733b185733857054e6d91b',3,'1618679037'),(450,'Byron','velit@euismodet.net','01 60 10 77 67',5,'ed3aa0296f76b7d1265bede545e29e72a0fdafa7',2,'200730380'),(451,'Echo','Proin.eget@hendrerit.ca','02 21 93 86 91',7,'aeba699481b654f266075e8a72faf8772445894b',3,'1351509414'),(452,'Zachery','Donec.dignissim@erat.co.uk','01 97 77 65 00',9,'cc63882ee795a1e50d1330507b6efe2feb48f521',2,'632842616'),(453,'Bree','eros.turpis.non@auctor.edu','03 24 03 82 64',6,'06fcf29e48f9d37a802e301915621c4bca1182e9',2,'2057091991'),(454,'Wallace','lorem.eu@diam.ca','09 02 76 91 57',9,'1c42714a50d197ebd0ea777327c64d811d2ab3fa',2,'1425908319'),(455,'Dillon','dolor.dolor@sitamet.co.uk','03 92 47 66 00',8,'1e8aa772a5f1218c8b59c23443622bd403b05eb6',3,'1705841742'),(456,'Chanda','ligula.Aliquam@suscipit.edu','09 88 40 47 42',7,'6ee8039aa71e4791eadba42481f1592a63fc739c',2,'187796940'),(457,'Hayden','elit@Integer.ca','06 21 18 92 09',6,'1a14ac45d817d625d1ede0172c544f9a6f31f866',3,'2098912868'),(458,'Yolanda','Fusce@aliquetodioEtiam.edu','05 07 10 14 17',9,'adc47e56c5493e7ce58d6ed280081d14dfd6523a',2,'341868822'),(459,'Libby','fringilla.euismod@purusmauris.co.uk','09 13 61 17 52',9,'4820952d8cd6911a1924fde0765df267384260d2',3,'746626672'),(460,'TaShya','et.rutrum@mattisInteger.edu','02 16 04 19 51',9,'8f3de75299cf95cd56c20b33cacad3ead59e659f',3,'1986443266'),(461,'Stewart','dapibus.id.blandit@Duiscursusdiam.com','04 96 10 64 73',9,'ef239da6b534de7627639adea961ee27249e27db',3,'839780345'),(462,'Kiayada','pede@quispedeSuspendisse.org','03 90 17 84 96',5,'3d670f5f4afb0e69a16a34802a508fa7b46d0ed0',2,'1765521876'),(463,'Odysseus','tincidunt@arcuSedet.co.uk','02 64 01 89 99',268,'33c7d510f754c1c0d37045ce4e8908f0c0ef05c0',3,'413233110'),(464,'Amery','enim@euismod.org','09 97 73 44 23',268,'f02b87b6d0ec9882ca980d1b24dfce199f7ab065',3,'977782380'),(465,'Colt','diam.at@eget.ca','01 28 41 60 72',5,'04b8f64e8a550228db24329ffda3b4d2a59e4e13',3,'1748177645'),(466,'Quinlan','ante.lectus@augueeu.net','01 05 36 74 55',3,'0cb335471091f5e130c430207920dbf658251002',3,'1612630583'),(467,'Drew','velit@mienimcondimentum.co.uk','04 91 18 22 93',7,'b2b4472267a448e92a9ffad9fd1c66a398ed6867',3,'2090008780'),(468,'Savannah','porttitor.eros.nec@Praesentinterdumligula.ca','01 68 16 40 65',8,'edecf048fdb12624655f33fde0b4f2d7217a4daa',3,'1702475229'),(469,'Lane','a.aliquet.vel@In.net','05 63 83 20 94',6,'7151dcca2984248338b97b23474e3b1969f79ee7',3,'814530938'),(470,'Edan','rutrum.magna.Cras@eget.net','08 11 72 57 56',268,'628d863fc9e93b1015f119a2503d64a217979789',3,'1535419680'),(471,'Ina','non@DuisgravidaPraesent.org','01 13 35 13 55',3,'2330912b449e591cf6e4eaabcffae85b25d68878',3,'1023207554'),(472,'Hamilton','Suspendisse@eu.org','06 32 00 83 99',3,'96b561cb8981f1edd452151e40bd70c208fd61d0',3,'1058085727'),(473,'Connor','cursus@luctuslobortisClass.org','09 35 87 46 90',7,'4be418e32ae8a0fca3ac20626656950530ed853c',3,'1369445297'),(474,'Shea','in@feugiat.edu','08 04 48 87 79',5,'efbe7ea0085dfba8d2be472cea54fd2b2d4651c1',2,'1331525178'),(475,'Merrill','sem@tortorNunccommodo.org','08 82 66 42 82',7,'da798a76dea5da34b631bb7c066754e2980c88af',3,'778752839'),(476,'Bert','lobortis@risusNunc.edu','02 41 28 68 10',6,'981995562a5d9bdf196e5f072e3f85694c4a8e69',3,'708351708'),(477,'Shaine','Aliquam.tincidunt.nunc@velmauris.ca','02 36 43 98 22',9,'de82e55bca53d6edde680374630806fa6022318f',3,'1051150349'),(478,'Vernon','ante@convallisdolor.com','02 58 49 60 93',268,'d63d62ee9f92e53beb5bc73d220bb9349eaf3ecd',3,'325181817'),(479,'Sonia','magna.Sed@diam.com','04 03 40 69 90',7,'a4e70e4008f08c91dd9f42c11982ab4c0278959b',3,'868509663'),(480,'Kitra','pede.ultrices@et.edu','08 64 10 11 60',7,'56d4d478b1ea0ce96b6d66706f9843e918f47504',2,'561068363'),(481,'Darius','imperdiet.ornare.In@lacusEtiam.org','05 09 78 88 52',5,'23cfa28ae0a22f9f35ca6f6f9092159c312b0af8',3,'11812197'),(482,'Ivan','tempor.diam@Donecnibh.co.uk','06 65 05 50 77',5,'3324e3bddf890ed7ea37fad5428f4976a1f56dbb',2,'246144634'),(483,'Chiquita','vitae.nibh@vitaeerat.ca','08 52 51 40 11',10,'4a1a89e0fb2dcca757f3a838fd290cbc90fa21ae',3,'381973828'),(484,'Russell','lacus.varius@urna.com','03 90 42 35 92',8,'996bdaaf97875dbed8480aca0ac6dbdb1a656820',2,'1074807809'),(485,'Emi','interdum.Curabitur@nonummyFuscefermentum.ca','07 91 75 47 46',6,'106ee45e327e2d338c9616f0fc5271a04ef3b002',2,'1142663437'),(486,'Myles','tristique@Craspellentesque.net','09 48 87 99 19',8,'ee4b0d2911cd6587561e7c686fe022276fef151b',2,'527218458'),(487,'Cole','enim@vitaealiquetnec.com','09 31 61 01 37',6,'3e2373d754ddd7a12dec917d924f56c86a0b56f5',3,'1175020616'),(488,'Melyssa','vitae@sollicitudinadipiscing.co.uk','02 69 08 45 70',6,'babd7d55dcb7e5a90389b03d727a751e9f1fc2da',3,'1849054307'),(489,'Levi','a.arcu.Sed@estac.ca','02 81 71 36 76',10,'a83bfb18fb793afcb058f4a0f57a6a9a69ec7047',2,'654507400'),(490,'Grady','euismod.et.commodo@velvenenatisvel.com','01 72 60 36 46',5,'550dafa1cab29cc7cb3baae799ca33bc07aec797',3,'2031142878'),(491,'Malcolm','malesuada.augue@hendreritconsectetuer.edu','05 30 46 35 77',5,'60007b625e543681f3eccca3649491d309c84509',3,'1480406777'),(492,'Dominic','velit@metusInlorem.net','01 35 66 56 52',9,'76b27b5a2fd611d86686494aaa8b3a1c0fbeb2f6',3,'304632103'),(493,'Addison','Maecenas.libero@accumsanconvallisante.com','03 02 26 74 95',3,'abfb111a8782c3028ff5d6d8cf33651b3d751055',3,'1591047515'),(494,'Zoe','luctus@eutemporerat.co.uk','07 43 63 91 21',4,'3976e85c918045fd824872a4070ee56284e464e2',3,'1469187498'),(495,'Susan','ultrices.mauris.ipsum@necquam.co.uk','05 68 78 53 86',8,'e1a5892d343ed378586c288edc8f2bc95b6180d1',3,'995450309'),(496,'Stuart','sed@Inscelerisquescelerisque.edu','06 48 28 61 14',9,'6383e79b0c31d5bd1a90a1492116ddcc34acf253',3,'1107060952'),(497,'Malcolm','facilisis@Nullamenim.net','02 53 91 83 35',5,'0e4621489bcbe30e1654ec3fa10e85a5619cd1c8',3,'1515995000'),(498,'Joseph','consectetuer.euismod@ac.com','03 92 16 06 81',4,'8f122f8b543f3665c3950066b5e0713175a0230e',2,'1568822767'),(499,'Gary','vel@Aliquam.com','09 26 76 10 28',3,'ace884fcbd7b2b22a9bea87e9aa2c1b6938f3e6d',3,'1299356029'),(500,'Igor','cursus@egestasblandit.ca','05 30 45 57 99',8,'23a212e607a356e4a2486c09ad2167b3aa34cfa5',3,'26181463'),(501,'Jana','In@turpisnon.net','06 66 42 28 33',9,'fa124f0e3a537f07645e4039987c8260d225908e',2,'601121788'),(502,'Burke','vitae.odio.sagittis@sed.co.uk','04 62 99 87 33',268,'ef0bf5bad67c3a359d1c3231e653648af65f428a',2,'1734437792'),(503,'Dominique','Donec@vestibulummassa.edu','09 28 01 60 36',5,'0894e9a1b476540302cc2c4ee0ab1307faca6b5d',3,'1234596853'),(504,'Thaddeus','accumsan.laoreet.ipsum@aliquetnec.org','03 13 78 90 37',4,'a0aec050cec6d229b326e0d0bdea0b3b7a429cca',2,'679175349'),(505,'Ulric','nec.metus.facilisis@hendreritconsectetuercursus.co.uk','04 33 85 79 18',268,'a38eced1fe15bd338a8db39006b5847805479b99',3,'847393107'),(506,'Nerea','cursus@habitantmorbitristique.edu','06 43 72 02 58',5,'c9367a066cb254edb5d7677b843c2c57b9596214',2,'241388133'),(507,'Vivien','lobortis@iaculis.co.uk','02 28 21 26 30',9,'08d5eceabce5cab9c3cc754f1578f36743720b59',2,'136174053'),(508,'Silas','dui.Suspendisse@ultricies.net','06 93 65 16 57',10,'a0e3876ba62b21495219a808bd4ac9bd52e0a3c0',2,'1441071894'),(509,'Medge','vel.arcu.eu@odio.net','02 70 11 99 50',3,'9ffbba5fd91a1271504735052b030e14fe346148',2,'956365893'),(510,'Dominique','lorem.ut.aliquam@adipiscinglacusUt.edu','07 96 25 62 87',9,'0a7863a6b37ae9177a0b3c03df4a87a88cdf0eca',3,'2074715705'),(511,'Ariana','felis@a.net','06 56 64 74 64',7,'e00cad2ed9d707f94dfe2d13a87daf9b598f6b88',3,'20383344'),(512,'Pearl','massa.Vestibulum.accumsan@quamCurabiturvel.com','03 28 80 93 69',6,'dcef114e16b54052bae047efe9af14cf780a71f6',3,'706828821'),(513,'Hanna','neque@ipsumprimis.org','08 62 27 44 79',268,'884dcc41041ced224b4566298b2485342d17e66f',3,'1395078951'),(514,'Ciara','Phasellus.elit@leoCrasvehicula.ca','05 85 26 48 46',5,'0528602212253435d5b9c720774db846178eefa4',3,'1855867956'),(515,'Jeanette','iaculis.aliquet@ipsumprimis.com','09 99 68 83 99',3,'95257df204345ab1f031d6cc9fcd423f83bcde34',2,'1364195205'),(516,'Charles','fringilla.est.Mauris@ullamcorperDuis.ca','04 71 16 54 22',268,'3ab58b3f2788a037f710a41a27a6ab54ad315340',2,'2105730742'),(517,'Abraham','senectus.et@aliquetdiamSed.co.uk','06 13 53 77 19',10,'251e073084f9041f35e23f0d1de320879ac1be0d',2,'451188621'),(518,'Barclay','est.mauris@vulputatevelit.org','09 74 63 17 29',268,'d29a0e498ac621273da970487478690c52558709',2,'56801090'),(519,'Mariam','sapien.imperdiet@congueelitsed.ca','06 78 76 55 96',8,'abba8889d9dd777588f0bdcb9c9ea00ef52adc3c',3,'1553000921'),(520,'Emery','Maecenas@aceleifendvitae.com','05 18 89 39 45',7,'1bd22cab290560482809028d3856e1855c26b432',2,'405259562'),(521,'Libby','ornare.Fusce@libero.org','09 63 14 26 23',268,'0c1a03a38fd4f02ec77ebabec2b77945bbe614a4',2,'561620201'),(522,'Orla','nibh.Aliquam.ornare@sedpede.co.uk','02 34 21 41 14',268,'e1715d46ecb6692c23a8702c400458140c61ebb2',2,'760321880'),(523,'Allen','blandit.congue@Proinmi.ca','07 60 40 62 53',7,'414eacc52a63d7f32c8985db8c7b80b18ca9d7a5',2,'1604846077'),(524,'Oleg','non.ante.bibendum@ornare.co.uk','05 40 94 21 43',10,'deb2e03c975e779f99fa1fb8eb9c018726009f93',2,'1808886381'),(525,'Nigel','ut.nisi@Nullaegetmetus.org','04 85 09 86 24',5,'67dbf2beedce139905e3ef7ef9acc8b7153c91a6',3,'1726684172'),(526,'Timothy','mi.enim.condimentum@magnis.ca','01 42 71 39 92',10,'50fbe02bd766d253869a6819fda544ff33a1d40f',3,'1094330031'),(527,'Oren','imperdiet.erat.nonummy@interdumNuncsollicitudin.edu','02 30 54 30 51',5,'127ea24d617a3cb97b2946d2e68b1538ff99dc58',2,'1769660494'),(528,'Jayme','velit.justo@Sedmalesuadaaugue.net','04 84 06 74 52',7,'8547bddcdb22a551508a100b17de84fcf04c46c4',2,'747791491'),(529,'Renee','Morbi.non@loremfringilla.net','05 48 98 87 08',7,'2c8eddb60343499e353b275e00bf4eb8412edc23',2,'207573995'),(530,'Orli','Class.aptent@purusmauris.ca','04 69 49 86 49',3,'68b71bbf882a1a747dcddcb6e6e482d6f8f0d5fb',2,'1284919358'),(531,'Joel','nec.urna.et@dictumaugue.ca','01 27 48 17 01',6,'02686f4fcc3394a7342950144c23af62b9235c7f',2,'924572704'),(532,'Owen','Pellentesque@Phaselluselitpede.co.uk','01 09 72 90 08',6,'23a01c9b98cf0babebadc50b7774b306897bdca0',2,'246046911'),(533,'Abel','aliquet.libero.Integer@natoquepenatibuset.co.uk','09 10 71 73 95',9,'f38389e6976be1200fbd9bcefad1964ff00d8bba',2,'1698347368'),(534,'Isaac','sem@dictumPhasellusin.edu','02 61 97 03 63',3,'a32085c480eb2b48c15606053648973c970a064e',2,'1281336359'),(535,'Ila','Suspendisse.aliquet.molestie@Nuncacsem.edu','03 07 01 03 07',5,'d659db65be170194857baa5bccbbaefbfb8abc1a',3,'1257236803'),(536,'Olivia','nunc.nulla.vulputate@nonsollicitudin.com','09 55 44 37 32',9,'3ffc62f34b0bc072b649de6b07c333257f616cb1',3,'1033137242'),(537,'Darius','sagittis@senectusetnetus.co.uk','06 76 75 25 23',10,'6f042392af62bd9ed6dd97616a19bbca075706f8',3,'2663478'),(538,'Craig','Cras.sed.leo@vestibulum.net','06 37 62 58 00',9,'a6869a7544e65b781445dcf2bf21b630152056db',3,'1423606812'),(539,'Kane','felis.Donec.tempor@velitegestaslacinia.co.uk','05 13 71 43 85',8,'9d31746f0e0d39b3c3dff3815dea404d496d0250',2,'391200215'),(540,'Keely','metus.In@faucibus.ca','03 81 03 07 92',7,'3ace6dcc40e18840aa0412b043b93d8b48d8ebba',3,'574953577'),(541,'Erasmus','consequat@loremut.ca','09 38 91 79 04',8,'51cf43247c497953ad58e0093a15f1cc5c75a0aa',2,'31064141'),(542,'Nora','Integer.urna@ultriciesligula.edu','06 45 18 98 83',9,'2fc68b0811d012af2e948d83222bafdb84bded47',3,'634838466'),(543,'Abdul','lorem.ut.aliquam@interdumCurabitur.com','09 67 62 72 51',3,'e11652ae1299d9cecbf7955a63963b50e4df7e9c',3,'639942633'),(544,'Palmer','aliquet@disparturientmontes.net','09 21 03 20 17',5,'e5f7ce6cf4348890dd4a6001a8b5b9a2663293ab',2,'35571530'),(545,'Jonas','vel.faucibus.id@ridiculusmus.co.uk','08 46 90 34 36',6,'ec13a5277adddf4ee0a8581f4c47baa1178aa52f',2,'205056784'),(546,'Xavier','elit.Aliquam@sem.co.uk','06 81 95 30 19',8,'eca7231069b8c2b23ae773663c5bce54079ba5b4',3,'1004152785'),(547,'Hayley','Nunc@arcuVestibulumante.ca','05 47 42 23 47',3,'1327fa4efb84759f8978e3280fda43f19dc2a8bd',2,'1358589279'),(548,'Dara','arcu.Vestibulum.ut@Nullainterdum.edu','02 73 56 48 13',9,'e06118c15c02c582c0e5d13e7e342c7e5529b764',3,'2036849061'),(549,'Rhea','congue@in.net','02 81 06 08 04',9,'6eb47c923aa0b3d55cb02c2bd47c65c14ca6f263',2,'1154359194'),(550,'Sasha','egestas@velitSed.ca','06 57 33 25 65',5,'07a0972c5405d0392d5df405f1d313f77a800e44',2,'1652562401'),(551,'Reese','consectetuer.adipiscing@dictum.edu','09 40 96 25 01',268,'bc265b2216caabf1efcf50f36aaf9b9fe2adf430',3,'1942457777'),(552,'Rhiannon','eget@natoquepenatibuset.ca','08 22 64 25 69',7,'8a933f5f36f3e42648e3862bf79b90771cd13b30',2,'1078247087'),(553,'Cheryl','lacus.vestibulum@Quisqueliberolacus.edu','05 99 23 91 10',268,'e84a59618da30fa333aca6441679e62e2a38a40f',3,'731691077'),(554,'Maxwell','consequat@massaSuspendisse.com','09 75 32 55 45',10,'0fc02b37cb7b90317d509deecd5ad7a2e993cc23',3,'1183862147'),(555,'Jescie','tristique.senectus.et@dictum.co.uk','09 58 00 21 63',5,'2187fe7dac6ae6791baf43a72b22b967605fa75c',2,'304569807'),(556,'Lareina','Cras@orci.co.uk','08 90 79 43 33',7,'9c8113d263b989ed35c58c6aba0053b767b9bb04',3,'1932708057'),(557,'Price','nec@Duis.ca','07 34 60 08 51',9,'8cf8e47bd526dcd0ca51570c248f408617430197',3,'92727956'),(558,'Thor','in@amet.co.uk','01 71 31 18 25',3,'fe67bcb70871c06c4eb30c37cdb6815cff56d716',2,'1446807702'),(559,'Beverly','quam@ornare.net','06 54 79 12 54',10,'a9afe33239953ebb91cd06adce6ccc15c68e18a2',3,'1108931964'),(560,'Graiden','Phasellus.fermentum@duiaugue.co.uk','03 72 63 25 32',8,'0fcbbffaa2a14a08628ef77b99ab0250625a6ac2',3,'1656783039'),(561,'Hannah','non.egestas@Cumsociisnatoque.edu','09 16 79 59 14',9,'ed8883497f09047f328914c00108983fac0e7fbd',2,'915229250'),(562,'Felicia','arcu.iaculis@necmauris.org','01 01 00 57 06',3,'dc5792edba469832c8dfbe4e59bf7170ddd99a48',2,'1840294992'),(563,'Calvin','tincidunt.neque@tellusAeneanegestas.org','01 86 96 13 23',268,'95ea8f9546bc6ff7f2451a760598512d6d3a2c01',2,'1373288060'),(564,'Lawrence','neque.Nullam@Morbineque.co.uk','09 68 30 30 58',9,'3cd5923f4a093ea5db79d1d6c240210e83e79395',2,'1223281449'),(565,'Shay','ligula@vulputate.ca','08 16 83 97 09',8,'391f3b89c7677b63890a2955626b01400e483b00',3,'530344377'),(566,'Zenaida','id@Phasellus.edu','06 42 49 40 00',6,'1f45ff2314f04ad6ecb278cfb266709d255c1171',2,'1013152343'),(567,'Barbara','sagittis@suscipitnonummyFusce.edu','09 80 81 23 81',268,'0ba36281649c85b8395ed67b7555bed52d16f0ba',2,'2037427937'),(568,'Debra','egestas.a@liberoduinec.net','05 79 30 03 07',3,'4bbb9ce19c7f73b74e9a9c3ab66930d00238ff6e',3,'416832248'),(569,'Regina','Morbi.accumsan.laoreet@ipsum.net','04 44 77 19 99',8,'77fbcf2d39ea21f9bb7182ca5f9e64d532694462',3,'966861040'),(570,'Kareem','Nam.ac@nibhPhasellus.org','07 06 97 02 98',5,'7d77eeb262f69479f2e910da4013fa2702a89375',2,'324177380'),(571,'Malik','blandit.at@condimentumDonec.co.uk','06 06 56 99 12',5,'7c2eea62c6b4c570e3521a2c1a5eede5e3183bed',2,'731480386'),(572,'Sydney','laoreet@mollisInteger.org','04 20 05 49 93',6,'a0f792cde89e6a0697ebf113462f5578d54bea88',3,'655605537'),(573,'Patricia','nibh@adipiscing.ca','07 73 75 74 80',6,'353571725c2a40a05198b81c21648684a39740a8',3,'424017781'),(574,'Victoria','Etiam.laoreet@commodoat.com','07 50 50 13 30',9,'abd8d432c6e00f6994d58f9f13bbad8df7d5c436',3,'524490658'),(575,'Keaton','eleifend.egestas.Sed@placerataugue.org','06 74 81 16 88',3,'b8a5479b36ccf4b2f2cad02e25b2d3d56e8e4aae',2,'1015473470'),(576,'Zenia','Suspendisse.aliquet@ante.com','01 65 52 62 63',8,'70076a4f7c8d973049236d8ca3f1b50fad3ac85c',2,'1278259046'),(577,'Raya','tincidunt.dui.augue@metus.net','05 19 79 47 58',6,'b320c1ab7534beb62a5fbaddaa4851d09a0e6dcd',3,'735326132'),(578,'Flynn','placerat.augue@nequeIn.edu','01 90 12 90 43',7,'4a8d1fed1e451a237ab10205243073ad8866fae9',2,'1886928649'),(579,'Callie','adipiscing.non@ategestas.org','02 25 97 74 16',6,'32cbf8d9eca4f9f8ad43bec265ab43a32f69bd67',2,'1084857502'),(580,'Maggie','pharetra@Namligula.edu','07 26 74 00 24',3,'83e9001a9d4e985f5d16538310f357b8947334e3',3,'938791621'),(581,'Myra','lectus.sit.amet@Cum.ca','03 72 07 90 80',10,'57ccff0c9df52a701c03db4b306a9325cf4034d7',3,'728182366'),(582,'Ryan','quam.Curabitur.vel@lobortistellus.edu','03 11 86 34 67',8,'43513b9983c350c7ffe82f986a41a1fc3667ed0c',2,'1002966878'),(583,'Abel','ac@odio.ca','04 13 16 64 04',7,'e6a794aecd9e5b4164d4fce751d8b9710b84c388',3,'1466556460'),(584,'Eden','lorem.eu.metus@dictumcursus.net','06 88 56 67 22',268,'14b24d24be2c06224f4322a8d7e8aac8aa991d4b',3,'747649834'),(585,'Harriet','dolor@Etiam.com','09 15 42 65 91',8,'681462ee42f1271bb3ab04b39a2c83002b8ba973',3,'1866260642'),(586,'Logan','pretium.aliquet@metusAliquam.co.uk','03 71 36 16 62',6,'02df613d9b49b6ee3b6cb50851fc60ca1c23be52',2,'871672120'),(587,'Sebastian','vitae.diam.Proin@sollicitudincommodo.ca','04 88 25 12 26',8,'973c101ef0a57da66efec018ec2087574f3e60d8',2,'191125217'),(588,'Edan','tincidunt.nibh@sed.org','02 13 74 02 54',4,'dd80b2a4ebddbf54005694e636b70e600a8053e1',2,'1197189032'),(589,'Charlotte','vel@duinec.edu','08 74 78 00 32',268,'a152e04c88b574c831599b2ba820d74951f9360f',2,'488914090'),(590,'Abigail','lacus.Quisque.imperdiet@sodalespurus.co.uk','01 38 67 16 55',4,'f8e8e3ed8724a99e027d49c632750b1ff3d0bc21',2,'1916223483'),(591,'Paul','ridiculus.mus.Proin@velconvallisin.net','03 76 99 99 99',5,'7ee75bfbc963bdd393414d3cdd88d6306b66f40a',3,'916185979'),(592,'Dana','mauris.aliquam@temporlorem.org','02 79 15 72 36',3,'b405836ca0d723f618c1930e51faa4e95951ef0d',2,'1807497552'),(593,'Caleb','Proin@sitamet.com','08 02 33 09 65',7,'772bb3b1cfe42682a9dcebc6d92307bb14e12e6c',3,'1343372138'),(594,'Iliana','pharetra@feugiat.ca','05 84 31 36 23',268,'6aa8b12fb02acf369feed10b95adc5b91dad3d6f',2,'1912862145'),(595,'Sebastian','sem@Curae.net','03 65 81 28 15',6,'b73166d92bc9af2c2c21c992eb095057974d1484',3,'1516047151'),(596,'Hammett','venenatis@tellusNunc.net','02 54 93 57 99',268,'05a417530cd642574e255319e42e90faaf628a1c',2,'589791779'),(597,'Colleen','Ut@utsem.edu','07 12 39 62 13',4,'fd21fc43f3d029b3f54eec6078007a854371f01c',2,'1428709393'),(598,'Rhiannon','in@semegestas.org','05 89 46 54 52',10,'538aafa90f6e7d35516580d23ae845ebca7450cc',3,'1967797892'),(599,'Irma','Donec@acipsumPhasellus.com','02 82 50 77 71',268,'faba692e7b30a3b9f063ca714fc9589cc6409935',2,'304128257'),(600,'Zia','Integer@temporaugue.net','02 03 39 50 08',7,'0d23448276c742de4c397da003352f697400e924',2,'1943062735'),(601,'Veda','odio.sagittis.semper@orciUtsemper.org','09 31 96 62 91',6,'b32819b6d8c71089eaac9904a75bb6c318693dc4',2,'908087383'),(602,'Allegra','sollicitudin.adipiscing.ligula@urnanec.edu','03 16 35 27 48',9,'ca5437e0e3fdf9f9a6de58f709d87ed7eedc0f8d',3,'1577077455'),(603,'Axel','eu@nonenim.org','05 31 63 46 91',268,'605ccd0de1a25f6971679c696afcbe1e1e578106',2,'79095515'),(604,'Hayfa','ridiculus@semut.net','09 41 15 41 74',268,'a5a9b05e5d728c9312b4e1085595d12189b63589',2,'140976827'),(605,'Adrian','mauris.sapien@interdum.com','01 10 31 42 62',4,'b273e2037a3a8ebe491ac0655aab1eb41f9cee2e',3,'834256799'),(606,'Madeson','neque.sed@purusmauris.com','01 90 70 33 70',268,'e29e60cbef9938943ad52f8dbf3098f67fdb6622',3,'1615144888'),(607,'Alexa','aliquet.diam.Sed@infelis.org','05 68 10 10 00',6,'b3db27e26cecd1836425cac61dc6677e8bcefd98',2,'186865321'),(608,'Jackson','enim.diam@egetmollis.co.uk','01 44 38 54 70',8,'46f41caabf68edb674696152a0fa5b0b7f136928',2,'8157186'),(609,'Plato','quis@nislarcuiaculis.ca','07 70 57 81 84',5,'d85b791e4098721f9b68a2ad490173ca0664be98',2,'1172378072'),(610,'Kylynn','volutpat.ornare.facilisis@atpretiumaliquet.co.uk','04 50 68 22 11',268,'f55772d536ec8765661cbf2bb8cda61c372930a7',2,'225991107'),(611,'Xena','dolor@Nuncsed.net','05 53 24 78 04',8,'7042509f294bae430a759633b383d1e8f1f1fd17',2,'595309586'),(612,'Tarik','at.augue.id@Craseu.org','06 53 91 80 53',268,'e8c99ee93d3ba8e9df736b9e66ee83fff2b38e59',2,'1580553498'),(613,'Caesar','Aenean.gravida@parturientmontes.net','06 91 53 66 84',8,'b08e05db61b618570efd90904db73f4db85aa751',3,'1785255604'),(614,'Kylie','elit.dictum.eu@blanditmattis.org','09 02 44 75 72',268,'9d1fded0c553b818a60f57469e183d8fad8705cb',2,'116678430'),(615,'Sara','Duis.volutpat@laciniaatiaculis.com','05 83 07 42 49',7,'e2e14e144159b3f14aa1fbf3b91246f1229f1e5e',2,'1587832548'),(616,'Sheila','tellus@liberoDonecconsectetuer.com','06 21 23 62 68',5,'dc7dc54e0342585232e198e5bf48ce7a846ac671',2,'1004025718'),(617,'Zephania','congue.elit.sed@pede.org','03 51 96 01 98',6,'1efb3dba67453a1e2a454ace63d7b5057e2a9953',3,'68269890'),(618,'Xantha','vel.arcu@luctusutpellentesque.com','09 75 34 22 44',6,'e0b5bfa5ded1487c0f4dc039b7464bb19f3a8c61',3,'467337073'),(619,'Hedy','est.mollis.non@Aliquamtinciduntnunc.edu','03 40 53 60 21',7,'5a8c88bb6bc3782ed92a6c2d9f550c21b287aba4',2,'2041460414'),(620,'Brock','nunc@augueutlacus.ca','06 57 49 48 72',268,'fc527a42a598eab665e6fb523ff251b69b440f5b',2,'842851257'),(621,'Travis','mi.pede.nonummy@etmagnisdis.org','02 80 42 23 21',268,'14afed5a5780fad2e8e29be297eaad1a1373f07f',3,'493504862'),(622,'Dana','ac.turpis@estac.edu','09 14 81 83 21',7,'75cd36ec75b5af80347f1aa0e6c620e0dd973752',2,'1660583389'),(623,'Jordan','bibendum@eratsemper.com','03 11 46 27 70',8,'db26608b74ca1c19cfcb694f6e142b57219df83f',3,'1044050074'),(624,'Kimberly','neque.Nullam@dictum.net','01 29 92 20 01',8,'480ea78180effa140b2ab4e31bef2ee3f890399c',3,'1560277951'),(625,'Piper','molestie.orci.tincidunt@ipsumdolorsit.ca','02 30 24 61 10',4,'7f6a25fb7c2e35be40b5b816838a8307d84c4f5e',3,'1612472260'),(626,'Zeph','suscipit.est@eget.net','07 95 32 12 27',268,'1eddeda99f105566f1209a351ff084f8c5b5c25c',3,'2060891486'),(627,'Anastasia','diam.lorem@sociosqu.org','05 89 68 10 59',9,'c61beaff75c79a56702abe2a61a00e3b3d1bd973',3,'1683157691'),(628,'Abra','lorem.semper@ornarelectus.edu','06 31 92 39 03',3,'c455b65eb5c7cab8df43204d9d72a7a829909668',2,'821717889'),(629,'Vivian','tortor.Integer.aliquam@odioAliquamvulputate.co.uk','05 20 00 56 81',4,'1b8f9c657c459684ff86efc7b3a0c1ffd76ba1d8',3,'784668154'),(630,'Tatiana','ante.blandit.viverra@malesuada.ca','06 74 83 71 30',3,'89b18463fb2d6155da33132d77dff2fb65e70dfb',3,'1948257021'),(631,'Garrett','nisi.sem.semper@NuncmaurisMorbi.ca','07 10 49 71 90',3,'2a09b8d4d9f15b19b854ae52e3fd055c89ba1a65',2,'833868934'),(632,'Gary','in.molestie.tortor@liberoProinsed.com','08 40 39 67 99',268,'71431947ede4db8ee05f1d01f50627ac7c769c04',3,'61632080'),(633,'Carly','luctus@aliquetlibero.net','08 87 81 45 45',3,'a2c5a88452859c29b3faf5d0f8c9bbf62678e5f0',2,'911613126'),(634,'Jonah','magna.Duis.dignissim@Loremipsum.ca','01 18 62 63 91',7,'10028b5d1536898d91d64d07cb247840856cbe53',3,'805799516'),(635,'Ivor','est.Nunc.ullamcorper@dolor.com','05 38 04 66 47',268,'ef5de088b0d64e22e6d02d20f42d9fe73033744c',3,'1819592369'),(636,'Isaiah','sem@eratnonummy.com','05 96 06 62 20',6,'ba180ffb7adbc00fdf9f82eb2fd72c3d20138b3d',2,'462374213'),(637,'Keegan','Curabitur.ut@ipsumnon.edu','02 39 21 93 02',3,'cc54f3d63006957a8a79cb4b096d1d6b202eea5f',3,'1872399058'),(638,'Bree','pretium.aliquet.metus@rutrumnonhendrerit.edu','04 15 01 45 45',8,'240742550e5dae6ab1d2aa1afa990d4fe679f278',2,'1464184866'),(639,'Isadora','Donec@nunc.com','03 90 35 54 46',4,'ca95ce532fd83b01e056f7798b1cceb4031407a9',2,'1533331054'),(640,'Bernard','eleifend.nunc.risus@Nam.com','02 43 30 02 28',3,'c8d2313f6e97cd35635e793da6d3dc187b0c1b7f',2,'1551291799'),(641,'Vielka','id.risus@ametdiameu.net','09 27 13 27 72',3,'1413d700cc38f5cf7ed02f2499f42f60d0f15b34',2,'2050560803'),(642,'Avye','orci@fermentumarcuVestibulum.org','04 71 29 14 73',5,'c6dac925cbf8fc05b952b3141f256b585207cde8',2,'838529869'),(643,'Russell','sodales.purus.in@Nullatinciduntneque.org','06 92 11 65 82',3,'b5a3bcb54552be4a3f007e3d9b582301202c479a',2,'898664709'),(644,'Sonya','lacus.Aliquam@lacus.edu','05 55 94 57 68',4,'fb0b0429b522ffb60dd537bd706a6b73d400d61e',2,'1108477910'),(645,'Tyler','vel.turpis.Aliquam@montes.edu','01 78 65 14 90',9,'54aa014923b7786c5a8c2638db642222ac4b06b1',3,'615057631'),(646,'Fuller','Cum.sociis.natoque@lectuspede.co.uk','02 37 69 60 94',6,'a42736e13bf950181ea6bc4c20e5d43d1c7deda6',3,'1455109047'),(647,'Wing','Duis.a@Cumsociisnatoque.co.uk','01 45 55 72 11',268,'57ed0d3d1b711d6688967b612391bc80cbc299e2',3,'1858042781'),(648,'Solomon','magna.Lorem@vestibulummassa.co.uk','06 98 74 88 49',3,'c6d0c9750c1d3650013c73d40ed26442c688d640',3,'1522736337'),(649,'Summer','lorem@variuset.net','02 82 14 01 01',4,'7e4ca4708f174830ee875a06de2216368e6cfdde',3,'492393905'),(650,'Mariko','non@nuncIn.org','08 43 88 50 43',268,'704309684097cd9a4034a7eb7915a78346a5a3a8',2,'1635398552'),(651,'Jaquelyn','eu@nequenon.edu','06 34 22 99 59',4,'3c877ae6ace333402593afb5aa999164aa9ed32e',2,'238563253'),(652,'Sonya','ipsum@bibendumullamcorper.edu','02 65 82 93 49',7,'84d6055b82cfa730fa706b4008928041763adb4c',3,'1913600828'),(653,'Nelle','amet@ametante.org','09 16 62 78 54',268,'20f215b69d3e0c6b55f7ee1026d40e229253b131',3,'1210578701'),(654,'Lacey','a.aliquet.vel@libero.co.uk','02 98 94 19 88',9,'1c6c24712efd7cbc0a55e6f3a9987cca84849f54',2,'1382631196'),(655,'Cairo','sollicitudin.orci.sem@gravidamolestiearcu.com','05 62 23 09 19',268,'1683c943c3cb5931c9fd55f4e5df2327526dca2e',2,'346128912'),(656,'Roth','Quisque.libero@vitaenibhDonec.ca','08 25 54 07 30',9,'5c38c87fb3fe9e51606b304c37a1887374375013',3,'1195749504'),(657,'Rachel','tempor@lacinia.ca','09 76 69 54 05',8,'44ee03c6018c3053c0b7b6d6880ca7420769a197',3,'913408264'),(658,'Amena','lacus.Quisque.imperdiet@antelectusconvallis.ca','02 26 24 01 66',7,'6f523075e006cd8d5aae31eafe2bd84cf2cedd53',3,'116973663'),(659,'Xyla','viverra.Maecenas.iaculis@cursusetmagna.ca','06 69 70 95 97',268,'5b9399b5fa2f9ab1f99f3726729bd17b0455d7e2',3,'1330026418'),(660,'Carlos','euismod.est@egestas.co.uk','02 43 88 54 21',6,'a69f8fb8ed06dc348079b22b5c2f2a8d7cbf7da8',2,'279237783'),(661,'Jerome','vehicula.aliquet.libero@dictum.org','09 82 53 80 83',9,'16d6d540ecde439c9284a9b48064ab56d32ef5a2',3,'421707992'),(662,'Brody','nec.tempus@fames.net','08 34 60 28 16',3,'9f805a27744b9bb9b6d5bce7dadda800bbcc1ce3',2,'693018765'),(663,'Preston','nec.mauris.blandit@est.edu','03 05 76 52 59',10,'8c555a596c899059e2ba71ea98a6c3a92fb7b7d2',3,'539089707'),(664,'Hu','augue@eget.co.uk','05 16 62 77 29',268,'aba5121ea4b30461e22941d44294b98b1689126c',2,'963664626'),(665,'Sheila','et@nec.net','06 30 86 08 44',5,'c2df0e2db03a46e42c6bbff0cd3480cec337b0c7',3,'1405115664'),(666,'Deanna','nulla@duisemper.com','08 19 35 46 16',268,'d9cecce3602a78c40f18517538b4c69d63db1214',2,'845258531'),(667,'Colton','sed.tortor.Integer@suscipitest.edu','01 59 65 02 80',6,'0983b7232e3e955caa2914aefa8fc33795d730eb',2,'2017717102'),(668,'Jenna','a.purus.Duis@dolorsitamet.net','04 52 83 86 45',10,'e4b244ca9368c45e98f1be299c61034807c76a6f',2,'1515938772'),(669,'Cooper','euismod.et.commodo@eratvolutpat.net','04 25 44 39 11',268,'85c20abde2e9cb9de3fbada4c25422e2f1977a7f',3,'170629780'),(670,'Chloe','condimentum.Donec.at@Aliquamvulputate.edu','03 43 17 74 23',3,'6230fe7f2ce7eb2c22ecf02599f71b7e09761101',2,'1014723885'),(671,'Cyrus','Curae@orcisemeget.ca','06 90 23 22 91',3,'01a6aefd4440c004d257a89c5ea8be76bdfd7de1',2,'1714009699'),(672,'Alexander','cursus@odio.net','07 28 56 59 86',268,'a28fa874b5ab32763e5f4c224e51933df9825e2c',2,'1537416580'),(673,'Neil','vitae.erat.Vivamus@Praesent.org','02 84 59 30 82',268,'9245429bdac7e68451e1366f19b9d1f1a3e9957f',3,'464591617'),(674,'Jared','suscipit@Suspendisse.org','08 87 56 05 00',8,'a02273bba2cea9ff1ae15cd1c2e09ddcf1819d20',3,'1019225452'),(675,'Ina','vestibulum.nec@tortornibh.org','02 22 01 64 90',268,'e39dab00f0975ea779e2f6d53cc1b28b431b6a8e',3,'99300917'),(676,'Kiara','a@velit.ca','07 12 88 95 65',268,'ddacbe5f8c2dfd6f00caa4778e236701e90f77b0',2,'157956545'),(677,'Patience','Donec.vitae.erat@nisimagnased.ca','09 46 13 00 07',5,'30073511b85780408ad97642eb1a4c72b454f4cb',3,'1592321912'),(678,'Vladimir','semper@Morbivehicula.net','08 89 57 49 03',6,'5f789f7758bfcd3ebaa206133fdb579b326b0cd3',2,'832506613'),(679,'Unity','neque.tellus@turpisnonenim.com','03 39 11 59 30',5,'1c0c06a549d257a86cb39d4290af319a1152cd34',3,'1393022863'),(680,'Phelan','et.netus@etultricesposuere.com','03 14 61 31 11',6,'f550385a0476af35cb58258064e2c9619a6812b7',3,'1870608322'),(681,'Adrian','lorem@lorem.co.uk','05 16 62 10 42',10,'9ee6b926face0a8ad3c2333b3f3b7a7df1c8888a',3,'157993663'),(682,'Delilah','hendrerit@nullavulputate.co.uk','02 20 36 50 62',3,'a27d420811712935139969e541651a8c465017d7',2,'1367537260'),(683,'Ferdinand','consectetuer@ullamcorper.co.uk','02 74 04 57 23',4,'61bf222e24d2626ae14f94fd582b098ce7f15af5',3,'1047821270'),(684,'Rooney','lorem.lorem@euaugue.org','06 78 32 29 48',9,'92898213b9c26d2916bc08c1b1460030ae8bea10',3,'1523269181'),(685,'Akeem','rhoncus.Donec.est@a.co.uk','02 35 48 71 15',9,'d015ef120367eb1aaf85e8b8f17b482a1eb2c2da',3,'1811830822'),(686,'Hedley','iaculis.nec@pharetrafelis.org','01 70 63 95 78',4,'0a865a16637b7e9fb64436e77c511b6a3d4fcfd6',3,'195671205'),(687,'Aubrey','pretium@antedictumcursus.co.uk','03 07 83 35 83',8,'194c580f85b0c211e34840afa6672f0d76f281fe',3,'1599686505'),(688,'Iona','a.neque.Nullam@Ut.org','01 83 36 35 63',268,'887cc1c7d3656376fabde0ea5de66dc5fd9a4a37',2,'1174441873'),(689,'Athena','amet.metus.Aliquam@feugiatLorem.net','03 18 05 25 43',268,'d81cb8b1ed7c8b8f95de0c786d264cbf7d3e1ed6',2,'885581237'),(690,'Brody','Nunc@inmagna.com','09 97 37 75 84',6,'f831c68e6a77e07bbf2ce55c306de9118cd1e7b8',2,'1589089899'),(691,'James','imperdiet.ullamcorper.Duis@blanditviverraDonec.edu','03 31 71 78 87',268,'8f4163a0d2949685018035019903fd0ac8553f91',3,'1435808207'),(692,'Signe','elit@Quisque.org','02 94 45 42 30',268,'a3a7f534ea34dcb7b4c274199132fe9e7bbe3ae6',3,'2129532378'),(693,'Ignacia','sapien@odioAliquamvulputate.com','04 72 78 95 58',4,'73af28f72ef67a25a5b177f4e2f3dffeda9383ef',2,'1589228246'),(694,'Madeline','lorem.vitae@egetodio.co.uk','05 15 78 24 51',10,'074d864611e7a9b3e1fdb479b6b6b86976afa8ce',3,'818898170'),(695,'Reece','id@morbitristique.co.uk','05 02 21 92 77',8,'5d205bd5555ef47b13e2519c0c883dc2bf1d2ee7',2,'1037901153'),(696,'Xanthus','elementum.dui.quis@enimnectempus.org','04 41 17 77 12',3,'c4f89596b83b86337c4fb5df93b7d0411582fdc7',3,'2019807902'),(697,'Alana','justo.Praesent@Curabiturconsequatlectus.org','09 32 79 78 05',268,'1a60d2a1b212eb5a600c14557b70e4fdf5ac1737',3,'707785457'),(698,'Keely','sollicitudin.orci.sem@duiquis.org','08 50 41 61 61',6,'9f6faa672d869f972a69fcdd27d7da69b2f9bf13',3,'1071117055'),(699,'Jameson','molestie@eu.co.uk','09 66 96 02 69',4,'c4f57773b4cbd6009424875e647f0ff29c443f51',2,'725595471'),(700,'Yen','mattis.ornare.lectus@MorbimetusVivamus.ca','07 79 80 23 60',268,'9a0dde38a3cf704cd31457dab8a653f23df5b339',2,'466361042'),(701,'Caesar','cursus@sitamet.co.uk','06 45 93 14 95',4,'4705b392f43ceec87bfba95e58f1beaa2fffc9c4',3,'325544977'),(702,'Heidi','vitae@euismodacfermentum.ca','02 81 07 39 53',8,'d5f157b3d89ba4d2b08db07734b49227b0ab487c',3,'158107410'),(703,'Quyn','elit@hendreritaarcu.org','02 10 16 81 13',4,'c0e6a6d338c7e8b262083e30efbac59ff05df809',2,'1008676618'),(704,'Rebekah','adipiscing.Mauris.molestie@necmetus.co.uk','01 30 12 65 43',6,'b6898ebf4a7f015ab2cc7e22e014f88ec5bb76ad',2,'1835294257'),(705,'Tanek','velit.Aliquam.nisl@Duisami.com','06 46 66 79 82',4,'a21d05d7a78bbaa8d79b04feb6cfcd4062f2cafe',3,'1956027054'),(706,'Noble','faucibus@varius.com','08 96 29 97 74',5,'430bfa6f04fa62e69ab80694c0b77f6a62d4fdd7',3,'1895092768'),(707,'Allen','auctor.velit.eget@Morbiquis.ca','04 32 81 43 62',268,'20085c11ccf617a72e00415ca6515d400b530f8f',3,'1045063813'),(708,'Kirk','pellentesque.Sed@etrutrumnon.edu','07 81 97 76 55',268,'33c295b9848f6e592f333ff140a870381d3a42c2',3,'1617511833'),(709,'Griffith','euismod.ac.fermentum@Sed.edu','01 26 77 93 64',268,'9350aa13668d6f21029a1f35eb55b082dcda8c2d',3,'626495901'),(710,'Megan','nec@nequeSedeget.org','07 29 96 76 49',7,'ba6b587a35354f759ce5d44e4782eca42b10bf15',2,'883122060'),(711,'Hector','Nunc.mauris@egestas.net','09 34 11 44 69',8,'9497d2e6d298b2624ac1dc6575d0794343ec6dbc',2,'1917883216'),(712,'Xavier','eget.ipsum@Duis.ca','02 24 79 30 95',3,'ad9ffe49581df6e38d46beb50664a1cd98c33f93',3,'1907815629'),(713,'Giacomo','Donec.feugiat.metus@eu.net','08 64 49 49 18',5,'29ef881327bf57b3488a0877d2153061409e2419',3,'520325739'),(714,'Garrison','ante.bibendum.ullamcorper@et.ca','02 08 77 41 18',268,'1999c8c92ff2f09becbd93c008b0f5ab86f381d1',2,'332241503'),(715,'Joel','eu@ut.org','05 97 78 81 98',6,'b074fa1d0842be719c79e4123fe4e00c5891b288',2,'625925871'),(716,'Ronan','mauris.aliquam@ligulaNullam.ca','02 94 16 06 67',9,'d9d345f2d97613ef0e4a0033fc30dfffab76e18a',3,'2087777706'),(717,'Olga','varius.Nam.porttitor@Etiam.edu','04 85 65 14 80',268,'5c6fface3d759a890559fac94f4e22b0e81c938b',3,'1126934839'),(718,'Tana','Donec.sollicitudin@cursusluctusipsum.co.uk','05 92 48 20 11',3,'60ee34b03661ec023d4d84707028fb7811afae09',3,'310094199'),(719,'Halla','risus.Donec@enimEtiam.ca','04 05 46 88 46',3,'05459a9c0193a0a393d6eb6868b931f710220483',2,'321227492'),(720,'Cole','interdum.Sed@Aliquamrutrum.org','03 95 27 22 88',5,'10fb41e283857e1b31058b6939a751e92360f303',2,'337006511'),(721,'Priscilla','tristique.neque@pharetranibh.edu','05 93 63 83 06',268,'547a4b6e10b1ae909f7bc5d6f04bdac1697b8666',3,'930469516'),(722,'Ulla','non@Proinsed.com','08 76 92 14 54',9,'4fa82259b6a88b2f52e9e6f396987f3c09f8a6ee',3,'99618088'),(723,'Rhoda','nisi.Cum.sociis@auctornunc.ca','06 47 70 53 18',9,'63a84e338b2fb76a1ba8b4b9fb475b2b6fd8e881',3,'150980401'),(724,'Whitney','augue.ac.ipsum@risus.co.uk','04 15 68 40 50',268,'5b7abac65c04492f01063804a10f471a8ecc417f',3,'248280808'),(725,'Gail','blandit.congue.In@Aeneangravidanunc.ca','09 91 19 77 13',9,'7c0b49607b1d85ff53c424b35c5a5400ecfea66d',3,'1204284312'),(726,'Neve','eros@erat.co.uk','09 42 80 66 42',3,'6503334329d9a17d7c59317aa1e9e7592d68d05f',3,'797640753'),(727,'Macon','Phasellus.fermentum@urnaconvalliserat.edu','07 37 40 43 65',268,'b5b5fe77918d3b5c37e3c1d2f4f251258288b9c9',3,'2064694931'),(728,'Aileen','sed.consequat@liberoInteger.org','01 81 97 49 35',7,'72b5bbfae8378415214e10aa40cdc515ecf1d0fe',2,'1752730956'),(729,'Caryn','nibh.Phasellus.nulla@Sedeu.ca','01 78 84 53 44',6,'3264e47546d6ddf89afe1ab24f1f7d14fbe02cc8',3,'348219379'),(730,'Nichole','Duis@commodoauctorvelit.co.uk','01 09 97 00 50',3,'324de07bc6b4753dc9d142c63320e979b392b274',2,'846179151'),(731,'Jocelyn','ullamcorper.viverra.Maecenas@metusInnec.ca','09 02 22 82 71',6,'24981dcb7dcbe69635ad23813b864b4a9417de60',3,'216006889'),(732,'Britanney','gravida.molestie.arcu@commodoatlibero.net','07 59 60 33 22',268,'9d0c3c655f085ac2486b9af6e0c60bd2f655df12',3,'1334452679'),(733,'Iris','Quisque.porttitor@DonecnibhQuisque.co.uk','08 14 52 06 02',3,'1888dbaecdb0f156faee8de262581ec2f8c8519a',3,'1721258291'),(734,'Kenneth','mattis@adipiscinglobortis.org','05 87 28 20 83',268,'193b71f6170db808699b92a2a3c358227dd4d705',3,'1846041169'),(735,'Chase','lorem.ipsum.sodales@tempuseuligula.edu','04 51 54 61 47',3,'37bf777bff52c4781b678b76025c529f8942ae33',3,'1592415907'),(736,'Lael','sed@nonummyipsumnon.net','03 36 60 13 38',8,'4bba1dd4e13ebd0f51fd53a2c69efe3bbb0a03cd',3,'865738723'),(737,'Brett','luctus@idante.org','03 94 59 42 70',5,'7fa8f38a88528f858723fc8e6174daa7c2982ced',3,'1283116456'),(738,'Moana','ac.mattis.semper@enimSuspendissealiquet.com','08 98 67 25 88',9,'ee067b810f027440565cefab649cd00de241a604',3,'982786502'),(739,'Barry','fringilla@sem.org','03 30 56 41 56',4,'80b5cf6114396c839ab29d50cb0b8bd93948db88',3,'1061239283'),(740,'Zenia','cubilia.Curae@arcuetpede.org','05 27 17 28 54',6,'9393fd2379137b84727afd4e58d23a1d09a1da25',3,'1406745982'),(741,'Joseph','Cras@enimmitempor.org','01 20 49 93 98',9,'06fe72ce2230dfefa5b9a71f96de98b222e65cbd',3,'1306659113'),(742,'Deanna','taciti.sociosqu.ad@in.co.uk','09 01 78 33 62',7,'a1a74eb11d01208cbddc1b775162a6bd6071fd20',2,'1306976549'),(743,'Beck','Nulla.eget.metus@loremac.net','02 12 50 96 55',268,'dce239bbeaf3e9fda0d3b724d1119d6c2d3d029b',2,'834926413'),(744,'Karly','amet.lorem.semper@Seddiam.org','02 44 39 28 75',3,'e0f4cee647f8d8ca46f724f717f8ecd71979ce39',3,'1780118201'),(745,'Mollie','elit.sed@sempertellus.ca','01 76 38 34 44',268,'071d64b0a7afa11d6def1abf9c3467df86a85b6f',3,'1533118364'),(746,'Jamalia','Curabitur.massa.Vestibulum@risus.org','06 47 79 71 45',8,'558f51d5cc4a8aed76bf3c9f23fb758c22e3d842',2,'479776031'),(747,'Alice','enim.gravida@posuerevulputate.com','09 77 15 48 60',5,'212795f2bb9afc7c910eb6fd0a5cf6dc7239ab6f',2,'1296419578'),(748,'Kimberley','nibh.sit@Suspendisseac.edu','07 09 15 54 87',9,'48b2771217811a3c24a80873d5e8cfa7c7ec3efe',3,'862539865'),(749,'Jemima','ac@famesacturpis.co.uk','04 98 79 85 46',9,'cf03c2b3c76f15d4752c841f35412dea34647c4e',2,'327923328'),(750,'Ammos','luctus.lobortis@sapienNuncpulvinar.edu','05 85 12 18 61',268,'2c41631fe4baf5f820a46d9c95ff7ee0c00d2d67',2,'1728723191'),(751,'Cameron','Cras.lorem@tortorNunc.net','06 08 47 58 64',4,'5f32e63b72f97b2c720dcfce29c9bf23acbda67b',3,'1263669769'),(752,'Wesley','et.euismod@facilisi.edu','07 73 03 24 87',10,'5094de1ff9367909e29973608d307755f09369d8',3,'1707845807'),(753,'Nicholas','ac.mattis.semper@quisaccumsanconvallis.ca','07 62 17 75 89',6,'8be7d6f71e7536c3aff800a1870fb5dbbada5e44',2,'1562977390'),(754,'Ray','ad.litora@convallisante.ca','06 64 17 69 89',268,'ef588674f9c3e462fa4e0d6d5f8072a09c17d469',2,'1119159527'),(755,'Laith','commodo@libero.org','05 62 46 44 44',8,'46209f76ca75c2bc4ca407592cea175fefa05aab',2,'2129302733'),(756,'Quentin','a.feugiat@ligulaconsectetuerrhoncus.co.uk','04 79 84 74 30',268,'e1f7595b6e34caaa76d83fab97f915697f5484cc',3,'35749966'),(757,'Abbot','in.tempus.eu@Duis.com','01 96 19 48 41',6,'5109bb17a4db9d51546750272d98434f3804282e',3,'626966439'),(758,'Jade','Lorem.ipsum.dolor@egetmetus.com','01 77 87 87 11',6,'430849b8c6d437817b67723bae6e359c290ea1c3',2,'1619435788'),(759,'Rachel','cursus.in.hendrerit@ullamcorpermagnaSed.edu','08 64 36 24 80',268,'b20da3b5ce2cd77e7e23a0b7f45a0c98f984e6a3',2,'1670286857'),(760,'Melinda','Etiam.imperdiet@arcuVivamussit.net','07 79 24 89 02',5,'38eac7a2985c7d2153cbb5e3ef4ac1871ed5cfae',3,'1587014302'),(761,'Jeremy','Sed.nunc@acmieleifend.org','05 13 53 70 56',3,'6a94952a962702a264fa01439afb198cf3ba4987',2,'317876607'),(762,'Zahir','eu.lacus@non.net','05 82 17 72 63',268,'9f7c3d018d4d690f4117ffd8763c58cd97ea34f4',2,'1750428871'),(763,'Ima','Praesent@iaculisodioNam.com','01 04 70 88 38',4,'35f5fea0149d09120176d2f65f49277c71cef8c0',3,'611387511'),(764,'Nero','fringilla.est@aliquetvel.com','05 51 27 61 74',268,'a906a54f20ea60edb90391dd932de77f642b0540',3,'1710293717'),(765,'Berk','posuere.at.velit@euarcu.org','09 48 23 65 19',268,'a46fb7f3367e0777309f2b4bcef741b91229c528',3,'1051246395'),(766,'Gay','Fusce.mollis@diam.org','04 01 21 37 17',4,'90dd3ab923b94d7887ee8373ff0476dfa112fe80',2,'1918888773'),(767,'Russell','risus.Duis.a@ligulaAenean.co.uk','05 76 16 79 54',10,'4a23ea174995cc6ba39bd12ef00d56855c27265e',2,'1656314948'),(768,'Stephanie','consequat.nec@aduiCras.org','03 09 36 36 42',8,'fd05c87f2a6c6963a2739f16efdc8732656f098e',2,'1912862758'),(769,'Jordan','sit@aliquetsem.org','09 68 18 26 94',268,'66bf55d7fe1f422e86ac17b5cf6d0c96a82630a0',2,'1197181567'),(770,'Zahir','cursus@risusInmi.co.uk','02 39 83 39 25',6,'875a3f65fdb241fd4f6565baa182413ac7e77c11',3,'2055957291'),(771,'Medge','eu.sem@dictummagnaUt.co.uk','01 26 34 55 92',6,'a2c2da59ed11c620e1bc3a7e0d707218a530d0dd',2,'264480443'),(772,'Martina','Vestibulum.ante@Maurisvestibulum.net','06 35 67 47 68',10,'db046065f313a4ae0a6c679bc68e2d219d46a6e6',3,'178205926'),(773,'Nehru','ante.Vivamus.non@eratsemper.com','01 97 04 06 87',9,'d7b1342a574cbe3c6762d378060daa21ef1813ca',3,'292847369'),(774,'Jana','non.feugiat.nec@nonjustoProin.ca','01 88 09 93 01',7,'a627f57b931325e43ff3043d08dceb5161c046e6',2,'246701492'),(775,'Quentin','gravida@semegestasblandit.co.uk','06 57 43 30 14',5,'e4017772c436b52f77e85db7070b44f89359beaa',2,'819013885'),(776,'Carter','dis@euismodurnaNullam.com','07 14 41 66 36',3,'9580ca68f9e8da2790fb079dca9de4e8fafc7780',2,'556606000'),(777,'Cooper','euismod@nunc.net','02 35 34 42 39',5,'08d97f5e83e882bdc2e856b2f98f8b4eaa482250',3,'1894399898'),(778,'Carson','sed.dui@nisi.org','07 56 30 71 99',6,'85577d54050d36b462c882b628029920accf68ea',2,'198122648'),(779,'Garrison','ac@ullamcorperviverra.edu','05 21 53 94 85',268,'fda468a9895900135f13f476490781d0501c5d5f',3,'553586985'),(780,'Sybill','Cras.eu@duiSuspendisseac.org','05 41 39 27 34',9,'938c5c08f35edf894e457604da8d5f19b88e1a7c',2,'996185037'),(781,'Aileen','Donec@sociisnatoque.co.uk','03 59 82 38 96',6,'35aa552ce780141cb7d389538f6940b6e88e2013',2,'750406241'),(782,'Hedy','fringilla@Nullatempor.ca','01 58 20 36 02',5,'e15fc8fbd6925404737594da72e27ef5f2359afe',2,'1187289460'),(783,'Solomon','diam.dictum.sapien@suscipitest.co.uk','03 90 97 34 01',268,'90d05684181777b7b0c25d63cc87819b22743d20',2,'2025475284'),(784,'Kirk','Phasellus.vitae@nonhendrerit.co.uk','07 09 82 79 86',268,'7e68992f20b96fc1a03cd89a42fdd57614d14069',2,'1209664474'),(785,'Quin','Proin.vel.arcu@cursusin.edu','08 60 85 09 06',6,'c148e22362e232902ba96c14357e9b9c551d38b7',3,'1847704541'),(786,'Angela','nunc.Quisque.ornare@ipsumnon.ca','09 53 72 84 20',268,'d93aba6da54e0cffad862b4747085e8db875b848',3,'992987055'),(787,'Quinlan','vitae.diam@idblanditat.com','01 62 23 53 20',10,'d14400312f7c4969648df7805e866226e7a6bb11',2,'852404911'),(788,'Mallory','blandit@netusetmalesuada.ca','04 60 47 89 83',10,'ff72dae2e53481ae6a49af7bfd099c8438436a4c',3,'873160755'),(789,'Latifah','Vestibulum.ante.ipsum@non.org','03 55 19 14 37',9,'7117029d952202f1bd559bfe5053e67d80dc8bd3',3,'2088304626'),(790,'Maggie','tincidunt.pede@urnaNunc.ca','02 37 60 10 71',268,'3f563c6aa855c8a5245c22be770e03b0bc36f03d',3,'1297952465'),(791,'Vernon','semper@dignissim.co.uk','06 92 09 07 11',268,'e377610c845d9764705cc11bb59e4419158f663f',2,'823078135'),(792,'Clinton','malesuada.vel.venenatis@dictumeueleifend.edu','01 19 06 77 78',5,'0d9abb0e9093bcb5c60401d761bedee61921b251',2,'798808660'),(793,'Harlan','quam@Morbiaccumsan.co.uk','03 68 45 62 44',3,'44c4919fd8dbc388aaa68a9c3bd805e26f0ee2b8',3,'976832545'),(794,'Fletcher','sit@malesuada.edu','09 27 45 76 54',5,'202ff427b12cacadf5fe4a66160756514e620fc6',2,'303753008'),(795,'Pascale','tellus.Nunc.lectus@disparturient.edu','09 78 13 23 64',3,'da02520944d277920ff4099045e0810790c8ce34',2,'607501013'),(796,'Kelly','facilisis.vitae.orci@elitNullafacilisi.co.uk','08 87 31 08 68',6,'eb91852ed4228b25cd5348af747f01bb222eba75',2,'157025188'),(797,'Gillian','quis@lobortis.com','03 13 81 92 41',268,'108707d7082fdd54ebdb91055e2004b788692019',3,'1220454557'),(798,'Doris','ipsum.primis@habitantmorbi.edu','03 81 68 09 02',10,'ee6ee012b591d858b5d5d48906fb904ba207c2da',2,'992604725'),(799,'Rahim','Nullam@vulputate.net','04 98 13 34 62',268,'754eebce590856c20724e099655e45241a4fcd04',3,'630914657'),(800,'Melissa','non.justo@velit.com','06 86 93 22 86',268,'ead4829f26a6b672242a7baf34d6f3041d60a88a',3,'1083016750'),(801,'Donovan','lorem.fringilla.ornare@maurisidsapien.ca','04 51 60 46 67',9,'a63a1881f84a6d950bb7c0e53bda8382c798db22',2,'1772076715'),(802,'Kay','blandit.enim@ullamcorpernislarcu.com','08 86 50 05 29',268,'5bbb5395639d79d3ad24efc4d602850031fb399c',2,'279866633'),(803,'Martena','nunc@Maurisblandit.org','09 85 32 15 76',6,'680b324d846525ba24736619475bbfd2117f78c8',2,'634243628'),(804,'Porter','eu.metus@dictummagnaUt.com','01 40 29 57 66',8,'5e0ba152862b7f59c76cc55945a806aedbdf12d9',2,'977761784'),(805,'Lev','aliquam@amet.com','05 29 38 48 77',7,'dfed73b25098c17ac8af615772eb9ae25c02e341',3,'21947031'),(806,'Hammett','diam.lorem@ante.edu','07 95 46 97 20',8,'c0286e65dd67dd23706b5de9f19db765c2d0022d',2,'1341906070'),(807,'Theodore','Suspendisse.sagittis.Nullam@Duisacarcu.edu','05 38 82 70 13',4,'437a434780fe21cc69845c3756cd0a59403540eb',2,'1706237102'),(808,'Blair','lectus@a.com','03 67 04 80 79',3,'44fe7adb97970e77d3b47f4c20b6964c420036da',2,'1714047254'),(809,'Xavier','scelerisque.mollis.Phasellus@quamvel.org','06 73 98 76 95',268,'2f2f9cf21d7af4aa50005895c5d0a8e396cd84f6',2,'871805336'),(810,'Grace','elit.dictum.eu@viverraMaecenasiaculis.net','08 21 50 27 81',5,'9b426b2c3614ca55051759101884c04f2149aa6b',2,'21272810'),(811,'Zoe','mauris.sapien@fringilla.edu','03 37 18 57 79',6,'42334a0366544d7b2fbb753a28fec0fd44adf06f',3,'1212618680'),(812,'Noah','in.felis.Nulla@convallisincursus.ca','07 54 99 19 81',8,'972e0f54297584b33cb6cdddc7aa1f5189e78c66',2,'1145515018'),(813,'Hermione','cursus.luctus.ipsum@tortor.org','05 00 28 92 81',10,'4248be096b596910888ddcbf830d10bee09da00b',3,'754126342'),(814,'Charde','amet.ornare.lectus@eratsemper.org','06 80 12 88 98',8,'a1cb32d65a33e3c65d2473feaaff569ace44e237',3,'2111148967'),(815,'Iris','Duis.cursus.diam@Proindolor.org','05 81 36 63 74',10,'b1bbf4f4d4629a48a45108bf4248b7320f35c324',2,'316963929'),(816,'Honorato','sodales@Integer.net','05 59 46 09 74',6,'80dc4966bee84ccb5e8c12db7fdb78eb407cc052',2,'1335541995'),(817,'Josiah','ultrices.Duis.volutpat@ultriciesligulaNullam.ca','02 01 38 40 19',5,'6f92cf6ac78070a76471167a6fcff182ecc743a5',2,'552620725'),(818,'Allen','egestas.Fusce.aliquet@CurabiturdictumPhasellus.ca','07 65 43 62 87',9,'8c33657578e53f5d5d3cb91d0257337f14052f3b',3,'174919234'),(819,'Avram','scelerisque.mollis@dignissim.ca','08 07 11 43 74',268,'8a8814c730592d44a5fd8c9564a451a4d5681425',2,'1464589362'),(820,'Faith','rhoncus.Donec@Donecfeugiat.org','03 86 30 32 16',3,'0edcb12d57a23c3fa167a8bf1f35ecc528d82314',2,'979916548'),(821,'Isadora','mauris.rhoncus@nequeetnunc.com','04 07 57 24 99',5,'80fc82bff88a28f6f8baa6276366d5ac4bb69b67',2,'597182486'),(822,'Geoffrey','tristique.neque.venenatis@Suspendissecommodotincidunt.com','02 25 39 80 59',5,'64e64257e080ec0a5ec3ea44a9264ba9521b23c0',2,'164427913'),(823,'Leroy','a.dui.Cras@scelerisquescelerisquedui.com','01 94 36 90 82',4,'fc9ad63fa8b66e8ef881dae3ff4d12e2238cb0ed',3,'2121230476'),(824,'Farrah','magna.et@felisNulla.org','08 17 53 92 52',7,'173bc950769503ceba084b5cfe0b2a5dc0b2f524',3,'2008099176'),(825,'Caesar','Donec@eu.com','03 53 92 69 52',10,'b54b04a314ce4acbb3241a1602f93e6dfb684a27',3,'65830112'),(826,'Bevis','sit.amet.metus@ullamcorpervelit.co.uk','01 54 85 67 23',5,'525d96fc4e85c31a8928e6a69017213d613ffb43',2,'30488149'),(827,'Craig','eu@ultricesa.co.uk','05 04 83 09 91',8,'1394a2bc5126b3db3cd816427bb723d4a0397960',2,'1487203614'),(828,'Asher','Curae@et.org','08 18 60 63 99',268,'0f32a66a51dd9fa2a69ef20c5a59f8f20ac30395',2,'1925902809'),(829,'Venus','non.vestibulum.nec@miacmattis.com','02 29 00 10 03',5,'71e345483fe06d8e049639891fcd255c5f8e0471',3,'1715305765'),(830,'Minerva','ligula@montes.edu','06 22 49 02 13',268,'aaf3bfeb25581ea93bd1ea5852e9f15e788976c9',3,'1145819505'),(831,'Christian','urna.nec@gravida.com','07 88 05 33 15',6,'d2351bb2ae8a6555656e2a49cf4d346bde896bdc',2,'52624132'),(832,'Ina','Sed.eu.eros@cursusNunc.com','04 72 39 72 67',4,'1ee28c92609776671a9eaafd2b149c6845e5eed9',2,'775009469'),(833,'Gareth','ullamcorper.Duis.cursus@Phasellusat.org','09 72 83 49 82',6,'81cb6e3d9d81d75e3e95e2f3c4f19a73fbd9f885',2,'386403069'),(834,'Tanek','pretium.et.rutrum@Aliquam.co.uk','05 66 94 83 73',9,'704846627d388474c4bb5b5e7ebd8c278deac1cc',3,'935674841'),(835,'Laurel','risus.Donec.egestas@magna.ca','09 56 93 76 69',3,'e029c72de36b6b2bb0a2520969e4af29e700caf2',2,'874859067'),(836,'Matthew','sit.amet.consectetuer@Suspendisse.com','02 47 35 12 00',268,'434e3638be1d48e2b567278c267c16e6639e1e30',3,'1438644930'),(837,'Lois','vel.vulputate.eu@volutpat.edu','07 90 72 71 15',6,'46798104e5537352483a7f94c1e756fe912c9946',3,'573729023'),(838,'Kelly','felis@tristiquesenectuset.com','03 74 69 23 00',5,'3cdafa5bc481326888cf4efb714c68e64adf55dd',2,'752922766'),(839,'Shana','non.lacinia.at@elementum.org','02 50 35 65 92',9,'af4d156cf0d85c3942da12627137e135f8aecbcd',3,'631787815'),(840,'Benedict','elit.Etiam@telluseuaugue.org','04 07 31 28 18',268,'4cc7d691c4302675fd38d6db15d4301425a10517',2,'2091965353'),(841,'Cairo','et@laoreet.edu','09 93 30 14 00',6,'41325c341fac79eeb533ff23011cd0de2e385397',2,'173954582'),(842,'Ayanna','vel@mauriserateget.co.uk','03 09 80 41 05',8,'dd3951324efc65a734fba38c6455b858f3c41e0f',2,'514631868'),(843,'Allistair','nisi.nibh@dolorsit.org','09 56 93 71 10',10,'f44d0ecc3886f3313e1df62d8d196807da39b17f',2,'1347631319'),(844,'Ryan','sit@aliquetProin.co.uk','07 57 82 65 86',10,'5349daa19c87b88194d2d74e62da2d4e39706a40',3,'1964628521'),(845,'Mikayla','a.malesuada@atsem.net','01 34 77 84 77',6,'357a4bf1fe198331601b4ea2fb7e314a517ad85d',2,'1320492403'),(846,'Georgia','quis.diam.luctus@tortor.edu','08 33 08 44 35',5,'34ce1bb74726c1a903e2157676dbf60a580177f0',2,'2125049423'),(847,'Regan','sed@Fuscemi.com','01 10 40 08 74',268,'7619c548a4557669fe4031140674288ab6889765',2,'974157877'),(848,'Scott','aliquam@afacilisis.edu','01 39 61 95 02',7,'c33ea4c6897b7248b9154e42ecc2bb9cf87dc92f',2,'690123292'),(849,'Chava','odio.Etiam@felispurus.com','05 83 48 40 29',7,'926071544eb1e163e002a4217fadfca6bfb5a46d',3,'1376714665'),(850,'Carson','sed.facilisis@tellusSuspendisse.edu','01 12 85 04 43',3,'a3ca04b837385a850d6fdc2f228b795f3f3fedea',3,'152638777'),(851,'Dahlia','neque@id.edu','09 64 77 04 32',4,'f1e967856a76c4e793b0465b041b0d42acf7180a',3,'921286479'),(852,'Jamalia','per.conubia.nostra@egestasrhoncusProin.org','03 68 19 55 61',6,'1a2d57c734ec803dfa85b853284cd371dd900e6b',2,'447463811'),(853,'Brent','velit.Cras@venenatisa.ca','06 93 26 16 95',268,'688e69d353129b4440707504b9d72a80faadd7e3',3,'236044663'),(854,'Rama','dui.Suspendisse@at.co.uk','08 13 72 16 57',9,'16199c4b25df080e709552090caf1c514812d109',3,'1159834554'),(855,'Xanthus','dignissim.Maecenas.ornare@ametrisus.co.uk','03 70 15 60 13',3,'1f2474e4d08179dd8cc907643d12e50e4354bc3a',2,'1811941756'),(856,'Keegan','Cras.lorem@enimEtiamimperdiet.com','03 26 51 75 40',10,'a94481d861b3c16ee57b8ba701bc6becc54d72c2',2,'1620376759'),(857,'Risa','est.mollis@sitametdapibus.org','08 31 36 26 83',3,'4fdea9b6c3ebd30160e0c92c0947c7dbd3978eeb',2,'248031991'),(858,'Amena','vel.arcu@ultrices.edu','01 43 77 69 53',9,'a15ae372d145c529ba4a817b41c345d258a4ba2f',3,'853470626'),(859,'Oren','odio.Phasellus.at@non.ca','04 66 10 34 24',10,'a93acfc3d38e07b8c60a54af8755dd88fcef09f3',2,'1751828485'),(860,'Thane','eget.venenatis@erosnectellus.edu','01 97 96 07 95',9,'98999b529a1bd4a6dfa933bb05ee814895eeef33',2,'1536643996'),(861,'Basil','ipsum@In.net','09 52 47 45 89',268,'e5b152c7066ac46e3e8162906c450c82783434a5',3,'1683935785'),(862,'Sacha','Maecenas.ornare@Vivamus.co.uk','01 52 19 40 77',268,'5d87b0f92cbdac67222c65e998d52e1024c0fb92',2,'1827859843'),(863,'Lucas','Lorem.ipsum@purus.co.uk','07 86 96 67 90',6,'8b986b8bfefab45a7395c9d2cb60efa88d0b9ecb',2,'587854941'),(864,'Eugenia','Sed.nec@pedeSuspendisse.com','05 38 36 29 39',268,'d9491df56fc59d8bd2a4dbb8c926cc537154cace',3,'81095114'),(865,'Robin','felis@dictum.org','02 75 71 81 02',6,'33af01ee0e235e3eaac1e5789ea0afb36049c6de',2,'1183151767'),(866,'Evan','ante@Donecegestas.com','03 57 94 56 31',9,'001b80a8d13833a353dd0a9e12efe791844e3a37',3,'1625991716'),(867,'Catherine','Pellentesque.habitant.morbi@enim.com','08 21 12 80 13',268,'46224c2d6014fa059c80835188c4552e3cab4d6b',3,'450959307'),(868,'Gabriel','placerat@augueeu.ca','02 12 74 45 00',268,'3b3cf8f87f9184439f6f3670295ceada1a545b9b',2,'565298061'),(869,'Gray','non@purusaccumsaninterdum.net','02 88 54 28 45',5,'12e80dd24efd5871f1eeca6a060cb98fb369f55e',2,'985609673'),(870,'Emmanuel','iaculis.odio@nequeInornare.co.uk','07 94 94 96 56',9,'b7978421168139a10c93658b54764eca31b2078b',3,'188999126'),(871,'Mallory','suscipit.nonummy.Fusce@mattissemperdui.net','03 49 84 46 86',4,'664f90b7a1a906bfac5373b953b528b3d9fc8acc',2,'659095568'),(872,'Caldwell','Sed.nec.metus@adipiscingnonluctus.co.uk','08 94 72 85 22',4,'5a475d7d3001ad71a8114b269cc00d0191ae5583',2,'1015843997'),(873,'Mercedes','faucibus@fermentum.co.uk','08 03 96 14 06',7,'7690ce99ab310317b5798d91c3fb7e2db08e01a3',2,'820731136'),(874,'Alden','aliquet.metus.urna@sempererat.edu','02 47 78 40 68',3,'6e17a3ee9e3e3a94593abe2e2cd4092ffd8a8897',2,'2104349571'),(875,'Chloe','Aliquam.auctor@intempus.org','02 46 35 29 28',8,'b539265a251ef9be22d2d8d1830b4d9cd01cd358',3,'2147017938'),(876,'Lillian','urna.nec@Aeneaneget.ca','01 27 00 72 01',9,'5ed0ed622abbcccb0460cd84c9c30a7fa15468c5',3,'1784754205'),(877,'Joan','taciti.sociosqu@dui.net','01 78 87 12 60',7,'abdba10dfa0761bf1774a8931f43dc1f6acdbcb3',3,'1199112436'),(878,'Orson','feugiat.tellus.lorem@sapien.com','03 41 07 22 40',7,'32ed23c12f06970b7b79fd4ee2b0f16200c82e45',2,'330494124'),(879,'Tashya','lobortis.augue.scelerisque@Phasellusornare.edu','05 65 08 35 11',6,'ee3b37d0ea3fd8abbcdbb463f20513a71f194dc2',3,'2003579678'),(880,'Byron','ridiculus.mus.Donec@dolorQuisque.ca','04 40 06 30 64',3,'50d96ab91ddafea6a6111c14d54eb861af7ba4c1',2,'1003908277'),(881,'Dylan','Duis.mi@bibendumsed.net','06 53 05 18 20',9,'9adacad5350b61bd3e4728a1e6d15b4f63fbc507',2,'207668986'),(882,'Ann','Proin@tinciduntvehicularisus.ca','03 02 77 14 26',8,'03ee77e6253b6ebdb0d9b8603931cc0f2f186aad',3,'102223526'),(883,'Willa','tincidunt@nullaCraseu.net','04 28 49 45 89',6,'5ad5409eb9c47c3e5a7ee3345dd94b9753a9efbc',3,'35712478'),(884,'Bertha','velit@metusurna.com','06 56 14 91 63',5,'8a6cba56ffc1ee4926ee4ba0e62bae9ad95f1cbc',3,'1506548238'),(885,'Timothy','eget.lacus@enimMaurisquis.com','07 62 71 60 23',268,'dd863fa3f9e8c65f25fc411981e615bd7566a1cf',3,'1129180170'),(886,'Steel','sem.Pellentesque.ut@Maurisnulla.com','03 33 02 09 57',6,'71f2e5652e91aa6334eedf8929852a3a1ce93d84',2,'956201482'),(887,'Aimee','est@sit.edu','05 36 50 39 15',268,'b2c65883d3c5b888db53ef67ea06cd9355b77956',2,'1261675915'),(888,'Kylee','consectetuer.mauris@augueidante.org','02 49 67 80 76',10,'174cd0be1f05fd72ce067c8e16cb5b21763c4414',3,'1968578888'),(889,'Hall','Donec.porttitor@pharetranibhAliquam.edu','02 30 20 38 53',6,'8e1a8b54f21cb952efa5d493da106dd1e534de2c',3,'1506523824'),(890,'Flynn','et.pede@Suspendissesagittis.ca','01 05 26 76 90',9,'e2143f756fed9c91ad95a4ac690b6114565071e8',3,'1229727152'),(891,'Jolene','feugiat.tellus.lorem@sedpedenec.com','09 05 26 12 72',4,'d79a017b06457dfe1a4e098a4d48b46e14be241d',2,'231542390'),(892,'Marshall','ipsum@inmolestietortor.org','09 74 02 58 67',4,'4f06b1e951e0d55beb1468a92d2b3977963433d9',2,'1676369733'),(893,'Jaquelyn','pellentesque.massa.lobortis@necquam.net','09 88 22 78 47',268,'d223a8a9ec603fc63ff76bd98dc8e7ab178057f6',2,'1344971845'),(894,'Jack','egestas.a.scelerisque@turpisnecmauris.net','01 49 93 48 38',9,'dc15e99c9d172724c57586d65bcb166a9cfeb052',2,'213003697'),(895,'Stephanie','scelerisque.dui@etmagnisdis.edu','07 77 06 44 39',6,'eb295363cf150497deb71a3ebc7aad221398d63f',2,'303411171'),(896,'Cedric','lobortis.risus.In@sem.org','03 63 99 63 14',9,'b17143e1bfef66d0f13e141ad926a4b341c4bc57',3,'1778541217'),(897,'Graham','purus@inconsequatenim.edu','01 40 66 48 82',268,'7a9252e227a9cd3ae4deb0446695fce4414ef77b',2,'853638461'),(898,'Samson','ornare.libero.at@non.co.uk','06 51 35 82 44',4,'6f3c355b53ab433231c9610d6e19d58c9fafd2ac',2,'511284186'),(899,'Reuben','ante.blandit.viverra@scelerisquenequesed.net','08 54 68 98 61',268,'588ef57e4ff0991fd82d52966c011b2c29951e73',3,'1369511781'),(900,'Stone','lorem@maurisipsum.net','05 44 99 93 82',5,'3084e03957e502be1f80f863bb5eaa47c9ac05f3',3,'265134160'),(901,'Donovan','ac@eleifendnunc.co.uk','03 76 79 39 11',7,'f70af6d5af91d556becf19e526bf6f5a076c8d90',3,'812421319'),(902,'Germaine','rhoncus.id@fermentum.net','05 52 55 18 98',8,'0a7c91734a99c697df28266a4b7d7d4755b77a28',3,'933551510'),(903,'Reagan','condimentum@consequatauctornunc.net','01 72 28 65 42',3,'3631c9519eab45eedc52d80a0d2e1d36f2cefb01',3,'517486259'),(904,'Karleigh','eu.ultrices@tortor.co.uk','09 16 35 77 69',9,'906f581711d7b8183ec1b7511cb17e64ec2429bd',3,'1858537022'),(905,'Jesse','elit@auguescelerisquemollis.co.uk','05 58 01 97 96',3,'338eddeb0f1168811d8c7ac59d662a94f20e7f26',3,'1954012364'),(906,'Jordan','hendrerit.a.arcu@eu.co.uk','07 15 48 23 27',4,'73bd32c6bd22b002af15762d2af742df25d173d7',3,'508042896'),(907,'Yoshio','eu@Crasvulputatevelit.ca','07 42 17 37 65',6,'6e385bb2eb8aa945c909e88728d6791b87efb250',3,'2108503508'),(908,'Cedric','Integer.aliquam@pretiumneque.org','03 53 08 86 64',6,'4f8b4c778105d364e1b8007314e9e034a3ffcd59',2,'846953620'),(909,'TaShya','egestas.nunc@consectetuercursuset.org','02 98 19 23 28',10,'414cb4497ea95108a02bcf17362d11826c19b459',3,'1986878076'),(910,'Sybil','nunc.In@tempuseu.co.uk','05 36 59 51 78',6,'4ab5a13424b784bf1b5ff8e11a86df8157c1a0a7',2,'1606022801'),(911,'Anjolie','metus.facilisis.lorem@sem.com','08 34 10 06 74',6,'773547976cf9f39445d23187568fbd82c02c9f1c',2,'215366795'),(912,'Zenia','Fusce@utcursus.net','04 06 36 23 99',9,'b8c306e1a77a39d8e8fe05e2c79c615f931019c4',3,'1089517082'),(913,'Sage','non.cursus.non@ipsumprimisin.ca','08 62 88 22 05',4,'f16163050d2f44b858983e7167ee607aa145aa6e',2,'705098371'),(914,'Zachery','diam.nunc@arcuVestibulum.net','03 51 59 70 46',3,'8f40512fffcd5158578c2d44f78ab8f8d48911c7',3,'948811849'),(915,'Neville','Donec@Etiamgravidamolestie.org','09 70 26 38 48',268,'287aa0ae7675c6e5969e0be092b89296df7a0f44',3,'687171158'),(916,'Kyla','eu@dolor.net','04 08 09 52 68',268,'9af7afc40155ab63a5abfdc22f688c610ea61843',3,'1059496157'),(917,'Tara','malesuada.Integer.id@lacusAliquam.org','04 68 19 98 66',10,'4825db85a18d53705a8a3661c0e89c83dbc228f8',3,'2054869017'),(918,'Maxwell','pellentesque.tellus.sem@tellusid.org','09 27 69 64 28',5,'31c0e1f050ac566b8ec782f66178b82efe0b3b14',2,'393623835'),(919,'Ursa','viverra.Maecenas@lacinia.org','07 34 04 56 47',268,'b4a9fd28af7793611090aead95260e18160996f0',3,'1015522284'),(920,'Odessa','bibendum@mattisCras.ca','08 75 30 10 55',268,'e744aa9bb189e6a714923c738f28ea4756c207e0',2,'1190185365'),(921,'Nichole','placerat.velit@mi.com','01 72 83 27 48',5,'3a661529144c4242eebba59fdd0aa4abe33c2c82',2,'1240674611'),(922,'Ammos','porttitor@erateget.ca','04 87 36 36 04',10,'23a680f058a906af359550b63943c319d32f29c6',3,'636061161'),(923,'Tobias','sed@tortoratrisus.edu','02 62 29 91 60',4,'a8f9def80e9d83ac1551193e14c43c585b8ce157',2,'1528291144'),(924,'Simon','Phasellus@nonluctussit.co.uk','02 17 04 00 99',8,'b7c80e769274a55b944205454a17f931cb3ce89e',3,'1523316814'),(925,'Miriam','Proin.mi.Aliquam@etultrices.edu','05 69 38 46 19',268,'b63e33653a972da7361af9e4e9c5172dd8d997ea',3,'982097424'),(926,'Uma','Cras.vulputate@Donec.net','06 41 99 99 47',268,'24cbdc7dd05d6f9b112ee1226669b616193308af',2,'1871603689'),(927,'Edan','nibh.sit@nisidictumaugue.org','01 93 54 08 97',7,'483a4dffbd80a5eac6867ad2496e2fc4362d6c25',2,'1061566935'),(928,'Yasir','neque.Nullam@aliquet.net','09 61 09 26 90',10,'c5b22a6a728fbf6814c45b484ef8cd0de990c789',3,'2019517505'),(929,'Ira','neque@nequeInornare.edu','02 21 37 61 14',10,'78f44944cb6636315603c2c454930bfa8a9f2a6b',3,'80362966'),(930,'Nicholas','arcu.iaculis.enim@Aenean.edu','04 89 55 75 07',10,'72cceaaefed47d9a061e1b123577c8df7736addb',3,'1284324447'),(931,'Upton','ipsum.Curabitur.consequat@liberoProinmi.co.uk','05 26 01 11 71',9,'0c887af3f4d3a7ccb79f975c9e64cf18fece027d',2,'2019074658'),(932,'Ignacia','Curae.Donec.tincidunt@consequatenim.ca','05 81 38 02 90',7,'556ba47995e0ca12eae742637ea605010a5836a8',2,'157019900'),(933,'Uma','sit@elitdictumeu.org','06 96 57 16 40',7,'8eba0e0a1d8f65f6e50f80084c1863d699219663',3,'1815151551'),(934,'Leilani','non.magna@Sedeu.com','09 87 42 08 90',10,'ecaef8129502d451fad1acd46f671b4ff59d6766',2,'1486656769'),(935,'Jason','non@justoeuarcu.net','08 77 88 88 29',10,'aa749ffcaab7bbd0801299a9079b51e199322f54',3,'975903318'),(936,'Callie','semper.cursus.Integer@diam.ca','08 64 74 65 62',6,'5b2b131e19424cb48b78677e1147d1a07ba297b3',3,'240267591'),(937,'Shay','lectus.pede.ultrices@nuncac.ca','07 88 48 36 28',8,'ea1fb731d243b7e918763c3187ad7d68a18dbd1d',2,'204970932'),(938,'Ima','erat.nonummy@adipiscingnonluctus.net','06 98 18 43 17',9,'e1200e9744c24cdc5f677b3450c5f5530f3120d7',3,'1108827583'),(939,'Raven','ipsum.primis.in@varius.net','05 61 89 30 36',6,'a48711de199e3c5f941f70bf7afd1eddd39a9814',3,'1377996758'),(940,'Nayda','facilisis@parturient.edu','01 76 57 17 36',9,'82aa39d644f4b92662c5e419892f5eedc48f6542',3,'144365568'),(941,'Kaseem','rhoncus@sem.net','09 47 56 06 77',7,'ac5e26ed7824bc741c7be0b39ad62c7dbe1428bb',2,'1615932032'),(942,'Amal','interdum@etlibero.ca','03 51 10 25 39',268,'6a74ee4f1340e321287f6432f9bd5f94dcec20a1',3,'799340965'),(943,'Lysandra','purus.Nullam.scelerisque@Utnec.net','04 97 41 32 89',3,'9026629d8ed22f9341a0372f57ed1e370ccdc39d',3,'1539566714'),(944,'Macaulay','nunc@vehicula.ca','05 34 96 61 51',5,'e05e3b2d73315415e7601610f5751d6960eccee1',2,'339171286'),(945,'Calista','sagittis.felis.Donec@augueidante.co.uk','05 83 40 17 77',7,'357fd4a8525fbafa6bf3471bf2e4cad5c6abe89c',3,'51890926'),(946,'Fletcher','dolor.Fusce@semutdolor.co.uk','06 97 90 82 40',7,'2ae7708edac7fd46ab668725b7343e515a228fbf',3,'1420966913'),(947,'Nell','Duis.risus@molestie.co.uk','06 00 78 53 31',10,'0ad895d33856f75f531170270c1ac7fd6f523b08',3,'290493610'),(948,'Moses','purus.accumsan.interdum@Namnullamagna.org','07 56 68 49 68',6,'65f1300937f70a14fb99f0e0c02f8795c397dcea',2,'734401832'),(949,'Blaze','mauris.Integer.sem@et.net','05 69 04 57 04',6,'ecf399f4983a2d0bb47bbfd18bf9766e4f9eaf5a',3,'1407665314'),(950,'Hayden','odio@dolor.ca','06 94 82 60 64',5,'f36b0ab82e7ddfe677e341d8f9d81e0dccd31781',2,'648872169'),(951,'Dominic','eu.accumsan@eumetusIn.co.uk','07 94 66 04 38',5,'19710ba97ebdaa21cd6f78bb6225ccadf57d08ed',2,'252626622'),(952,'Neville','faucibus.orci@Proinvel.org','09 16 85 42 30',3,'10d800a33cb42fffa48247d09a9f79c523be9b5a',3,'283329803'),(953,'Galvin','et.malesuada@ipsumcursus.com','03 76 10 48 01',7,'0809963b012d41c533d2f7c2b4b73c912ce9802e',3,'269887797'),(954,'Dexter','et.netus@consectetuer.co.uk','06 48 29 50 10',7,'c5608696a6c016ad2e257689f9cfe3bde423c2dd',3,'2057459224'),(955,'Inga','enim.Curabitur.massa@Namtempor.ca','01 48 75 46 63',10,'8490b9f752808a60487d88da49b1c6e7f1e33b1b',3,'1530584148'),(956,'Hiram','hendrerit.consectetuer@gravidamauris.com','07 64 81 63 87',3,'13d303a365c92e98ef8aeb95d4499d30cccd5b54',3,'529066393'),(957,'Nathaniel','sagittis.Nullam.vitae@Proin.com','02 33 10 86 29',10,'2f593a7ad6dae4d6d0a811d91a2685f93cbf08e9',3,'1587605929'),(958,'April','placerat.velit.Quisque@Etiam.net','05 88 48 52 16',3,'5857de0dcb9ef6247eb46861052f1bdee4bcbc07',3,'938559809'),(959,'Mufutau','risus@mollis.com','06 21 54 59 58',268,'729e086f4ac4af08525a3ffe0f85018283742377',2,'1808131532'),(960,'Laurel','et.commodo.at@euplacerat.co.uk','04 94 69 48 57',268,'024fc535bfe7e949cbb5187bb8db622842f69227',2,'1654103665'),(961,'Jaquelyn','tellus.Suspendisse@blandit.org','08 09 57 19 08',268,'7978e232ca77e456732617129279de2d68762dbd',3,'45534216'),(962,'Jenna','nascetur.ridiculus.mus@imperdiet.co.uk','08 73 01 92 55',4,'c2040481d38e4e248035871064ea7a161f03b570',2,'1317129530'),(963,'Colby','turpis@cursusnon.edu','06 42 55 53 73',268,'81658ef75a662101280daff7f8188e47e41ef8d8',3,'760991189'),(964,'Phoebe','eros.non.enim@posuereat.org','01 13 73 36 57',6,'4561a8331fabb208dd0dbc45eeaeed0cccdf16bf',3,'1288336116'),(965,'Chava','tempus@nulla.ca','06 63 89 19 03',10,'c806c2d4ceeeee10d4944d3ee9f91bd7908f27de',3,'674392897'),(966,'Olivia','nunc.est@diamdictum.com','06 10 30 80 38',5,'06532702213c987f8cf099eb7c9f6de8526bf75c',2,'1599983108'),(967,'Amber','vulputate.nisi.sem@penatibusetmagnis.org','08 13 56 67 64',6,'0513d264343254527a133f4a4505cb89b6c6964d',3,'1296172979'),(968,'Justin','nec.quam.Curabitur@Phasellusdolor.edu','07 44 56 85 59',6,'ab31331fa57de56a26585708eaee872e2cab05a2',2,'1934038486'),(969,'Grant','vel@magnamalesuadavel.ca','02 07 32 56 52',7,'c322311fb84678e71338b5b5b9f2e7bbb29be9aa',3,'179059185'),(970,'Uriel','aliquet@Aliquamfringillacursus.edu','03 02 32 88 28',268,'dcb566830fd9c038ed39f28ea855da6661d990e9',3,'1068991822'),(971,'Geoffrey','faucibus.lectus.a@necquam.net','08 84 07 91 07',268,'6cc6e18238f1b7d177dfe997b5495c9265a5f07b',2,'2032048330'),(972,'Morgan','et.arcu@natoquepenatibus.com','03 50 40 13 52',8,'4c89b18becaf1616e51410b5d1f57c66668723e2',3,'1059645243'),(973,'Gay','odio@Loremipsumdolor.net','07 00 04 02 17',10,'d203772cb32d964fa7fcf81b9f76eead7b9d886e',3,'152082838'),(974,'Leo','turpis.egestas.Aliquam@ac.net','08 74 15 52 81',9,'88b8bd4d04f1ccf3257a376812e5617412bdd429',2,'1105012718'),(975,'Thor','purus.Nullam@elementum.net','05 54 80 88 51',7,'32e0a05f9403d340c1648cd3253a763f85e5f532',2,'2065078529'),(976,'Patricia','quam.elementum.at@velit.org','06 95 26 20 11',7,'9519fd6c7e0bc9cb6b339d99191860b37587a916',3,'1696313713'),(977,'Cameran','scelerisque.mollis@volutpat.ca','01 91 45 76 74',268,'0c23af68ef88a6f9dbcbce15481b324d09d5300c',3,'20732346'),(978,'Hadley','tempor.diam@Loremipsumdolor.com','01 03 94 89 63',268,'646ba555a076fa3c64056824d0dbeefcfc090b82',2,'249681963'),(979,'Bianca','scelerisque.scelerisque@Duissitamet.com','06 09 59 66 47',7,'2a226e0be90d961f08c10105dca8f52d118450a5',2,'1980057946'),(980,'Nerea','nec@Vivamus.org','03 55 36 66 16',268,'fc7b2ba6d1e4a8bf72b0c684a271897e89c2cf62',3,'472126178'),(981,'Medge','tincidunt.pede.ac@ornarefacilisis.co.uk','08 10 99 41 26',9,'dc08b17cb87c95f8dd68b8cb7ebef5ce8b0b714d',2,'269393608'),(982,'Venus','arcu.Morbi@Cum.ca','05 24 84 92 18',268,'3650fb53299d87cc76073ec1e56a64169696e565',3,'1905680693'),(983,'Ferris','tincidunt.congue@arcu.net','03 34 51 12 26',268,'c2de68b8f6e7386eb226428ef8c310a268d5d059',2,'1079102642'),(984,'Lewis','Etiam.laoreet@aaliquetvel.net','07 05 49 31 26',6,'bf29fc827a38ab5c9f8cdc3f5bb6ae030ffff668',2,'1095657833'),(985,'Lacota','iaculis.odio@elit.edu','04 38 41 43 50',3,'1b0beb4a2c384d494b24499fbe6ae6552d81071d',3,'1976264796'),(986,'Pascale','massa@Fuscemollis.org','07 24 68 75 52',268,'80fdbc3b0e7caea54d205dcffe028e3a395c3ead',3,'1425370184'),(987,'Christine','non@lacus.edu','06 62 39 14 55',5,'903770ac39c8e0aa54ca6617e73380045746f10e',3,'312933801'),(988,'Yvonne','eu@musAeneaneget.org','09 02 48 98 49',4,'76ad95901f34b0d7f677a14c737b178333908510',2,'720301192'),(989,'Octavius','non@nec.co.uk','03 95 32 63 13',6,'3d767ad2f216977aee8e6e54155a0b0c95fe8bb0',3,'583111740'),(990,'Randall','mi.Duis@Integer.com','05 27 52 61 21',268,'c471e9da16da642ba48f014bbf40091f1f8d87a6',2,'1814071654'),(991,'Basil','magna.Duis@eteuismod.net','06 17 29 55 27',4,'fc4df4d4c7c03485b3f6710caca61ef8e3f0cfd6',2,'701652303'),(992,'Dacey','leo@enim.co.uk','03 97 82 04 89',7,'8199a87b208940ad156aaec80462bea7b05024d5',2,'637768572'),(993,'Gail','dictum.Phasellus@sitametconsectetuer.com','09 07 74 33 84',268,'20272eae457f59a536b2ae3a098d408ba9a3adff',2,'1606650041'),(994,'Byron','sit.amet@ridiculusmus.edu','09 30 97 76 07',3,'25b064aa77975ee87eeb221082fad6cd2f7da39e',2,'988505573'),(995,'Madeson','vitae@antedictumcursus.net','08 34 87 90 62',9,'42d984cae803204bd6517aeddc5816d4f2167a5c',2,'471346076'),(996,'Xander','odio.vel@elementum.co.uk','06 80 95 79 03',6,'ec193979238cd87bad70fbe31103e0301e1a6544',2,'643374521'),(997,'Kim','Donec@risusNunc.com','09 57 77 80 22',9,'8c70e2155273fd8463443ff49a1749a82e82ce66',3,'1728331066'),(998,'Caldwell','turpis.egestas@loremvehicula.org','02 60 89 93 41',9,'64b23a79ad5035a906a42e885be6c0bd60ae141d',3,'156646459'),(999,'Brett','Aliquam@sodalesMaurisblandit.org','07 59 72 08 25',7,'e8af3b4596a547044130fc2fa1d59bcbd59f98fe',3,'83195504'),(1000,'Aretha','vulputate.mauris.sagittis@commodoauctorvelit.net','07 21 35 57 02',3,'c4364e989434422149684680050a477805a79f88',3,'128956556');
/*!40000 ALTER TABLE `client` ENABLE KEYS */;
UNLOCK TABLES;

--
-- Table structure for table `commande`
--

DROP TABLE IF EXISTS `commande`;


CREATE TABLE `commande` (
  `idcommande` mediumint NOT NULL,
  `idclient` mediumint DEFAULT NULL,
  `date` date DEFAULT NULL,
  `idetat` mediumint DEFAULT NULL,
  PRIMARY KEY (`idcommande`),
  KEY `FK_client_idclient` (`idclient`),
  KEY `FK_etat_idetat` (`idetat`),
  CONSTRAINT `FK_client_idclient` FOREIGN KEY (`idclient`) REFERENCES `client` (`idclient`) ON DELETE SET NULL ON UPDATE SET NULL,
  CONSTRAINT `FK_etat_idetat` FOREIGN KEY (`idetat`) REFERENCES `etat` (`idetat`) ON DELETE SET NULL ON UPDATE SET NULL
) ENGINE=InnoDB;


--
-- Dumping data for table `commande`
--

LOCK TABLES `commande` WRITE;
INSERT INTO `commande` VALUES (1,199,'2020-06-26',1),(2,639,'2020-12-26',1),(3,999,'2020-09-29',2),(4,381,'2021-05-30',3),(5,293,'2021-02-01',2),(6,443,'2021-01-01',3),(7,847,'2020-10-06',2),(8,167,'2020-11-08',3),(9,213,'2020-06-27',3),(10,684,'2020-12-22',1),(11,479,'2021-02-10',2),(12,494,'2020-07-30',1),(13,29,'2021-01-24',2),(14,846,'2020-07-26',1),(15,833,'2021-01-02',2),(16,904,'2020-11-18',1),(17,19,'2021-05-19',3),(18,616,'2021-04-19',3),(19,240,'2020-12-19',3),(20,458,'2020-11-28',1),(21,243,'2020-11-20',1),(22,40,'2021-04-01',1),(23,703,'2020-11-09',2),(24,801,'2020-09-21',1),(25,880,'2020-11-18',3),(26,331,'2020-11-19',2),(27,854,'2021-05-08',2),(28,867,'2021-05-04',3),(29,550,'2021-05-02',2),(30,229,'2021-02-02',3),(31,328,'2021-05-13',3),(32,981,'2020-12-07',3),(33,383,'2020-10-31',2),(34,139,'2021-03-05',1),(35,864,'2021-05-10',2),(36,633,'2020-08-15',1),(37,638,'2021-04-19',2),(38,896,'2021-02-12',1),(39,190,'2021-04-07',3),(40,876,'2021-04-16',2),(41,235,'2021-02-27',2),(42,788,'2021-02-12',1),(43,360,'2021-04-12',3),(44,247,'2020-09-07',1),(45,326,'2021-02-21',2),(46,579,'2020-06-27',3),(47,549,'2021-02-18',2),(48,546,'2020-08-15',2),(49,936,'2021-04-24',2),(50,809,'2021-02-13',3),(51,557,'2020-09-15',3),(52,370,'2021-04-10',2),(53,379,'2021-05-20',2),(54,623,'2021-05-13',2),(55,795,'2021-03-14',2),(56,369,'2021-05-24',3),(57,428,'2021-01-22',2),(58,326,'2020-10-26',1),(59,350,'2020-09-30',3),(60,45,'2021-04-04',3),(61,712,'2020-09-18',2),(62,886,'2021-03-17',3),(63,602,'2020-10-17',2),(64,140,'2021-04-21',3),(65,416,'2020-10-20',3),(66,51,'2020-08-13',3),(67,906,'2020-08-28',2),(68,669,'2021-03-08',3),(69,758,'2020-12-10',3),(70,3,'2020-07-04',3),(71,316,'2021-02-01',3),(72,784,'2020-10-03',3),(73,952,'2020-12-24',2),(74,746,'2020-07-12',1),(75,885,'2020-07-22',3),(76,425,'2021-01-25',1),(77,533,'2021-05-07',1),(78,972,'2020-08-14',2),(79,497,'2020-09-25',1),(80,864,'2021-03-30',2),(81,471,'2020-11-26',2),(82,442,'2020-07-02',3),(83,333,'2021-05-20',3),(84,808,'2021-01-08',3),(85,223,'2020-07-28',3),(86,589,'2021-05-31',1),(87,247,'2021-05-22',1),(88,646,'2021-04-26',3),(89,614,'2020-11-16',3),(90,379,'2020-10-13',3),(91,152,'2021-05-13',3),(92,250,'2021-01-24',1),(93,538,'2021-03-26',1),(94,595,'2021-01-04',3),(95,421,'2020-09-16',3),(96,699,'2021-04-03',3),(97,148,'2020-07-04',3),(98,807,'2020-10-06',1),(99,944,'2021-01-04',2),(100,279,'2020-12-10',1),(101,82,'2020-10-30',3),(102,377,'2020-10-30',1),(103,818,'2021-05-08',2),(104,313,'2020-10-05',3),(105,850,'2021-02-27',2),(106,485,'2021-03-30',1),(107,934,'2020-08-02',2),(108,899,'2020-10-21',3),(109,368,'2021-03-23',3),(110,461,'2021-02-25',3),(111,546,'2020-12-08',3),(112,788,'2021-01-26',3),(113,361,'2021-03-02',2),(114,974,'2020-08-01',1),(115,851,'2021-03-10',2),(116,189,'2020-08-28',3),(117,559,'2020-09-22',2),(118,28,'2020-07-17',2),(119,145,'2020-07-02',2),(120,481,'2021-01-20',2),(121,633,'2021-04-07',2),(122,615,'2020-08-05',2),(123,818,'2021-02-26',1),(124,745,'2021-02-18',3),(125,239,'2021-02-28',2),(126,414,'2021-05-21',1),(127,174,'2021-02-06',3),(128,933,'2020-07-29',1),(129,735,'2020-12-02',3),(130,323,'2021-04-24',2),(131,399,'2021-02-23',3),(132,777,'2021-05-30',3),(133,480,'2020-08-29',3),(134,915,'2020-07-16',3),(135,195,'2021-02-05',1),(136,755,'2020-10-24',3),(137,455,'2020-12-07',2),(138,841,'2021-02-23',1),(139,968,'2020-11-01',3),(140,699,'2020-09-02',1),(141,21,'2021-02-05',2),(142,280,'2020-11-19',2),(143,164,'2021-04-30',2),(144,374,'2020-09-06',1),(145,602,'2020-08-29',1),(146,880,'2020-12-22',2),(147,600,'2021-05-25',1),(148,608,'2021-04-01',1),(149,122,'2020-10-02',2),(150,37,'2021-02-20',2),(151,292,'2021-03-07',1),(152,532,'2021-02-03',1),(153,256,'2021-04-04',2),(154,231,'2021-04-27',2),(155,177,'2020-11-11',3),(156,109,'2021-03-24',2),(157,776,'2021-03-02',3),(158,74,'2021-03-16',2),(159,447,'2020-08-08',3),(160,702,'2021-03-19',3),(161,945,'2020-10-19',1),(162,548,'2020-11-24',2),(163,249,'2020-11-26',3),(164,830,'2021-04-13',2),(165,133,'2021-03-30',1),(166,776,'2021-01-20',1),(167,789,'2021-02-28',2),(168,297,'2020-11-27',1),(169,263,'2021-02-01',3),(170,603,'2020-09-11',1),(171,967,'2020-06-30',1),(172,899,'2020-12-27',2),(173,848,'2020-08-24',2),(174,131,'2021-01-11',1),(175,647,'2021-03-22',1),(176,939,'2021-04-18',3),(177,929,'2021-04-06',1),(178,127,'2021-04-05',2),(179,951,'2020-10-28',3),(180,778,'2021-02-24',1),(181,861,'2021-05-29',3),(182,556,'2021-01-23',1),(183,412,'2021-04-13',1),(184,863,'2021-03-31',3),(185,60,'2021-05-17',3),(186,725,'2020-07-18',1),(187,20,'2021-01-15',2),(188,90,'2021-04-28',3),(189,639,'2021-04-19',2),(190,991,'2020-12-29',3),(191,423,'2021-02-15',3),(192,950,'2020-07-09',1),(193,873,'2021-01-04',1),(194,765,'2020-08-31',1),(195,953,'2020-09-23',3),(196,642,'2020-07-11',1),(197,672,'2020-08-26',1),(198,24,'2020-08-19',1),(199,394,'2020-08-21',2),(200,404,'2020-09-24',3),(201,709,'2020-10-14',1),(202,634,'2021-04-11',3),(203,817,'2021-01-29',2),(204,615,'2021-01-21',2),(205,295,'2020-10-17',2),(206,432,'2021-03-12',1),(207,44,'2020-08-30',3),(208,833,'2020-10-31',2),(209,988,'2020-07-22',3),(210,934,'2020-06-26',3),(211,792,'2021-04-11',3),(212,559,'2020-08-14',2),(213,785,'2020-10-02',3),(214,329,'2020-06-28',2),(215,7,'2020-06-29',3),(216,381,'2021-01-30',2),(217,242,'2021-04-09',3),(218,768,'2021-04-09',2),(219,222,'2021-02-22',1),(220,927,'2020-08-31',3),(221,108,'2020-12-31',1),(222,612,'2020-12-26',3),(223,222,'2021-04-21',2),(224,618,'2020-09-09',3),(225,349,'2020-11-18',2),(226,101,'2021-03-08',1),(227,166,'2021-04-19',2),(228,34,'2020-11-01',2),(229,138,'2020-08-27',1),(230,188,'2020-12-15',1),(231,179,'2020-10-24',1),(232,151,'2021-03-22',2),(233,595,'2020-09-22',3),(234,447,'2020-07-04',2),(235,145,'2020-06-27',3),(236,516,'2020-12-22',2),(237,713,'2020-11-04',1),(238,158,'2021-05-11',3),(239,360,'2021-01-06',1),(240,207,'2020-07-07',3),(241,835,'2021-04-27',2),(242,22,'2020-10-02',2),(243,838,'2020-09-08',1),(244,201,'2020-12-09',2),(245,32,'2021-03-21',2),(246,198,'2020-12-12',3),(247,918,'2020-07-27',2),(248,292,'2020-07-03',1),(249,368,'2021-03-28',1),(250,217,'2021-05-04',1),(251,912,'2020-08-11',2),(252,933,'2020-11-01',2),(253,46,'2020-10-02',2),(254,182,'2021-01-18',2),(255,173,'2021-02-07',2),(256,291,'2020-09-02',3),(257,49,'2021-02-22',1),(258,598,'2020-08-28',1),(259,830,'2021-01-07',3),(260,142,'2021-04-19',2),(261,534,'2021-01-15',3),(262,723,'2020-07-07',3),(263,989,'2020-09-07',1),(264,993,'2021-03-16',3),(265,824,'2020-12-31',1),(266,994,'2020-12-07',3),(267,32,'2020-09-10',3),(268,366,'2020-11-20',1),(269,367,'2020-10-23',1),(270,70,'2020-11-10',2),(271,349,'2020-08-19',2),(272,496,'2020-11-20',1),(273,503,'2021-02-17',2),(274,237,'2021-01-04',1),(275,560,'2021-03-29',3),(276,733,'2021-03-09',3),(277,364,'2020-08-30',1),(278,304,'2020-09-08',1),(279,97,'2020-08-17',3),(280,572,'2020-11-27',3),(281,301,'2021-03-04',2),(282,984,'2020-08-20',2),(283,773,'2020-07-22',2),(284,597,'2020-07-15',1),(285,676,'2021-03-02',2),(286,94,'2021-05-18',1),(287,973,'2020-12-31',2),(288,222,'2020-12-21',2),(289,391,'2020-09-09',2),(290,117,'2021-01-02',3),(291,881,'2020-08-02',3),(292,980,'2020-07-31',1),(293,271,'2020-11-08',3),(294,416,'2021-02-05',3),(295,521,'2020-07-27',1),(296,684,'2020-12-18',3),(297,691,'2021-04-24',3),(298,144,'2021-03-24',2),(299,119,'2021-01-21',3),(300,259,'2021-03-04',1),(301,81,'2020-07-07',2),(302,5,'2021-03-21',3),(303,873,'2020-08-02',1),(304,201,'2020-07-29',3),(305,290,'2021-02-26',3),(306,945,'2020-10-06',1),(307,414,'2020-12-27',3),(308,167,'2020-07-26',3),(309,121,'2021-02-18',2),(310,837,'2021-01-29',3),(311,993,'2020-12-31',3),(312,121,'2020-12-17',2),(313,842,'2020-07-04',3),(314,495,'2020-07-20',1),(315,13,'2020-11-28',1),(316,697,'2020-10-12',2),(317,862,'2021-03-24',3),(318,774,'2021-02-09',1),(319,938,'2020-11-03',1),(320,627,'2021-01-24',3),(321,314,'2021-02-07',3),(322,783,'2021-05-10',1),(323,55,'2020-11-14',1),(324,669,'2021-01-28',1),(325,524,'2020-09-28',1),(326,841,'2021-02-01',3),(327,525,'2021-02-08',2),(328,13,'2020-07-22',3),(329,95,'2021-05-10',2),(330,77,'2020-08-18',2),(331,681,'2021-04-12',2),(332,716,'2021-01-03',3),(333,84,'2020-07-15',2),(334,152,'2021-03-22',3),(335,252,'2021-04-04',1),(336,9,'2021-05-17',2),(337,112,'2020-09-17',2),(338,565,'2021-05-18',3),(339,407,'2020-08-01',3),(340,628,'2021-04-02',3),(341,242,'2021-04-30',3),(342,927,'2020-07-12',2),(343,538,'2020-06-24',2),(344,885,'2021-05-01',2),(345,905,'2020-10-15',2),(346,207,'2021-04-25',1),(347,481,'2020-07-22',1),(348,509,'2020-07-13',2),(349,858,'2020-11-22',1),(350,319,'2020-07-09',1),(351,20,'2021-06-01',2),(352,556,'2020-11-04',3),(353,255,'2021-05-30',2),(354,644,'2021-02-24',3),(355,163,'2020-12-21',3),(356,83,'2020-12-02',3),(357,164,'2020-12-31',1),(358,951,'2020-11-09',3),(359,247,'2021-05-30',1),(360,424,'2020-08-23',3),(361,232,'2020-11-05',2),(362,367,'2020-11-04',3),(363,789,'2021-05-23',1),(364,499,'2021-04-15',2),(365,659,'2021-01-08',2),(366,440,'2020-09-01',2),(367,432,'2020-12-30',3),(368,174,'2021-02-11',1),(369,858,'2021-04-19',3),(370,482,'2020-07-02',3),(371,357,'2021-05-15',3),(372,36,'2021-05-13',3),(373,888,'2020-10-16',1),(374,148,'2021-01-01',3),(375,272,'2021-05-06',3),(376,420,'2021-01-07',2),(377,122,'2021-03-27',2),(378,396,'2021-05-21',3),(379,302,'2020-11-24',1),(380,64,'2021-02-16',2),(381,267,'2020-10-31',2),(382,439,'2020-08-12',3),(383,870,'2020-11-15',1),(384,924,'2020-11-08',1),(385,469,'2021-05-12',2),(386,593,'2020-12-31',1),(387,159,'2020-10-02',1),(388,326,'2021-01-08',3),(389,228,'2021-02-11',1),(390,337,'2021-02-05',2),(391,755,'2021-03-09',2),(392,736,'2020-09-14',3),(393,882,'2020-12-12',1),(394,515,'2021-01-15',2),(395,398,'2021-01-25',1),(396,930,'2021-05-10',2),(397,435,'2021-05-15',1),(398,930,'2020-09-24',1),(399,369,'2020-12-19',2),(400,168,'2020-10-10',2),(401,229,'2021-04-22',3),(402,36,'2020-10-31',2),(403,223,'2021-03-25',1),(404,521,'2021-02-05',1),(405,74,'2020-08-09',3),(406,572,'2020-06-24',2),(407,273,'2021-02-23',1),(408,542,'2020-10-16',1),(409,95,'2021-05-02',1),(410,66,'2020-11-09',2),(411,777,'2021-05-14',1),(412,15,'2020-10-18',2),(413,776,'2020-07-16',3),(414,558,'2020-06-29',2),(415,624,'2020-09-22',2),(416,90,'2020-09-03',2),(417,463,'2021-03-09',1),(418,382,'2021-02-06',3),(419,289,'2021-02-14',1),(420,196,'2021-03-13',3),(421,172,'2020-11-27',2),(422,506,'2020-09-22',2),(423,331,'2020-07-24',1),(424,318,'2020-11-09',1),(425,725,'2020-08-26',3),(426,883,'2020-11-07',1),(427,23,'2020-12-10',3),(428,454,'2021-03-25',3),(429,528,'2021-04-04',1),(430,989,'2020-07-01',1),(431,705,'2020-10-09',3),(432,968,'2020-11-16',3),(433,961,'2020-12-17',3),(434,949,'2021-05-31',3),(435,231,'2020-11-06',2),(436,384,'2020-08-16',1),(437,886,'2020-11-11',3),(438,942,'2020-10-23',2),(439,799,'2020-09-22',1),(440,607,'2020-06-29',3),(441,235,'2021-04-25',1),(442,736,'2021-05-19',1),(443,461,'2020-07-30',1),(444,340,'2020-07-17',2),(445,698,'2020-09-06',2),(446,536,'2021-03-03',2),(447,215,'2021-03-28',2),(448,115,'2020-11-08',1),(449,419,'2020-07-16',1),(450,61,'2021-01-16',2),(451,321,'2021-05-24',1),(452,809,'2021-05-16',3),(453,391,'2021-05-28',1),(454,979,'2020-08-16',3),(455,499,'2021-03-21',3),(456,945,'2021-05-14',1),(457,52,'2021-05-24',2),(458,892,'2020-08-10',3),(459,707,'2020-12-24',1),(460,529,'2021-01-24',3),(461,905,'2020-10-11',2),(462,213,'2021-01-16',2),(463,109,'2021-04-05',2),(464,193,'2020-08-17',1),(465,578,'2021-01-26',2),(466,901,'2020-11-18',3),(467,787,'2021-03-22',1),(468,153,'2020-11-20',1),(469,133,'2020-11-22',2),(470,64,'2020-12-22',3),(471,90,'2020-09-16',1),(472,281,'2021-04-24',1),(473,817,'2021-01-22',3),(474,897,'2021-04-25',3),(475,401,'2020-10-06',1),(476,566,'2020-11-04',1),(477,67,'2021-01-07',2),(478,756,'2020-10-01',2),(479,462,'2020-08-14',2),(480,780,'2020-12-18',1),(481,12,'2020-11-23',1),(482,420,'2020-09-01',1),(483,497,'2020-12-08',3),(484,727,'2020-11-26',1),(485,204,'2021-02-26',2),(486,216,'2020-11-18',3),(487,592,'2021-05-11',3),(488,267,'2021-01-20',2),(489,566,'2020-08-31',1),(490,812,'2021-04-22',3),(491,903,'2021-02-05',2),(492,165,'2021-04-22',2),(493,800,'2020-12-12',3),(494,853,'2021-04-15',2),(495,700,'2020-08-05',2),(496,826,'2021-05-16',2),(497,527,'2021-02-10',3),(498,556,'2020-12-17',3),(499,546,'2021-05-12',2),(500,793,'2020-08-17',2),(501,272,'2020-12-09',2),(502,907,'2020-08-15',2),(503,994,'2020-12-06',1),(504,912,'2021-01-06',2),(505,191,'2020-07-19',2),(506,895,'2021-04-26',2),(507,24,'2020-09-30',3),(508,59,'2020-10-06',2),(509,631,'2021-03-21',3),(510,185,'2021-03-24',1),(511,487,'2020-07-08',1),(512,162,'2020-11-21',2),(513,572,'2020-08-25',2),(514,231,'2020-10-08',3),(515,730,'2021-03-13',3),(516,956,'2021-02-21',3),(517,347,'2020-12-09',1),(518,272,'2020-07-16',2),(519,157,'2021-03-09',3),(520,356,'2021-02-15',2),(521,947,'2020-11-29',1),(522,967,'2020-11-12',3),(523,236,'2020-09-17',3),(524,235,'2020-10-28',2),(525,137,'2020-12-28',3),(526,316,'2021-03-17',1),(527,172,'2021-02-05',2),(528,780,'2021-05-27',3),(529,756,'2021-04-29',1),(530,51,'2021-04-29',3),(531,733,'2020-12-30',3),(532,357,'2020-12-01',3),(533,888,'2021-05-16',2),(534,537,'2020-12-08',1),(535,272,'2020-11-26',2),(536,115,'2021-04-18',2),(537,950,'2020-08-24',2),(538,385,'2020-09-23',1),(539,873,'2021-05-21',2),(540,198,'2021-03-14',3),(541,446,'2020-07-16',3),(542,833,'2021-04-11',2),(543,519,'2021-05-26',1),(544,531,'2021-04-14',2),(545,15,'2020-12-17',3),(546,672,'2021-04-29',3),(547,211,'2020-12-12',3),(548,66,'2020-08-08',3),(549,182,'2020-11-23',3),(550,770,'2020-12-12',3),(551,934,'2020-08-10',1),(552,541,'2020-11-12',3),(553,631,'2020-07-26',1),(554,312,'2020-07-22',3),(555,827,'2020-10-27',2),(556,10,'2020-11-09',1),(557,552,'2020-12-19',2),(558,676,'2021-04-06',2),(559,564,'2021-04-19',2),(560,992,'2021-03-23',1),(561,425,'2020-08-28',1),(562,634,'2020-08-26',2),(563,63,'2021-04-11',2),(564,141,'2020-11-27',3),(565,121,'2021-05-09',1),(566,202,'2020-09-06',2),(567,344,'2020-12-23',3),(568,443,'2020-08-26',1),(569,238,'2021-03-13',2),(570,220,'2020-12-24',3),(571,247,'2020-08-17',1),(572,869,'2021-03-04',3),(573,422,'2020-08-13',3),(574,420,'2020-09-21',2),(575,839,'2020-11-10',1),(576,764,'2021-01-19',1),(577,618,'2020-10-22',3),(578,191,'2020-12-30',1),(579,589,'2020-08-23',3),(580,945,'2020-09-01',2),(581,908,'2020-10-24',1),(582,647,'2020-12-29',1),(583,86,'2021-01-19',2),(584,528,'2020-07-28',3),(585,944,'2020-10-17',2),(586,274,'2021-04-25',3),(587,507,'2021-04-21',1),(588,2,'2020-10-13',1),(589,219,'2021-05-14',1),(590,732,'2021-01-03',1),(591,660,'2020-07-19',3),(592,614,'2021-05-07',3),(593,573,'2020-09-26',1),(594,946,'2021-05-17',3),(595,911,'2020-12-12',3),(596,986,'2021-01-15',2),(597,97,'2021-05-30',1),(598,466,'2020-11-09',3),(599,660,'2021-05-28',1),(600,615,'2020-10-09',3),(601,405,'2021-03-22',2),(602,686,'2020-10-28',2),(603,779,'2020-08-18',1),(604,584,'2020-12-28',1),(605,449,'2021-01-07',2),(606,448,'2020-07-03',3),(607,524,'2021-03-25',1),(608,593,'2020-09-12',2),(609,639,'2021-04-12',1),(610,54,'2020-07-26',3),(611,173,'2020-09-13',1),(612,856,'2020-10-04',1),(613,599,'2020-07-28',1),(614,996,'2021-02-27',1),(615,838,'2021-01-28',2),(616,546,'2021-02-13',2),(617,39,'2020-08-15',2),(618,840,'2021-01-19',3),(619,50,'2020-07-26',2),(620,867,'2021-05-04',2),(621,384,'2020-10-05',1),(622,475,'2020-08-08',2),(623,997,'2020-08-30',2),(624,952,'2020-11-27',2),(625,916,'2020-11-11',1),(626,144,'2021-01-08',3),(627,557,'2021-01-27',2),(628,787,'2021-05-30',3),(629,549,'2020-08-23',2),(630,924,'2021-02-08',2),(631,939,'2020-10-12',2),(632,53,'2020-10-25',2),(633,425,'2020-10-29',1),(634,230,'2021-02-04',3),(635,170,'2020-10-17',3),(636,613,'2020-12-10',3),(637,798,'2021-01-11',3),(638,348,'2021-05-31',2),(639,343,'2020-11-14',1),(640,47,'2020-10-28',1),(641,291,'2020-12-22',3),(642,167,'2021-03-26',1),(643,852,'2021-04-12',1),(644,740,'2021-01-30',2),(645,82,'2020-08-10',2),(646,633,'2021-05-08',3),(647,223,'2020-07-18',2),(648,389,'2021-05-16',3),(649,705,'2020-10-12',1),(650,629,'2021-04-03',3),(651,453,'2021-04-14',1),(652,763,'2021-04-15',1),(653,187,'2020-09-19',1),(654,479,'2020-09-26',2),(655,433,'2020-10-09',2),(656,982,'2020-06-27',3),(657,283,'2021-05-11',2),(658,214,'2021-01-19',1),(659,246,'2021-04-13',1),(660,924,'2020-06-27',2),(661,731,'2020-11-14',3),(662,926,'2020-10-23',2),(663,795,'2021-02-06',1),(664,351,'2020-12-20',3),(665,681,'2021-02-26',2),(666,700,'2020-12-21',3),(667,743,'2021-04-09',1),(668,574,'2020-09-03',1),(669,735,'2021-04-02',2),(670,985,'2021-05-31',3),(671,62,'2021-02-28',1),(672,989,'2020-08-08',3),(673,683,'2021-04-28',1),(674,941,'2021-03-06',3),(675,372,'2020-12-29',2),(676,92,'2020-08-30',3),(677,974,'2021-03-30',3),(678,683,'2020-11-18',2),(679,451,'2020-11-27',3),(680,251,'2021-04-15',3),(681,670,'2021-05-06',2),(682,511,'2021-03-31',1),(683,373,'2021-01-06',3),(684,51,'2020-10-29',2),(685,707,'2021-01-26',3),(686,627,'2021-05-07',3),(687,355,'2020-11-09',2),(688,546,'2020-11-06',1),(689,1,'2020-09-13',3),(690,52,'2020-12-26',2),(691,638,'2021-02-03',3),(692,516,'2020-08-05',3),(693,67,'2020-12-20',1),(694,130,'2021-05-15',1),(695,72,'2020-07-16',3),(696,196,'2020-11-11',1),(697,638,'2021-03-01',3),(698,501,'2021-05-01',2),(699,823,'2021-03-22',3),(700,958,'2020-07-18',2),(701,670,'2020-12-13',1),(702,900,'2020-09-11',2),(703,306,'2021-04-06',2),(704,700,'2021-05-25',3),(705,306,'2020-11-27',3),(706,999,'2021-02-22',2),(707,290,'2021-03-18',3),(708,721,'2021-05-29',1),(709,203,'2021-02-15',3),(710,96,'2021-02-17',2),(711,607,'2020-12-17',3),(712,460,'2021-05-06',2),(713,999,'2020-08-24',2),(714,607,'2020-07-17',1),(715,852,'2020-12-04',2),(716,327,'2021-04-03',1),(717,102,'2021-04-29',1),(718,593,'2021-02-12',2),(719,963,'2021-05-21',3),(720,243,'2021-01-01',1),(721,793,'2020-11-22',3),(722,570,'2020-12-30',1),(723,634,'2020-11-20',3),(724,786,'2021-01-03',2),(725,662,'2021-01-08',2),(726,707,'2020-11-11',2),(727,384,'2020-08-30',2),(728,608,'2021-04-12',1),(729,233,'2021-05-27',3),(730,580,'2021-06-01',2),(731,591,'2021-03-17',1),(732,711,'2021-02-16',2),(733,899,'2021-03-29',3),(734,401,'2020-10-30',3),(735,202,'2020-07-10',1),(736,379,'2020-10-14',1),(737,959,'2020-07-30',2),(738,37,'2021-02-11',3),(739,945,'2020-06-28',3),(740,770,'2020-07-20',3),(741,463,'2020-06-25',2),(742,729,'2020-10-21',3),(743,745,'2021-01-08',3),(744,266,'2020-07-28',1),(745,352,'2020-07-17',2),(746,267,'2021-04-08',3),(747,649,'2020-08-13',2),(748,601,'2021-03-21',1),(749,207,'2021-05-31',3),(750,232,'2021-01-21',3),(751,144,'2020-07-04',2),(752,822,'2020-12-11',1),(753,75,'2021-04-28',2),(754,197,'2020-06-29',3),(755,771,'2020-11-30',2),(756,882,'2020-08-04',1),(757,472,'2021-01-12',3),(758,440,'2020-10-15',2),(759,290,'2020-07-21',1),(760,349,'2020-10-01',2),(761,82,'2020-12-04',3),(762,17,'2021-02-14',3),(763,805,'2021-05-29',1),(764,731,'2021-02-23',1),(765,532,'2020-11-25',3),(766,410,'2020-12-18',3),(767,316,'2020-10-11',2),(768,856,'2020-06-26',1),(769,251,'2020-12-29',3),(770,294,'2020-07-12',2),(771,852,'2020-12-05',3),(772,472,'2020-10-30',3),(773,544,'2020-06-30',3),(774,933,'2020-11-10',1),(775,659,'2021-01-28',1),(776,834,'2020-11-25',1),(777,261,'2021-05-26',2),(778,275,'2020-08-08',3),(779,507,'2020-09-28',2),(780,675,'2020-11-17',2),(781,257,'2021-04-26',1),(782,215,'2020-09-26',1),(783,406,'2021-02-14',2),(784,302,'2020-11-26',2),(785,774,'2021-04-22',1),(786,58,'2020-08-07',3),(787,876,'2020-11-09',2),(788,33,'2021-01-24',3),(789,408,'2020-10-23',1),(790,997,'2021-02-18',2),(791,28,'2020-12-19',3),(792,107,'2020-09-26',1),(793,818,'2020-08-01',2),(794,233,'2021-05-01',1),(795,190,'2021-02-16',3),(796,91,'2020-10-08',2),(797,775,'2020-09-06',2),(798,759,'2020-11-16',3),(799,461,'2020-10-23',1),(800,160,'2020-09-13',2),(801,650,'2020-09-18',3),(802,651,'2020-08-26',2),(803,549,'2020-07-08',3),(804,598,'2021-04-20',1),(805,420,'2021-02-23',1),(806,932,'2020-07-27',2),(807,147,'2020-07-08',1),(808,426,'2020-09-06',2),(809,715,'2020-09-16',3),(810,700,'2020-09-04',1),(811,423,'2020-12-28',1),(812,669,'2021-03-29',2),(813,225,'2020-06-30',3),(814,529,'2020-07-28',3),(815,170,'2020-11-29',1),(816,654,'2020-07-16',3),(817,512,'2020-09-03',3),(818,95,'2020-09-30',3),(819,977,'2020-07-08',2),(820,958,'2021-02-08',3),(821,798,'2021-02-06',1),(822,368,'2020-11-11',1),(823,678,'2021-04-30',2),(824,345,'2020-08-13',1),(825,142,'2021-05-22',1),(826,868,'2021-04-07',1),(827,113,'2020-09-26',1),(828,879,'2020-08-15',2),(829,48,'2021-03-25',1),(830,919,'2020-09-18',3),(831,374,'2020-10-09',1),(832,431,'2021-03-19',1),(833,876,'2020-07-18',1),(834,407,'2020-08-14',1),(835,562,'2020-10-15',3),(836,32,'2021-01-04',2),(837,953,'2021-02-08',1),(838,647,'2021-03-09',1),(839,179,'2020-07-18',2),(840,365,'2020-11-23',3),(841,362,'2020-08-22',3),(842,539,'2021-01-23',2),(843,914,'2021-02-08',3),(844,249,'2021-03-10',1),(845,593,'2021-03-16',1),(846,524,'2021-01-31',3),(847,421,'2021-01-21',3),(848,285,'2020-07-11',1),(849,730,'2020-06-24',2),(850,363,'2020-07-22',2),(851,651,'2021-04-21',3),(852,510,'2021-02-12',2),(853,269,'2020-07-03',3),(854,383,'2021-05-31',3),(855,815,'2020-10-16',3),(856,455,'2020-07-16',1),(857,621,'2020-09-10',2),(858,102,'2021-06-01',3),(859,776,'2021-01-11',1),(860,236,'2020-11-03',2),(861,150,'2020-12-15',3),(862,764,'2020-10-04',1),(863,753,'2020-12-23',1),(864,415,'2021-01-16',3),(865,874,'2020-10-06',2),(866,557,'2021-05-15',3),(867,333,'2021-03-17',1),(868,221,'2020-09-07',1),(869,329,'2021-03-20',2),(870,810,'2020-12-25',3),(871,10,'2021-03-23',3),(872,598,'2020-09-13',3),(873,465,'2020-11-04',1),(874,33,'2021-02-03',2),(875,784,'2020-11-18',2),(876,163,'2020-09-29',3),(877,332,'2020-12-31',2),(878,654,'2021-03-26',2),(879,90,'2020-09-05',1),(880,609,'2020-08-17',3),(881,70,'2020-09-15',1),(882,633,'2021-05-14',2),(883,90,'2021-01-02',2),(884,261,'2020-09-21',3),(885,193,'2020-08-07',2),(886,840,'2021-03-12',1),(887,442,'2021-05-29',3),(888,124,'2020-12-05',3),(889,323,'2020-10-08',2),(890,235,'2020-08-03',1),(891,422,'2020-11-05',2),(892,185,'2020-11-05',3),(893,152,'2021-03-05',2),(894,272,'2021-03-29',2),(895,440,'2020-09-05',3),(896,328,'2020-07-31',1),(897,28,'2020-09-12',3),(898,395,'2020-12-05',3),(899,569,'2021-04-19',1),(900,577,'2021-05-28',1),(901,379,'2020-12-29',1),(902,208,'2020-11-03',3),(903,386,'2020-10-07',3),(904,704,'2020-06-25',3),(905,699,'2021-05-31',2),(906,201,'2020-08-22',1),(907,841,'2020-10-18',3),(908,433,'2021-05-15',2),(909,2,'2021-01-12',3),(910,795,'2020-12-13',3),(911,3,'2021-02-04',3),(912,537,'2020-08-25',1),(913,738,'2020-08-27',3),(914,849,'2020-07-29',3),(915,251,'2020-08-13',1),(916,828,'2021-04-20',3),(917,272,'2021-02-21',3),(918,795,'2020-11-25',2),(919,782,'2020-10-22',3),(920,164,'2020-08-28',1),(921,710,'2020-11-20',1),(922,684,'2020-10-27',2),(923,505,'2021-05-05',2),(924,340,'2020-07-27',2),(925,678,'2020-12-11',1),(926,781,'2020-09-02',2),(927,694,'2021-04-16',2),(928,807,'2021-03-28',1),(929,216,'2021-03-25',2),(930,119,'2021-01-14',3),(931,155,'2021-04-02',2),(932,722,'2021-04-04',2),(933,608,'2020-11-08',2),(934,649,'2021-03-18',3),(935,30,'2021-05-22',2),(936,367,'2020-06-26',1),(937,720,'2020-09-30',2),(938,74,'2021-03-12',3),(939,654,'2021-01-28',2),(940,950,'2020-09-28',2),(941,801,'2021-03-19',2),(942,77,'2021-04-25',3),(943,261,'2021-04-30',3),(944,695,'2021-01-18',1),(945,544,'2021-01-07',2),(946,876,'2021-02-23',1),(947,359,'2021-03-26',1),(948,662,'2021-01-20',3),(949,196,'2021-05-25',1),(950,669,'2021-03-15',1),(951,360,'2020-10-26',3),(952,728,'2021-01-15',3),(953,820,'2020-12-07',3),(954,566,'2020-11-21',3),(955,122,'2020-12-29',2),(956,138,'2021-01-28',2),(957,859,'2020-12-11',2),(958,622,'2020-08-22',2),(959,264,'2020-08-11',1),(960,833,'2020-11-08',2),(961,901,'2020-08-31',2),(962,599,'2021-01-01',2),(963,845,'2021-02-10',3),(964,98,'2021-01-03',1),(965,97,'2020-11-06',1),(966,456,'2020-10-21',2),(967,716,'2020-12-08',1),(968,680,'2021-01-10',3),(969,254,'2020-12-24',2),(970,634,'2021-04-21',2),(971,567,'2020-09-22',3),(972,871,'2021-05-02',2),(973,222,'2020-11-12',1),(974,420,'2021-05-14',2),(975,124,'2021-01-01',2),(976,76,'2021-01-04',1),(977,968,'2020-08-08',1),(978,436,'2020-11-21',1),(979,78,'2021-03-25',3),(980,689,'2020-09-20',1),(981,38,'2020-10-13',2),(982,42,'2020-11-04',1),(983,784,'2021-02-28',3),(984,887,'2020-09-29',1),(985,835,'2021-04-28',2),(986,418,'2020-12-08',2),(987,417,'2021-04-14',1),(988,796,'2021-02-16',3),(989,377,'2020-07-19',3),(990,312,'2021-04-27',3),(991,209,'2020-07-17',3),(992,669,'2020-10-31',1),(993,481,'2021-05-22',1),(994,498,'2020-12-22',3),(995,117,'2020-07-15',1),(996,151,'2021-04-23',3),(997,348,'2020-11-20',3),(998,271,'2021-04-21',2),(999,536,'2020-07-28',2),(1000,698,'2021-03-29',2),(1001,649,'2020-11-28',3),(1002,29,'2020-12-16',3),(1003,715,'2021-04-19',1),(1004,996,'2021-04-21',3),(1005,683,'2020-10-18',2),(1006,702,'2020-06-29',1),(1007,971,'2021-03-20',1),(1008,327,'2020-09-11',1),(1009,523,'2020-11-18',3),(1010,228,'2020-10-14',2),(1011,936,'2020-11-08',2),(1012,976,'2021-02-19',1),(1013,818,'2021-05-27',2),(1014,657,'2020-12-14',2),(1015,425,'2020-11-26',1),(1016,736,'2020-10-21',1),(1017,492,'2020-08-16',1),(1018,718,'2021-04-22',1),(1019,433,'2020-12-24',3),(1020,25,'2020-08-15',2),(1021,470,'2020-08-27',3),(1022,875,'2020-10-07',3),(1023,178,'2021-04-23',1),(1024,789,'2020-11-03',2),(1025,806,'2021-03-07',2),(1026,785,'2020-08-15',1),(1027,278,'2021-02-13',2),(1028,1000,'2020-07-12',3),(1029,78,'2021-01-28',3),(1030,547,'2020-11-01',2),(1031,615,'2021-05-20',3),(1032,500,'2020-11-24',3),(1033,42,'2020-12-21',2),(1034,248,'2020-11-06',3),(1035,930,'2020-07-23',1),(1036,380,'2020-09-15',2),(1037,36,'2021-05-14',1),(1038,578,'2020-10-16',1),(1039,154,'2021-03-09',2),(1040,5,'2021-03-17',1),(1041,85,'2020-07-20',2),(1042,914,'2020-08-24',2),(1043,21,'2021-05-10',1),(1044,862,'2021-04-18',2),(1045,804,'2020-09-01',3),(1046,581,'2020-11-17',3),(1047,352,'2020-08-12',1),(1048,601,'2021-03-24',2),(1049,462,'2021-01-09',2),(1050,3,'2020-08-18',3),(1051,447,'2020-11-04',1),(1052,224,'2021-02-22',1),(1053,36,'2021-04-14',3),(1054,389,'2020-10-31',1),(1055,166,'2020-09-16',3),(1056,763,'2021-04-06',1),(1057,452,'2020-11-09',1),(1058,532,'2020-07-24',1),(1059,922,'2021-03-17',2),(1060,164,'2020-12-16',1),(1061,416,'2020-06-26',3),(1062,539,'2021-02-08',2),(1063,283,'2021-03-26',1),(1064,215,'2021-02-09',2),(1065,981,'2020-10-12',1),(1066,904,'2020-11-27',1),(1067,799,'2020-07-26',2),(1068,242,'2021-04-05',3),(1069,659,'2020-11-03',3),(1070,865,'2020-12-11',3),(1071,404,'2021-05-03',2),(1072,663,'2020-12-08',1),(1073,230,'2021-04-28',3),(1074,621,'2020-11-15',2),(1075,491,'2021-04-03',1),(1076,459,'2020-11-26',2),(1077,844,'2020-10-10',1),(1078,281,'2021-03-11',3),(1079,341,'2021-03-29',2),(1080,872,'2021-04-15',2),(1081,914,'2021-03-03',3),(1082,427,'2020-09-24',2),(1083,916,'2020-12-01',3),(1084,977,'2020-12-17',2),(1085,908,'2020-08-20',2),(1086,191,'2020-08-09',2),(1087,802,'2020-12-22',2),(1088,478,'2021-05-07',1),(1089,215,'2020-07-27',1),(1090,790,'2020-11-20',2),(1091,364,'2020-12-04',2),(1092,551,'2020-10-23',1),(1093,940,'2021-02-01',2),(1094,485,'2021-04-24',1),(1095,324,'2021-03-26',2),(1096,161,'2021-02-02',2),(1097,990,'2020-08-16',3),(1098,811,'2021-05-23',3),(1099,651,'2020-07-16',2),(1100,151,'2020-12-16',1),(1101,877,'2020-11-29',3),(1102,396,'2020-12-11',3),(1103,219,'2020-08-13',1),(1104,468,'2021-02-16',3),(1105,317,'2020-11-21',2),(1106,600,'2020-08-22',3),(1107,618,'2020-12-19',1),(1108,783,'2020-12-21',1),(1109,755,'2021-04-25',1),(1110,573,'2021-04-25',1),(1111,112,'2020-10-06',3),(1112,365,'2020-06-24',3),(1113,743,'2020-10-14',1),(1114,713,'2021-01-13',2),(1115,33,'2021-01-25',3),(1116,38,'2020-08-04',1),(1117,257,'2021-01-28',3),(1118,550,'2020-11-24',1),(1119,569,'2021-01-29',3),(1120,637,'2020-10-18',1),(1121,288,'2021-02-20',3),(1122,180,'2020-12-06',2),(1123,557,'2020-10-08',2),(1124,970,'2021-05-14',2),(1125,283,'2021-02-25',1),(1126,69,'2021-04-22',1),(1127,787,'2021-02-13',3),(1128,38,'2021-01-24',3),(1129,242,'2021-03-22',3),(1130,24,'2021-04-28',1),(1131,606,'2020-11-01',2),(1132,54,'2021-03-18',2),(1133,84,'2020-08-20',2),(1134,723,'2021-02-28',1),(1135,956,'2021-05-07',2),(1136,506,'2021-04-06',3),(1137,600,'2020-08-29',1),(1138,115,'2021-05-19',1),(1139,638,'2021-05-11',2),(1140,461,'2020-09-15',1),(1141,95,'2021-05-03',2),(1142,46,'2020-07-11',2),(1143,27,'2021-05-22',3),(1144,494,'2020-09-04',3),(1145,875,'2020-06-30',2),(1146,215,'2020-09-01',1),(1147,379,'2021-03-13',2),(1148,296,'2021-05-02',2),(1149,744,'2020-10-10',2),(1150,537,'2021-02-05',3),(1151,850,'2021-04-05',2),(1152,691,'2020-09-24',3),(1153,182,'2021-04-04',2),(1154,283,'2020-12-19',3),(1155,82,'2021-05-30',2),(1156,745,'2021-02-17',2),(1157,667,'2020-09-19',1),(1158,585,'2021-05-05',1),(1159,873,'2020-10-24',2),(1160,783,'2021-04-25',3),(1161,196,'2020-07-01',3),(1162,265,'2020-10-14',1),(1163,812,'2020-10-30',1),(1164,617,'2020-09-22',1),(1165,127,'2020-09-15',2),(1166,652,'2020-10-07',1),(1167,416,'2020-09-09',1),(1168,264,'2021-03-02',1),(1169,655,'2021-05-27',3),(1170,338,'2020-11-22',1),(1171,939,'2020-08-26',3),(1172,303,'2020-12-21',3),(1173,767,'2020-10-19',2),(1174,626,'2020-12-30',2),(1175,39,'2021-02-22',2),(1176,412,'2021-01-19',1),(1177,980,'2020-11-15',2),(1178,950,'2020-12-26',1),(1179,630,'2020-08-26',2),(1180,117,'2020-11-21',1),(1181,670,'2020-08-07',1),(1182,94,'2020-12-25',2),(1183,664,'2020-10-25',2),(1184,351,'2021-04-20',2),(1185,585,'2021-03-27',1),(1186,654,'2021-03-07',2),(1187,883,'2020-10-27',3),(1188,597,'2020-12-19',1),(1189,155,'2020-11-04',1),(1190,675,'2021-01-06',3),(1191,896,'2020-12-13',1),(1192,399,'2020-10-01',1),(1193,811,'2020-08-27',1),(1194,180,'2021-04-02',1),(1195,372,'2021-05-21',1),(1196,551,'2020-07-22',2),(1197,51,'2020-11-23',3),(1198,948,'2020-12-13',3),(1199,52,'2020-07-28',2),(1200,710,'2021-05-15',1),(1201,582,'2020-07-16',2),(1202,156,'2020-12-09',2),(1203,143,'2021-03-18',1),(1204,140,'2021-05-17',3),(1205,920,'2021-01-22',3),(1206,257,'2021-03-03',2),(1207,391,'2020-09-10',1),(1208,338,'2020-10-15',2),(1209,931,'2020-12-06',2),(1210,181,'2020-07-23',3),(1211,323,'2020-12-23',2),(1212,553,'2021-02-17',2),(1213,414,'2020-12-14',1),(1214,166,'2020-08-11',2),(1215,55,'2020-07-15',3),(1216,836,'2020-12-25',3),(1217,522,'2021-05-29',3),(1218,68,'2021-01-27',3),(1219,667,'2021-03-24',2),(1220,270,'2021-03-08',2),(1221,807,'2020-12-31',2),(1222,930,'2021-04-27',1),(1223,845,'2021-01-14',3),(1224,272,'2021-05-10',3),(1225,101,'2021-05-10',1),(1226,140,'2020-08-10',2),(1227,143,'2021-03-01',2),(1228,473,'2020-09-02',3),(1229,912,'2020-10-29',1),(1230,408,'2020-12-13',3),(1231,366,'2020-07-05',2),(1232,179,'2020-09-27',1),(1233,43,'2021-03-22',1),(1234,839,'2021-05-17',2),(1235,470,'2021-03-23',3),(1236,80,'2021-01-09',3),(1237,967,'2020-12-29',1),(1238,276,'2021-01-12',1),(1239,983,'2020-08-08',3),(1240,453,'2021-02-28',1),(1241,864,'2021-02-27',2),(1242,507,'2021-01-10',3),(1243,958,'2020-12-16',2),(1244,34,'2020-12-24',2),(1245,936,'2020-12-26',2),(1246,77,'2020-11-17',2),(1247,954,'2020-07-15',2),(1248,828,'2020-12-18',2),(1249,672,'2020-12-15',1),(1250,143,'2020-11-08',1),(1251,238,'2021-04-04',3),(1252,98,'2020-08-27',3),(1253,781,'2020-10-03',1),(1254,719,'2020-07-04',1),(1255,746,'2020-12-11',3),(1256,852,'2021-05-23',1),(1257,590,'2020-12-20',1),(1258,349,'2021-01-22',1),(1259,772,'2020-10-22',2),(1260,231,'2020-10-25',1),(1261,898,'2020-08-28',3),(1262,425,'2021-01-26',3),(1263,331,'2020-10-29',3),(1264,146,'2020-12-27',1),(1265,548,'2021-03-03',2),(1266,247,'2021-05-04',2),(1267,997,'2020-11-29',2),(1268,18,'2020-08-19',3),(1269,974,'2020-12-26',3),(1270,2,'2020-12-19',1),(1271,775,'2021-05-23',2),(1272,975,'2020-09-27',1),(1273,288,'2021-01-13',3),(1274,543,'2021-04-05',2),(1275,776,'2020-12-10',3),(1276,980,'2021-03-17',2),(1277,360,'2020-07-01',2),(1278,167,'2020-07-31',3),(1279,721,'2020-07-27',1),(1280,151,'2020-09-15',2),(1281,921,'2020-11-11',3),(1282,909,'2021-02-26',3),(1283,882,'2020-11-26',2),(1284,451,'2020-07-01',3),(1285,681,'2021-01-26',3),(1286,644,'2021-05-01',3),(1287,104,'2021-05-12',1),(1288,332,'2020-12-23',2),(1289,874,'2020-08-05',3),(1290,790,'2020-07-21',1),(1291,641,'2021-04-25',2),(1292,25,'2020-08-06',2),(1293,80,'2020-12-16',1),(1294,151,'2020-07-26',1),(1295,326,'2020-08-10',3),(1296,372,'2020-10-06',2),(1297,720,'2021-03-11',2),(1298,151,'2021-05-20',3),(1299,380,'2021-05-31',3),(1300,261,'2020-11-10',3),(1301,640,'2021-02-19',1),(1302,694,'2021-05-08',1),(1303,543,'2020-07-14',1),(1304,412,'2020-10-30',2),(1305,250,'2020-11-02',3),(1306,213,'2021-02-23',2),(1307,435,'2020-11-01',3),(1308,810,'2021-02-25',1),(1309,263,'2021-01-22',2),(1310,558,'2020-09-24',1),(1311,189,'2020-08-13',1),(1312,893,'2020-11-12',3),(1313,255,'2020-12-27',1),(1314,101,'2020-10-16',1),(1315,369,'2021-05-10',2),(1316,121,'2020-10-31',1),(1317,125,'2020-10-17',1),(1318,495,'2020-10-08',3),(1319,3,'2021-01-17',2),(1320,269,'2020-11-03',2),(1321,320,'2020-11-01',1),(1322,373,'2020-07-01',2),(1323,949,'2021-01-13',1),(1324,102,'2020-10-08',2),(1325,960,'2020-11-13',1),(1326,847,'2021-04-29',2),(1327,66,'2020-12-14',2),(1328,40,'2020-10-04',2),(1329,43,'2021-04-15',2),(1330,882,'2021-03-22',2),(1331,409,'2020-09-13',2),(1332,853,'2020-06-30',3),(1333,124,'2020-09-05',2),(1334,114,'2020-10-29',3),(1335,438,'2021-02-09',2),(1336,491,'2021-01-29',1),(1337,101,'2020-08-15',3),(1338,649,'2021-05-29',2),(1339,390,'2021-03-22',3),(1340,221,'2020-07-07',2),(1341,780,'2020-12-14',3),(1342,133,'2020-10-31',1),(1343,938,'2021-05-08',3),(1344,888,'2020-09-02',1),(1345,277,'2020-07-22',1),(1346,975,'2020-08-19',3),(1347,191,'2020-11-29',1),(1348,746,'2021-01-04',2),(1349,936,'2020-12-20',1),(1350,180,'2020-09-06',1),(1351,328,'2020-07-29',1),(1352,425,'2020-09-14',3),(1353,545,'2021-05-01',2),(1354,522,'2020-11-02',3),(1355,714,'2021-05-03',3),(1356,876,'2020-12-04',2),(1357,432,'2020-12-11',1),(1358,866,'2021-03-11',2),(1359,164,'2020-07-28',1),(1360,959,'2021-04-12',1),(1361,630,'2021-03-09',2),(1362,849,'2020-12-20',3),(1363,894,'2020-10-21',3),(1364,311,'2021-03-17',3),(1365,120,'2020-10-30',2),(1366,238,'2020-09-14',1),(1367,759,'2020-08-22',3),(1368,132,'2020-12-15',1),(1369,683,'2020-12-20',3),(1370,614,'2021-04-18',3),(1371,721,'2021-04-09',2),(1372,688,'2020-07-31',2),(1373,475,'2021-01-24',1),(1374,964,'2021-06-01',1),(1375,342,'2020-06-24',1),(1376,159,'2021-04-08',1),(1377,526,'2021-02-17',2),(1378,985,'2020-10-25',1),(1379,904,'2021-05-12',1),(1380,215,'2021-02-16',1),(1381,682,'2021-01-05',1),(1382,821,'2021-01-09',3),(1383,333,'2021-05-15',2),(1384,845,'2021-03-23',1),(1385,933,'2021-03-15',2),(1386,50,'2020-09-23',1),(1387,285,'2021-03-22',1),(1388,539,'2020-12-07',1),(1389,871,'2020-12-25',3),(1390,164,'2020-08-04',1),(1391,695,'2021-04-20',3),(1392,746,'2020-11-20',1),(1393,293,'2020-08-15',3),(1394,816,'2021-03-24',2),(1395,152,'2020-12-20',2),(1396,391,'2021-03-13',2),(1397,898,'2020-12-28',3),(1398,953,'2021-03-03',1),(1399,605,'2020-07-11',1),(1400,310,'2020-12-18',2),(1401,507,'2021-02-11',2),(1402,713,'2020-08-31',2),(1403,693,'2020-11-06',3),(1404,166,'2020-10-24',1),(1405,389,'2020-12-27',1),(1406,737,'2021-01-23',3),(1407,288,'2021-01-23',3),(1408,218,'2020-07-08',2),(1409,121,'2020-12-24',3),(1410,867,'2021-03-31',3),(1411,799,'2021-01-19',3),(1412,587,'2021-03-23',2),(1413,650,'2020-11-26',1),(1414,327,'2021-01-26',3),(1415,673,'2020-07-01',3),(1416,187,'2021-03-04',1),(1417,687,'2020-12-08',2),(1418,549,'2021-04-15',3),(1419,491,'2020-08-07',3),(1420,794,'2020-08-23',3),(1421,725,'2020-10-08',3),(1422,753,'2020-11-21',1),(1423,733,'2021-05-09',1),(1424,38,'2021-05-31',1),(1425,798,'2020-11-27',1),(1426,366,'2021-02-10',3),(1427,717,'2020-08-04',3),(1428,1,'2020-12-14',3),(1429,115,'2020-10-08',2),(1430,668,'2021-01-11',1),(1431,8,'2020-10-31',1),(1432,994,'2021-06-01',2),(1433,347,'2021-03-16',2),(1434,732,'2020-10-27',3),(1435,284,'2021-04-09',1),(1436,762,'2020-07-14',3),(1437,654,'2021-03-10',2),(1438,96,'2020-12-26',3),(1439,142,'2020-10-21',2),(1440,408,'2020-07-05',1),(1441,272,'2020-09-08',2),(1442,229,'2020-11-15',1),(1443,884,'2020-09-21',1),(1444,406,'2020-09-08',1),(1445,706,'2020-10-20',2),(1446,862,'2021-05-02',1),(1447,270,'2020-12-09',2),(1448,801,'2021-05-08',2),(1449,526,'2021-02-27',3),(1450,903,'2021-02-07',2),(1451,308,'2021-01-16',2),(1452,297,'2020-09-01',2),(1453,779,'2021-05-08',3),(1454,458,'2020-11-05',1),(1455,571,'2020-12-30',3),(1456,927,'2020-07-10',1),(1457,199,'2021-02-04',3),(1458,188,'2021-03-14',1),(1459,220,'2020-08-26',1),(1460,603,'2021-05-29',1),(1461,946,'2021-03-23',1),(1462,958,'2021-01-31',1),(1463,339,'2021-05-06',3),(1464,926,'2020-07-31',3),(1465,610,'2020-07-17',3),(1466,89,'2021-02-17',3),(1467,415,'2020-12-27',1),(1468,116,'2021-05-24',3),(1469,139,'2021-05-25',3),(1470,830,'2021-05-31',2),(1471,564,'2021-04-12',1),(1472,219,'2020-08-16',1),(1473,700,'2020-11-21',1),(1474,966,'2020-07-03',2),(1475,432,'2020-10-06',1),(1476,654,'2020-08-14',1),(1477,333,'2020-09-11',2),(1478,851,'2021-05-06',3),(1479,447,'2020-06-30',1),(1480,930,'2021-02-18',3),(1481,210,'2020-11-02',2),(1482,385,'2021-01-29',3),(1483,752,'2020-12-06',1),(1484,825,'2021-01-15',2),(1485,600,'2021-01-18',2),(1486,129,'2021-02-17',3),(1487,424,'2020-07-04',1),(1488,969,'2021-04-17',2),(1489,740,'2021-03-05',3),(1490,646,'2020-11-10',3),(1491,367,'2021-03-13',1),(1492,284,'2021-05-06',1),(1493,995,'2021-01-06',2),(1494,40,'2020-07-27',1),(1495,286,'2021-01-08',1),(1496,800,'2021-01-26',2),(1497,728,'2020-07-16',3),(1498,566,'2020-08-31',2),(1499,605,'2020-11-17',2),(1500,691,'2021-01-17',2),(1501,372,'2021-04-24',2),(1502,780,'2021-05-27',3),(1503,152,'2020-11-27',1),(1504,138,'2020-11-13',2),(1505,549,'2020-09-22',3),(1506,879,'2020-06-24',3),(1507,840,'2021-01-25',3),(1508,280,'2020-11-20',2),(1509,624,'2020-10-17',1),(1510,712,'2021-01-07',3),(1511,30,'2021-05-01',1),(1512,267,'2020-10-10',3),(1513,478,'2021-01-14',2),(1514,42,'2020-11-07',3),(1515,576,'2021-01-13',3),(1516,834,'2020-11-14',1),(1517,292,'2021-02-25',1),(1518,99,'2021-01-06',3),(1519,509,'2020-12-07',2),(1520,941,'2021-02-13',2),(1521,763,'2021-04-10',2),(1522,145,'2021-04-11',3),(1523,649,'2020-11-01',2),(1524,319,'2021-05-02',2),(1525,568,'2020-10-15',3),(1526,593,'2021-01-23',1),(1527,167,'2020-12-01',3),(1528,985,'2020-07-19',2),(1529,122,'2020-12-10',3),(1530,780,'2021-02-21',3),(1531,343,'2021-01-27',2),(1532,177,'2021-05-31',1),(1533,318,'2020-10-10',3),(1534,601,'2020-12-08',1),(1535,883,'2021-04-15',3),(1536,144,'2021-01-31',1),(1537,708,'2020-08-22',1),(1538,439,'2020-11-23',2),(1539,270,'2021-01-08',1),(1540,386,'2020-08-13',3),(1541,318,'2020-11-10',3),(1542,153,'2020-12-30',3),(1543,302,'2021-01-31',1),(1544,956,'2020-09-24',1),(1545,646,'2020-11-28',2),(1546,296,'2021-01-10',2),(1547,517,'2021-05-02',3),(1548,511,'2020-10-27',2),(1549,611,'2021-03-09',3),(1550,614,'2020-07-26',2),(1551,421,'2020-09-07',3),(1552,785,'2021-05-05',3),(1553,41,'2020-10-31',2),(1554,34,'2020-10-08',3),(1555,446,'2021-02-12',2),(1556,127,'2020-10-23',3),(1557,576,'2020-11-29',3),(1558,963,'2021-05-16',2),(1559,856,'2020-08-28',3),(1560,941,'2020-07-09',2),(1561,727,'2021-01-23',2),(1562,690,'2020-07-01',2),(1563,445,'2021-03-20',1),(1564,603,'2021-04-29',3),(1565,650,'2021-05-16',2),(1566,798,'2021-01-03',2),(1567,488,'2020-07-09',2),(1568,192,'2020-06-25',2),(1569,908,'2021-01-14',1),(1570,859,'2020-08-28',3),(1571,606,'2020-11-30',2),(1572,87,'2020-10-16',3),(1573,475,'2020-11-20',1),(1574,922,'2020-11-08',1),(1575,678,'2020-07-05',2),(1576,61,'2020-12-22',3),(1577,740,'2020-09-09',3),(1578,377,'2021-05-03',3),(1579,391,'2021-01-11',1),(1580,420,'2021-03-11',3),(1581,612,'2021-01-09',2),(1582,121,'2021-01-15',3),(1583,130,'2021-04-16',2),(1584,355,'2020-08-30',1),(1585,494,'2021-04-19',2),(1586,733,'2020-08-12',1),(1587,699,'2020-10-05',2),(1588,126,'2020-10-26',2),(1589,104,'2021-03-16',3),(1590,492,'2021-03-19',1),(1591,700,'2021-02-04',1),(1592,277,'2020-09-17',2),(1593,116,'2021-05-15',1),(1594,874,'2021-03-28',1),(1595,631,'2020-10-29',1),(1596,194,'2020-12-24',3),(1597,813,'2020-07-09',1),(1598,821,'2020-06-27',3),(1599,873,'2021-01-30',1),(1600,498,'2020-12-13',1),(1601,705,'2021-04-14',1),(1602,101,'2020-09-04',3),(1603,780,'2020-10-06',3),(1604,982,'2021-02-04',2),(1605,389,'2020-10-10',1),(1606,347,'2021-03-03',1),(1607,162,'2021-02-04',3),(1608,983,'2020-10-09',2),(1609,88,'2021-03-23',3),(1610,460,'2021-02-10',2),(1611,213,'2020-12-04',2),(1612,450,'2020-07-31',2),(1613,657,'2020-11-23',2),(1614,626,'2021-01-14',3),(1615,880,'2020-11-30',1),(1616,860,'2021-03-21',1),(1617,82,'2020-08-30',1),(1618,330,'2021-02-28',2),(1619,273,'2021-03-12',3),(1620,47,'2020-09-25',3),(1621,69,'2020-09-23',3),(1622,291,'2020-10-30',1),(1623,32,'2021-02-23',3),(1624,150,'2020-10-31',3),(1625,150,'2020-09-13',3),(1626,873,'2020-10-15',1),(1627,957,'2021-04-19',2),(1628,13,'2020-08-20',1),(1629,684,'2020-09-23',3),(1630,832,'2021-01-27',3),(1631,402,'2020-06-27',2),(1632,819,'2021-05-15',1),(1633,320,'2020-09-02',1),(1634,998,'2020-12-13',3),(1635,176,'2020-08-11',1),(1636,345,'2020-09-17',2),(1637,467,'2021-04-30',3),(1638,459,'2020-09-17',1),(1639,51,'2021-01-20',3),(1640,270,'2021-01-22',1),(1641,329,'2020-08-30',2),(1642,769,'2021-01-27',2),(1643,934,'2021-03-05',3),(1644,509,'2020-10-21',3),(1645,311,'2020-10-24',2),(1646,599,'2021-03-11',2),(1647,317,'2020-08-02',1),(1648,936,'2021-03-19',3),(1649,970,'2020-06-25',2),(1650,437,'2020-11-08',3),(1651,773,'2021-05-01',1),(1652,595,'2021-02-24',3),(1653,751,'2020-12-09',1),(1654,216,'2021-05-23',3),(1655,351,'2021-03-17',1),(1656,695,'2020-12-01',1),(1657,585,'2021-01-01',2),(1658,937,'2021-01-18',2),(1659,317,'2020-09-17',3),(1660,800,'2020-10-19',1),(1661,882,'2021-02-10',3),(1662,904,'2020-11-20',2),(1663,285,'2021-03-23',1),(1664,589,'2020-12-19',2),(1665,703,'2021-05-13',1),(1666,487,'2021-01-05',3),(1667,749,'2021-05-02',1),(1668,325,'2020-11-18',1),(1669,75,'2021-01-04',2),(1670,774,'2021-02-14',3),(1671,865,'2021-03-10',3),(1672,181,'2020-12-19',2),(1673,722,'2020-09-25',1),(1674,764,'2020-07-05',2),(1675,683,'2021-05-11',1),(1676,563,'2021-03-19',1),(1677,276,'2020-07-17',3),(1678,561,'2020-10-30',2),(1679,485,'2021-04-29',2),(1680,385,'2021-05-27',3),(1681,778,'2020-06-29',2),(1682,802,'2021-03-19',2),(1683,908,'2020-07-03',3),(1684,42,'2021-02-14',3),(1685,783,'2020-10-22',3),(1686,483,'2020-07-09',3),(1687,635,'2021-03-12',1),(1688,499,'2021-04-21',3),(1689,599,'2020-09-08',3),(1690,977,'2021-05-13',1),(1691,920,'2020-10-25',1),(1692,257,'2020-07-19',3),(1693,270,'2020-11-10',3),(1694,578,'2020-06-25',1),(1695,794,'2021-04-01',3),(1696,729,'2020-12-10',3),(1697,813,'2020-12-06',2),(1698,693,'2020-11-08',3),(1699,977,'2020-08-01',1),(1700,361,'2020-08-05',2),(1701,969,'2020-11-11',3),(1702,990,'2020-07-31',3),(1703,480,'2021-04-25',1),(1704,872,'2021-03-05',3),(1705,477,'2021-03-11',1),(1706,397,'2021-05-18',1),(1707,204,'2021-05-13',3),(1708,240,'2021-02-19',2),(1709,697,'2020-12-30',3),(1710,392,'2020-12-25',1),(1711,453,'2021-01-17',3),(1712,811,'2021-01-01',1),(1713,534,'2021-03-04',3),(1714,541,'2020-11-20',3),(1715,106,'2021-04-09',3),(1716,429,'2020-08-11',2),(1717,725,'2020-07-16',2),(1718,821,'2020-12-04',3),(1719,311,'2020-10-29',1),(1720,729,'2020-07-11',2),(1721,789,'2020-10-04',2),(1722,66,'2020-09-17',2),(1723,548,'2020-06-23',1),(1724,956,'2020-09-20',2),(1725,610,'2021-02-05',2),(1726,942,'2020-09-15',2),(1727,376,'2020-08-19',2),(1728,738,'2021-01-16',3),(1729,167,'2021-01-13',2),(1730,196,'2020-08-10',1),(1731,214,'2021-03-05',2),(1732,776,'2021-02-01',3),(1733,629,'2020-10-28',1),(1734,722,'2020-11-23',1),(1735,462,'2021-05-20',2),(1736,584,'2020-07-29',1),(1737,617,'2020-08-03',3),(1738,971,'2021-04-04',2),(1739,948,'2020-10-31',2),(1740,192,'2021-02-22',3),(1741,527,'2020-11-08',2),(1742,361,'2021-01-30',3),(1743,870,'2020-12-11',1),(1744,182,'2021-01-02',2),(1745,795,'2020-09-12',2),(1746,45,'2020-11-17',3),(1747,91,'2021-01-16',3),(1748,7,'2020-09-08',2),(1749,87,'2020-09-07',3),(1750,142,'2020-12-16',3),(1751,370,'2020-10-26',1),(1752,302,'2020-12-01',2),(1753,957,'2020-08-15',1),(1754,949,'2020-07-09',1),(1755,569,'2021-05-15',3),(1756,910,'2021-04-06',3),(1757,806,'2020-10-07',2),(1758,715,'2020-12-27',1),(1759,276,'2020-11-18',1),(1760,201,'2020-08-01',2),(1761,77,'2021-05-17',1),(1762,589,'2021-05-02',1),(1763,797,'2021-01-28',2),(1764,193,'2021-05-27',3),(1765,977,'2020-07-07',2),(1766,29,'2021-03-07',1),(1767,209,'2021-01-24',2),(1768,325,'2020-10-09',3),(1769,113,'2021-04-19',2),(1770,620,'2020-07-30',2),(1771,52,'2020-12-27',3),(1772,545,'2020-10-11',1),(1773,56,'2021-03-19',1),(1774,866,'2020-11-23',1),(1775,691,'2021-01-26',2),(1776,948,'2021-04-10',2),(1777,652,'2020-07-01',3),(1778,403,'2020-10-18',2),(1779,250,'2021-05-19',3),(1780,395,'2021-02-26',2),(1781,753,'2020-09-22',2),(1782,547,'2020-09-12',1),(1783,186,'2020-08-01',3),(1784,39,'2021-05-25',2),(1785,569,'2020-09-11',1),(1786,346,'2020-06-24',1),(1787,492,'2021-02-01',1),(1788,616,'2020-08-02',3),(1789,246,'2020-06-27',2),(1790,87,'2021-04-13',2),(1791,390,'2021-04-14',3),(1792,680,'2021-04-16',3),(1793,83,'2020-08-06',1),(1794,325,'2020-09-11',3),(1795,634,'2021-05-27',1),(1796,97,'2021-02-27',3),(1797,267,'2020-10-23',2),(1798,243,'2021-05-15',1),(1799,969,'2021-03-21',2),(1800,122,'2021-05-22',2),(1801,540,'2021-04-27',3),(1802,881,'2020-12-25',2),(1803,848,'2020-08-18',2),(1804,333,'2021-05-28',2),(1805,433,'2020-07-11',3),(1806,624,'2020-12-14',1),(1807,182,'2021-03-31',2),(1808,192,'2020-12-07',3),(1809,23,'2021-05-03',1),(1810,607,'2020-08-14',2),(1811,861,'2020-12-15',3),(1812,797,'2020-08-24',2),(1813,37,'2021-03-30',1),(1814,760,'2021-03-06',2),(1815,731,'2021-04-24',3),(1816,712,'2020-10-30',1),(1817,655,'2021-03-24',3),(1818,54,'2021-02-27',2),(1819,378,'2021-04-19',1),(1820,436,'2021-03-12',2),(1821,391,'2020-12-15',2),(1822,14,'2020-08-04',1),(1823,252,'2020-11-30',2),(1824,520,'2020-12-18',1),(1825,787,'2020-06-24',2),(1826,832,'2020-07-18',1),(1827,358,'2021-02-01',1),(1828,761,'2021-01-25',3),(1829,303,'2021-05-17',1),(1830,955,'2021-02-16',2),(1831,739,'2020-09-12',2),(1832,738,'2020-12-27',1),(1833,698,'2020-11-23',2),(1834,11,'2020-09-01',1),(1835,827,'2021-01-10',2),(1836,323,'2021-01-05',2),(1837,824,'2021-05-24',1),(1838,747,'2021-05-01',2),(1839,421,'2020-11-08',3),(1840,915,'2020-11-08',2),(1841,840,'2020-12-01',3),(1842,441,'2020-10-09',2),(1843,816,'2021-02-26',2),(1844,651,'2021-05-09',2),(1845,528,'2020-11-01',3),(1846,28,'2021-05-18',1),(1847,142,'2021-05-10',2),(1848,183,'2021-06-01',2),(1849,469,'2021-04-23',1),(1850,828,'2020-10-29',3),(1851,108,'2020-11-23',1),(1852,784,'2021-02-10',3),(1853,993,'2021-04-30',3),(1854,408,'2021-03-26',1),(1855,107,'2021-04-24',3),(1856,327,'2020-10-08',3),(1857,481,'2021-05-16',2),(1858,723,'2020-10-08',1),(1859,220,'2021-03-09',1),(1860,122,'2020-11-02',1),(1861,665,'2020-07-07',2),(1862,159,'2021-01-14',3),(1863,297,'2021-01-26',1),(1864,921,'2021-02-12',3),(1865,847,'2020-09-25',1),(1866,536,'2020-06-29',2),(1867,359,'2020-09-20',1),(1868,275,'2020-07-19',1),(1869,941,'2020-12-22',3),(1870,947,'2021-03-16',2),(1871,141,'2021-03-20',3),(1872,584,'2021-01-15',2),(1873,809,'2021-04-18',1),(1874,699,'2020-09-07',3),(1875,947,'2020-07-11',1),(1876,261,'2021-02-07',2),(1877,590,'2020-12-24',1),(1878,498,'2021-01-21',1),(1879,226,'2020-09-24',2),(1880,287,'2020-11-02',3),(1881,323,'2021-04-30',1),(1882,736,'2021-01-26',2),(1883,751,'2021-03-03',2),(1884,148,'2021-02-23',3),(1885,166,'2020-11-30',3),(1886,365,'2021-04-24',1),(1887,860,'2020-10-13',1),(1888,483,'2020-09-07',1),(1889,51,'2020-07-18',1),(1890,617,'2020-08-31',1),(1891,332,'2020-08-19',1),(1892,989,'2021-04-09',2),(1893,995,'2020-12-09',3),(1894,537,'2020-08-02',1),(1895,346,'2021-05-21',1),(1896,878,'2020-12-15',3),(1897,83,'2020-11-12',3),(1898,173,'2021-05-11',1),(1899,772,'2021-05-17',2),(1900,427,'2020-12-16',2),(1901,409,'2020-08-18',1),(1902,262,'2020-10-29',3),(1903,147,'2020-09-13',3),(1904,586,'2021-04-06',3),(1905,806,'2021-03-08',3),(1906,382,'2020-10-28',1),(1907,805,'2020-12-28',2),(1908,316,'2020-11-05',1),(1909,969,'2020-08-26',1),(1910,607,'2020-08-13',2),(1911,960,'2020-08-26',2),(1912,583,'2021-04-30',3),(1913,927,'2020-09-06',2),(1914,333,'2021-03-13',1),(1915,706,'2021-05-23',3),(1916,503,'2020-12-29',1),(1917,166,'2021-03-14',2),(1918,180,'2021-01-12',1),(1919,310,'2020-12-19',1),(1920,204,'2020-10-10',3),(1921,357,'2021-04-29',1),(1922,740,'2020-11-05',1),(1923,289,'2020-12-01',1),(1924,770,'2020-12-21',1),(1925,979,'2021-05-04',1),(1926,126,'2021-05-07',1),(1927,347,'2020-11-05',1),(1928,616,'2021-03-24',3),(1929,309,'2020-11-18',2),(1930,880,'2021-04-30',3),(1931,196,'2020-11-24',2),(1932,958,'2021-01-11',1),(1933,666,'2020-10-16',3),(1934,721,'2020-07-26',1),(1935,80,'2020-09-12',1),(1936,983,'2021-04-18',1),(1937,734,'2021-04-26',1),(1938,855,'2020-11-18',1),(1939,783,'2021-01-08',1),(1940,31,'2020-08-11',3),(1941,462,'2021-02-14',3),(1942,749,'2020-12-04',2),(1943,263,'2020-11-11',1),(1944,241,'2021-04-04',3),(1945,748,'2021-04-25',1),(1946,515,'2020-11-23',3),(1947,261,'2020-08-20',2),(1948,71,'2021-03-14',2),(1949,996,'2020-09-18',1),(1950,106,'2020-11-22',2),(1951,153,'2020-07-09',3),(1952,596,'2020-12-24',3),(1953,691,'2021-01-14',3),(1954,296,'2020-09-11',1),(1955,84,'2020-10-19',2),(1956,916,'2021-03-05',2),(1957,487,'2020-10-04',2),(1958,651,'2021-03-25',1),(1959,431,'2020-08-22',3),(1960,905,'2020-11-08',1),(1961,595,'2021-01-15',1),(1962,915,'2021-04-09',1),(1963,656,'2020-08-12',1),(1964,874,'2020-07-20',1),(1965,650,'2020-08-18',2),(1966,288,'2020-10-29',3),(1967,428,'2020-07-23',3),(1968,136,'2020-10-26',1),(1969,390,'2020-10-12',3),(1970,998,'2020-10-20',1),(1971,882,'2021-03-05',3),(1972,503,'2020-09-22',2),(1973,388,'2021-03-04',2),(1974,17,'2021-02-20',3),(1975,643,'2020-10-05',1),(1976,294,'2021-02-01',2),(1977,239,'2021-02-24',3),(1978,581,'2020-09-13',3),(1979,576,'2021-03-01',3),(1980,223,'2020-11-26',3),(1981,492,'2020-11-22',2),(1982,553,'2021-03-28',2),(1983,533,'2021-04-15',1),(1984,505,'2021-04-14',2),(1985,157,'2021-01-02',1),(1986,472,'2020-10-07',1),(1987,553,'2020-12-24',3),(1988,64,'2021-03-08',3),(1989,577,'2020-07-30',1),(1990,9,'2021-02-16',2),(1991,247,'2021-01-28',1),(1992,425,'2021-01-01',1),(1993,483,'2020-11-13',2),(1994,67,'2021-04-06',2),(1995,349,'2021-02-27',1),(1996,73,'2020-08-27',1),(1997,284,'2020-11-12',2),(1998,767,'2020-10-12',3),(1999,416,'2020-11-23',2),(2000,49,'2020-10-03',3),(2001,118,'2021-05-05',2),(2002,736,'2020-12-04',2),(2003,499,'2021-02-09',1),(2004,866,'2021-03-17',2),(2005,796,'2020-10-06',1),(2006,522,'2021-03-16',3),(2007,539,'2021-03-18',1),(2008,422,'2021-05-18',2),(2009,489,'2021-03-16',1),(2010,635,'2020-10-22',3),(2011,389,'2020-10-20',2),(2012,297,'2020-08-10',2),(2013,499,'2020-10-06',1),(2014,364,'2020-07-14',1),(2015,722,'2021-04-24',2),(2016,726,'2020-07-11',2),(2017,508,'2020-10-25',3),(2018,85,'2021-03-08',3),(2019,706,'2020-09-17',2),(2020,423,'2020-11-07',3),(2021,657,'2020-09-17',3),(2022,727,'2021-03-03',1),(2023,628,'2020-07-10',2),(2024,967,'2021-04-14',3),(2025,713,'2020-12-12',2),(2026,299,'2020-11-14',3),(2027,234,'2021-01-07',2),(2028,881,'2020-12-15',1),(2029,760,'2020-11-16',1),(2030,259,'2020-08-30',2),(2031,860,'2020-06-29',3),(2032,692,'2021-04-29',1),(2033,897,'2021-04-29',3),(2034,977,'2021-03-18',2),(2035,218,'2020-09-17',1),(2036,150,'2020-10-20',3),(2037,72,'2020-06-25',1),(2038,22,'2020-10-15',2),(2039,828,'2021-04-29',1),(2040,889,'2021-05-09',2),(2041,568,'2020-10-30',2),(2042,342,'2020-12-31',2),(2043,617,'2021-03-05',2),(2044,605,'2020-11-17',1),(2045,18,'2021-02-14',2),(2046,645,'2020-09-30',2),(2047,2,'2020-09-29',2),(2048,244,'2021-01-08',1),(2049,635,'2021-03-31',1),(2050,903,'2020-09-06',2),(2051,431,'2020-10-07',1),(2052,223,'2020-06-26',1),(2053,812,'2020-12-10',3),(2054,986,'2021-02-02',3),(2055,991,'2021-05-07',2),(2056,630,'2020-06-24',3),(2057,539,'2021-01-09',2),(2058,190,'2021-04-22',2),(2059,207,'2020-11-09',3),(2060,460,'2021-05-02',2),(2061,590,'2021-03-05',2),(2062,473,'2021-02-27',3),(2063,103,'2020-10-06',2),(2064,560,'2020-12-08',1),(2065,316,'2021-01-28',3),(2066,905,'2021-03-27',3),(2067,104,'2021-03-21',3),(2068,113,'2020-10-22',3),(2069,560,'2020-10-26',1),(2070,230,'2021-04-10',1),(2071,581,'2020-12-08',2),(2072,88,'2020-10-09',3),(2073,876,'2020-07-26',2),(2074,243,'2021-05-22',1),(2075,550,'2020-08-28',1),(2076,933,'2020-07-11',3),(2077,703,'2020-07-16',3),(2078,927,'2020-10-06',2),(2079,196,'2021-05-22',3),(2080,435,'2020-12-08',2),(2081,644,'2021-04-04',3),(2082,421,'2021-03-19',2),(2083,437,'2020-11-01',1),(2084,804,'2020-09-25',1),(2085,703,'2020-08-18',1),(2086,993,'2020-06-26',1),(2087,531,'2020-10-10',2),(2088,249,'2021-02-27',3),(2089,275,'2020-08-17',1),(2090,138,'2020-10-05',3),(2091,433,'2020-07-06',2),(2092,722,'2021-02-04',3),(2093,51,'2021-05-18',3),(2094,487,'2020-06-26',1),(2095,143,'2021-01-26',2),(2096,197,'2020-09-30',3),(2097,122,'2020-08-14',3),(2098,732,'2020-08-27',2),(2099,683,'2021-03-05',3),(2100,264,'2020-08-06',1),(2101,327,'2020-07-04',2),(2102,423,'2020-08-08',3),(2103,84,'2020-12-17',2),(2104,967,'2021-01-06',2),(2105,291,'2021-04-27',1),(2106,772,'2020-10-12',3),(2107,47,'2020-08-03',2),(2108,341,'2020-08-16',3),(2109,1,'2020-08-02',1),(2110,199,'2021-01-07',3),(2111,100,'2021-05-31',3),(2112,964,'2020-09-25',2),(2113,94,'2020-06-26',3),(2114,751,'2021-01-29',2),(2115,358,'2020-07-08',2),(2116,438,'2020-09-23',3),(2117,973,'2021-01-28',2),(2118,993,'2021-02-05',3),(2119,74,'2020-10-20',2),(2120,277,'2021-02-04',1),(2121,234,'2020-10-18',3),(2122,99,'2020-06-30',1),(2123,148,'2021-02-26',2),(2124,897,'2020-10-28',1),(2125,143,'2020-11-29',3),(2126,724,'2020-09-05',2),(2127,520,'2021-05-20',2),(2128,606,'2021-04-01',1),(2129,259,'2021-03-14',3),(2130,509,'2020-08-05',3),(2131,955,'2021-04-29',1),(2132,48,'2020-07-11',3),(2133,10,'2020-08-10',2),(2134,311,'2021-03-05',3),(2135,248,'2021-01-14',1),(2136,294,'2020-10-20',2),(2137,887,'2021-04-16',2),(2138,385,'2021-02-09',2),(2139,786,'2021-01-30',3),(2140,819,'2020-10-31',2),(2141,212,'2020-11-15',1),(2142,40,'2021-02-24',3),(2143,241,'2021-01-19',2),(2144,643,'2020-09-19',3),(2145,859,'2021-05-12',1),(2146,801,'2020-10-25',1),(2147,350,'2021-05-10',1),(2148,10,'2020-11-01',2),(2149,150,'2021-06-01',3),(2150,992,'2021-03-18',2),(2151,871,'2021-05-24',2),(2152,539,'2020-11-02',3),(2153,450,'2021-04-05',1),(2154,805,'2021-05-08',3),(2155,348,'2021-02-27',1),(2156,548,'2020-09-23',1),(2157,654,'2020-07-21',1),(2158,657,'2021-01-05',1),(2159,544,'2020-09-03',1),(2160,440,'2021-01-01',2),(2161,489,'2020-09-20',2),(2162,302,'2021-01-14',3),(2163,714,'2021-02-14',3),(2164,779,'2021-03-11',3),(2165,442,'2021-03-17',2),(2166,743,'2020-12-13',3),(2167,477,'2020-11-26',3),(2168,31,'2021-03-13',3),(2169,785,'2021-05-22',1),(2170,378,'2020-12-18',3),(2171,15,'2020-07-09',1),(2172,527,'2020-12-06',2),(2173,164,'2020-09-09',3),(2174,76,'2020-11-30',2),(2175,494,'2020-11-21',2),(2176,437,'2020-11-15',2),(2177,184,'2020-12-15',2),(2178,309,'2020-07-21',2),(2179,439,'2021-03-27',3),(2180,483,'2020-09-22',1),(2181,209,'2020-11-18',2),(2182,29,'2021-04-25',2),(2183,191,'2020-10-01',3),(2184,737,'2021-05-28',3),(2185,889,'2021-02-13',2),(2186,228,'2020-09-24',1),(2187,864,'2020-09-20',3),(2188,994,'2021-03-22',2),(2189,12,'2021-04-12',2),(2190,624,'2021-05-20',3),(2191,630,'2021-02-23',3),(2192,944,'2021-01-09',2),(2193,352,'2021-01-17',3),(2194,452,'2021-01-02',2),(2195,417,'2020-12-25',1),(2196,289,'2021-01-10',3),(2197,934,'2021-01-04',1),(2198,880,'2021-02-22',1),(2199,912,'2020-11-10',2),(2200,48,'2021-04-24',1),(2201,905,'2020-10-31',1),(2202,857,'2020-11-18',3),(2203,462,'2021-01-18',1),(2204,192,'2020-10-24',3),(2205,354,'2020-12-13',1),(2206,968,'2021-02-19',3),(2207,208,'2021-05-20',3),(2208,111,'2021-02-25',1),(2209,143,'2020-07-01',2),(2210,115,'2020-10-22',3),(2211,718,'2020-09-05',3),(2212,566,'2021-04-08',3),(2213,189,'2021-06-01',2),(2214,204,'2020-06-29',3),(2215,350,'2021-01-01',1),(2216,197,'2020-11-23',2),(2217,555,'2020-07-18',1),(2218,31,'2020-10-11',1),(2219,163,'2021-02-18',3),(2220,569,'2020-11-30',3),(2221,779,'2020-06-28',1),(2222,847,'2021-04-01',3),(2223,388,'2020-10-20',3),(2224,561,'2020-09-23',1),(2225,665,'2021-05-11',1),(2226,680,'2020-10-12',1),(2227,806,'2021-02-13',3),(2228,124,'2021-01-30',2),(2229,669,'2020-07-08',1),(2230,65,'2020-12-09',1),(2231,152,'2020-08-22',1),(2232,359,'2021-05-27',3),(2233,321,'2021-03-25',3),(2234,852,'2020-10-08',1),(2235,416,'2021-05-07',2),(2236,2,'2020-12-28',2),(2237,153,'2020-12-25',3),(2238,476,'2021-04-12',2),(2239,888,'2020-10-25',2),(2240,902,'2021-04-06',2),(2241,480,'2020-10-03',2),(2242,500,'2020-08-02',1),(2243,709,'2020-07-21',3),(2244,326,'2021-05-26',2),(2245,793,'2021-04-28',2),(2246,500,'2021-04-25',1),(2247,660,'2021-02-05',2),(2248,791,'2020-08-01',1),(2249,159,'2020-08-10',1),(2250,937,'2021-04-01',2),(2251,950,'2020-11-10',3),(2252,985,'2021-02-06',2),(2253,178,'2021-04-16',2),(2254,253,'2020-07-18',3),(2255,768,'2021-01-15',3),(2256,992,'2021-04-04',1),(2257,76,'2021-04-06',1),(2258,822,'2020-08-17',3),(2259,414,'2020-08-10',1),(2260,115,'2020-10-29',3),(2261,806,'2020-10-20',1),(2262,82,'2021-05-18',1),(2263,551,'2021-04-18',2),(2264,859,'2020-06-26',2),(2265,635,'2021-04-25',1),(2266,723,'2021-05-21',3),(2267,228,'2020-07-16',1),(2268,383,'2021-04-01',1),(2269,327,'2020-06-26',1),(2270,247,'2020-12-25',2),(2271,613,'2021-02-23',3),(2272,382,'2021-03-15',2),(2273,420,'2020-10-24',2),(2274,34,'2021-03-05',2),(2275,980,'2021-04-13',3),(2276,587,'2020-10-09',1),(2277,740,'2020-11-12',3),(2278,113,'2021-02-20',1),(2279,548,'2020-10-12',3),(2280,697,'2021-05-10',1),(2281,137,'2021-02-16',2),(2282,663,'2020-07-02',2),(2283,178,'2021-05-28',1),(2284,312,'2020-11-13',3),(2285,800,'2021-04-30',1),(2286,959,'2020-12-09',2),(2287,274,'2021-02-10',3),(2288,793,'2020-10-08',1),(2289,361,'2020-06-24',3),(2290,864,'2021-03-10',2),(2291,890,'2020-09-12',3),(2292,60,'2020-08-24',1),(2293,342,'2021-01-02',1),(2294,118,'2020-08-08',3),(2295,548,'2021-04-02',1),(2296,130,'2020-11-13',2),(2297,108,'2021-04-02',2),(2298,65,'2020-11-14',1),(2299,124,'2021-03-07',2),(2300,703,'2020-10-01',2),(2301,360,'2020-09-06',1),(2302,566,'2020-09-21',3),(2303,495,'2020-11-12',3),(2304,102,'2020-08-07',3),(2305,10,'2021-02-03',1),(2306,797,'2021-02-13',3),(2307,9,'2021-04-28',1),(2308,505,'2020-12-14',1),(2309,91,'2020-09-22',2),(2310,650,'2021-05-15',3),(2311,468,'2021-04-24',1),(2312,980,'2020-10-12',3),(2313,334,'2021-04-08',1),(2314,772,'2021-03-15',2),(2315,94,'2021-05-11',1),(2316,752,'2021-03-13',2),(2317,336,'2020-07-17',1),(2318,623,'2020-09-19',2),(2319,214,'2021-01-14',1),(2320,528,'2021-04-24',2),(2321,326,'2021-04-18',3),(2322,855,'2020-07-28',1),(2323,976,'2021-01-13',1),(2324,589,'2020-12-18',2),(2325,835,'2020-08-12',1),(2326,79,'2020-12-12',3),(2327,483,'2021-02-12',1),(2328,208,'2020-11-27',3),(2329,902,'2020-12-01',1),(2330,273,'2021-02-25',2),(2331,529,'2021-02-14',1),(2332,238,'2021-05-28',2),(2333,998,'2020-11-04',2),(2334,69,'2020-07-04',1),(2335,124,'2021-02-20',3),(2336,524,'2021-05-31',2),(2337,816,'2020-08-13',3),(2338,108,'2021-04-26',2),(2339,105,'2021-03-19',2),(2340,817,'2020-12-26',3),(2341,152,'2021-05-02',3),(2342,571,'2020-06-27',1),(2343,438,'2021-03-18',1),(2344,586,'2021-05-17',1),(2345,814,'2020-07-18',2),(2346,656,'2020-08-26',3),(2347,786,'2021-02-09',3),(2348,1000,'2021-03-15',1),(2349,853,'2021-02-28',3),(2350,880,'2021-02-05',2),(2351,323,'2020-08-02',1),(2352,748,'2020-11-07',1),(2353,988,'2020-11-26',2),(2354,188,'2020-11-26',3),(2355,224,'2021-02-18',2),(2356,335,'2020-12-27',1),(2357,731,'2021-04-18',2),(2358,690,'2020-12-23',2),(2359,734,'2020-10-18',2),(2360,465,'2020-09-23',2),(2361,810,'2020-06-29',3),(2362,810,'2021-04-26',1),(2363,117,'2020-10-14',3),(2364,952,'2020-08-04',3),(2365,402,'2021-05-27',1),(2366,26,'2021-01-17',1),(2367,569,'2020-11-05',1),(2368,174,'2020-10-26',1),(2369,260,'2020-06-26',2),(2370,154,'2020-11-25',3),(2371,960,'2021-02-07',1),(2372,618,'2020-11-04',3),(2373,814,'2021-04-23',1),(2374,65,'2020-11-11',3),(2375,720,'2020-09-28',2),(2376,141,'2021-03-06',1),(2377,95,'2020-12-10',2),(2378,387,'2021-03-02',1),(2379,104,'2021-05-16',1),(2380,131,'2020-10-27',1),(2381,51,'2020-10-08',2),(2382,981,'2021-01-22',3),(2383,713,'2020-11-02',2),(2384,692,'2021-05-03',3),(2385,404,'2021-04-23',1),(2386,849,'2020-08-14',3),(2387,33,'2021-03-31',1),(2388,396,'2021-01-21',2),(2389,240,'2020-09-07',1),(2390,490,'2021-03-30',1),(2391,321,'2021-03-29',3),(2392,12,'2020-12-30',2),(2393,300,'2020-10-26',2),(2394,359,'2021-01-06',3),(2395,410,'2021-03-05',3),(2396,557,'2020-06-29',2),(2397,719,'2021-05-12',2),(2398,376,'2020-10-26',3),(2399,189,'2021-04-03',2),(2400,400,'2020-06-29',2),(2401,689,'2020-09-09',2),(2402,822,'2020-09-25',1),(2403,367,'2020-08-05',1),(2404,423,'2021-01-25',1),(2405,233,'2020-11-21',2),(2406,750,'2021-01-23',1),(2407,641,'2021-04-23',3),(2408,102,'2020-07-24',2),(2409,406,'2020-11-23',3),(2410,353,'2020-08-17',1),(2411,715,'2020-07-13',2),(2412,263,'2020-09-13',1),(2413,305,'2020-06-30',2),(2414,962,'2020-09-09',3),(2415,893,'2020-06-27',2),(2416,507,'2020-07-18',1),(2417,346,'2020-09-09',1),(2418,999,'2021-03-09',3),(2419,150,'2021-05-27',2),(2420,958,'2021-04-04',3),(2421,480,'2021-04-04',3),(2422,506,'2020-10-19',1),(2423,53,'2021-02-18',3),(2424,308,'2020-10-17',3),(2425,212,'2021-03-23',3),(2426,551,'2021-01-21',3),(2427,371,'2020-08-25',2),(2428,379,'2020-09-15',2),(2429,941,'2020-09-19',1),(2430,447,'2020-11-21',2),(2431,479,'2021-04-12',1),(2432,736,'2020-11-12',3),(2433,879,'2020-10-13',2),(2434,928,'2020-12-30',2),(2435,14,'2020-07-22',2),(2436,717,'2020-11-07',3),(2437,296,'2020-11-30',3),(2438,984,'2021-01-31',3),(2439,726,'2021-02-16',2),(2440,284,'2021-05-07',1),(2441,134,'2021-01-14',3),(2442,664,'2020-09-25',1),(2443,968,'2021-01-25',3),(2444,815,'2020-10-15',3),(2445,874,'2020-11-06',3),(2446,208,'2020-07-24',3),(2447,187,'2021-01-18',2),(2448,119,'2021-03-20',3),(2449,950,'2021-01-02',2),(2450,996,'2021-04-30',1),(2451,287,'2020-09-28',1),(2452,552,'2021-05-22',1),(2453,38,'2021-01-15',2),(2454,228,'2021-01-24',2),(2455,747,'2020-08-21',2),(2456,810,'2021-01-21',1),(2457,706,'2021-04-02',2),(2458,227,'2021-02-20',1),(2459,585,'2020-10-17',1),(2460,78,'2021-02-28',2),(2461,707,'2020-09-02',1),(2462,702,'2020-08-17',2),(2463,873,'2020-08-16',3),(2464,277,'2021-04-07',1),(2465,532,'2021-06-01',3),(2466,817,'2020-10-03',1),(2467,404,'2021-01-16',3),(2468,519,'2020-09-26',3),(2469,838,'2021-03-25',3),(2470,137,'2021-05-24',2),(2471,773,'2020-06-25',3),(2472,551,'2020-09-22',3),(2473,959,'2021-01-26',1),(2474,538,'2020-08-20',2),(2475,558,'2020-11-18',1),(2476,803,'2020-06-26',1),(2477,769,'2020-11-21',3),(2478,818,'2020-11-19',2),(2479,593,'2020-12-04',2),(2480,451,'2021-01-08',3),(2481,827,'2020-06-29',3),(2482,715,'2020-08-12',3),(2483,287,'2020-07-18',1),(2484,823,'2020-12-09',2),(2485,18,'2020-10-23',3),(2486,124,'2021-05-16',1),(2487,25,'2020-08-07',2),(2488,128,'2020-11-17',3),(2489,926,'2021-05-22',1),(2490,421,'2020-07-28',1),(2491,252,'2020-08-03',2),(2492,652,'2021-01-09',3),(2493,847,'2021-04-06',1),(2494,507,'2021-02-25',3),(2495,226,'2020-10-20',3),(2496,69,'2020-09-27',1),(2497,193,'2020-07-06',2),(2498,95,'2021-02-14',1),(2499,530,'2020-08-06',3),(2500,908,'2020-11-28',3),(2501,961,'2021-04-17',3),(2502,716,'2020-08-10',3),(2503,89,'2020-09-06',2),(2504,999,'2021-03-07',1),(2505,286,'2021-02-18',3),(2506,589,'2020-12-10',2),(2507,633,'2021-05-14',2),(2508,411,'2021-04-07',1),(2509,278,'2020-09-30',1),(2510,126,'2021-03-22',1),(2511,541,'2021-02-16',2),(2512,325,'2020-10-26',1),(2513,921,'2020-11-07',3),(2514,269,'2020-07-28',1),(2515,666,'2020-12-02',3),(2516,198,'2021-02-01',1),(2517,476,'2021-04-08',3),(2518,21,'2020-08-28',1),(2519,949,'2020-07-25',3),(2520,97,'2021-01-31',3),(2521,566,'2020-09-17',3),(2522,480,'2020-07-19',3),(2523,696,'2021-01-30',1),(2524,995,'2020-10-20',1),(2525,304,'2021-05-26',3),(2526,401,'2020-11-25',2),(2527,780,'2020-12-13',1),(2528,717,'2020-08-20',2),(2529,269,'2020-12-05',2),(2530,378,'2020-12-16',3),(2531,766,'2021-03-16',1),(2532,132,'2020-07-16',3),(2533,528,'2020-11-08',1),(2534,83,'2021-05-01',1),(2535,566,'2020-12-05',2),(2536,664,'2020-10-07',3),(2537,356,'2020-11-20',2),(2538,77,'2020-10-19',3),(2539,369,'2020-09-25',2),(2540,695,'2020-08-08',3),(2541,92,'2020-08-01',1),(2542,802,'2020-08-05',1),(2543,594,'2021-05-27',1),(2544,605,'2020-08-22',3),(2545,194,'2020-09-02',3),(2546,849,'2020-10-06',2),(2547,559,'2020-12-03',3),(2548,880,'2021-04-10',3),(2549,115,'2020-09-04',1),(2550,56,'2020-09-07',2),(2551,400,'2020-09-22',1),(2552,187,'2020-11-28',3),(2553,579,'2020-09-21',1),(2554,559,'2020-09-22',3),(2555,40,'2020-12-27',3),(2556,671,'2021-02-21',2),(2557,77,'2021-03-25',1),(2558,600,'2021-05-21',1),(2559,144,'2020-12-27',1),(2560,974,'2020-10-30',1),(2561,207,'2020-07-29',3),(2562,240,'2020-10-02',2),(2563,654,'2021-04-09',3),(2564,749,'2021-04-01',2),(2565,150,'2021-03-28',2),(2566,84,'2020-11-27',2),(2567,385,'2020-10-05',1),(2568,939,'2021-02-12',3),(2569,603,'2021-04-20',2),(2570,529,'2021-01-30',3),(2571,420,'2020-11-20',2),(2572,995,'2021-02-05',2),(2573,500,'2021-01-01',3),(2574,666,'2021-01-08',1),(2575,946,'2020-10-06',3),(2576,682,'2021-05-10',1),(2577,901,'2021-04-21',1),(2578,34,'2021-05-11',3),(2579,601,'2020-09-29',1),(2580,612,'2020-09-06',2),(2581,560,'2020-11-21',2),(2582,220,'2020-09-11',2),(2583,87,'2020-09-19',3),(2584,711,'2021-03-30',1),(2585,30,'2021-03-29',1),(2586,62,'2021-04-29',2),(2587,617,'2020-08-18',2),(2588,88,'2021-03-17',2),(2589,257,'2021-03-23',1),(2590,693,'2020-10-28',2),(2591,421,'2020-11-10',2),(2592,291,'2020-11-24',3),(2593,34,'2021-01-09',2),(2594,205,'2020-11-14',1),(2595,340,'2021-01-29',1),(2596,762,'2020-08-10',2),(2597,500,'2021-02-07',3),(2598,980,'2020-11-22',2),(2599,407,'2020-08-13',1),(2600,446,'2020-11-03',3),(2601,861,'2021-01-22',1),(2602,774,'2021-04-15',3),(2603,672,'2020-08-05',2),(2604,117,'2020-10-31',3),(2605,202,'2020-12-02',2),(2606,729,'2021-02-14',2),(2607,594,'2020-12-01',2),(2608,15,'2021-03-13',3),(2609,907,'2020-06-29',2),(2610,952,'2021-03-10',2),(2611,438,'2021-03-09',2),(2612,318,'2021-01-15',2),(2613,119,'2021-05-17',1),(2614,832,'2021-01-03',2),(2615,363,'2020-12-19',1),(2616,490,'2020-07-03',3),(2617,967,'2020-11-28',3),(2618,934,'2020-06-27',1),(2619,615,'2020-11-13',3),(2620,384,'2020-12-20',2),(2621,86,'2020-12-31',2),(2622,183,'2020-09-28',3),(2623,504,'2020-07-26',2),(2624,758,'2020-10-29',2),(2625,258,'2020-06-25',2),(2626,120,'2020-07-29',1),(2627,405,'2020-11-09',3),(2628,319,'2021-02-01',1),(2629,77,'2020-10-01',1),(2630,657,'2020-09-09',1),(2631,385,'2020-12-26',2),(2632,890,'2021-01-11',3),(2633,749,'2020-08-01',2),(2634,542,'2020-12-05',2),(2635,53,'2020-10-29',2),(2636,271,'2020-12-13',1),(2637,552,'2021-03-27',3),(2638,229,'2020-10-23',3),(2639,633,'2020-06-28',3),(2640,920,'2020-06-26',1),(2641,642,'2021-05-15',3),(2642,892,'2020-12-10',2),(2643,521,'2021-01-08',1),(2644,411,'2020-11-29',1),(2645,804,'2020-07-05',3),(2646,312,'2021-02-16',2),(2647,8,'2021-01-03',3),(2648,182,'2021-03-17',3),(2649,941,'2021-04-20',1),(2650,976,'2020-10-02',2),(2651,742,'2020-12-10',1),(2652,92,'2020-10-05',1),(2653,546,'2020-09-20',1),(2654,96,'2021-05-20',1),(2655,784,'2020-10-22',2),(2656,418,'2020-10-31',2),(2657,533,'2020-09-01',1),(2658,997,'2021-05-07',2),(2659,636,'2020-10-13',3),(2660,192,'2021-05-27',1),(2661,190,'2021-02-07',3),(2662,807,'2020-12-20',2),(2663,644,'2020-10-04',3),(2664,429,'2021-03-29',1),(2665,148,'2021-05-14',2),(2666,413,'2020-07-02',3),(2667,656,'2020-09-06',2),(2668,290,'2020-11-22',2),(2669,936,'2021-03-19',3),(2670,725,'2020-07-25',1),(2671,382,'2020-11-05',2),(2672,570,'2021-05-16',2),(2673,255,'2021-02-20',3),(2674,807,'2021-02-17',1),(2675,872,'2020-12-08',3),(2676,364,'2021-01-31',2),(2677,548,'2020-07-24',3),(2678,553,'2021-02-12',3),(2679,534,'2021-04-09',3),(2680,758,'2021-04-01',2),(2681,260,'2021-01-25',3),(2682,601,'2021-01-03',3),(2683,731,'2020-07-16',2),(2684,762,'2021-05-22',1),(2685,677,'2020-09-24',2),(2686,228,'2020-12-05',3),(2687,904,'2020-10-30',1),(2688,671,'2020-12-23',1),(2689,427,'2021-05-28',1),(2690,936,'2021-06-01',1),(2691,104,'2020-10-01',2),(2692,897,'2020-11-25',1),(2693,938,'2020-08-15',2),(2694,625,'2020-09-14',2),(2695,753,'2020-08-17',2),(2696,67,'2020-07-19',1),(2697,474,'2020-12-05',2),(2698,32,'2021-05-11',2),(2699,229,'2020-08-08',1),(2700,657,'2020-11-17',3),(2701,931,'2020-10-06',2),(2702,683,'2021-01-23',2),(2703,961,'2021-05-16',3),(2704,321,'2020-07-11',2),(2705,516,'2021-02-01',3),(2706,957,'2020-12-08',1),(2707,758,'2021-01-25',1),(2708,250,'2020-11-25',2),(2709,810,'2021-05-12',2),(2710,300,'2021-05-17',3),(2711,635,'2020-12-04',1),(2712,662,'2020-09-29',3),(2713,532,'2020-09-03',1),(2714,177,'2020-09-14',1),(2715,863,'2020-09-18',1),(2716,368,'2020-12-10',2),(2717,56,'2020-11-01',2),(2718,256,'2021-02-15',1),(2719,697,'2020-07-02',3),(2720,615,'2021-05-01',2),(2721,21,'2021-03-10',3),(2722,232,'2020-10-01',2),(2723,25,'2020-08-04',1),(2724,326,'2021-05-20',3),(2725,554,'2020-08-21',1),(2726,100,'2020-10-26',1),(2727,350,'2021-01-01',1),(2728,343,'2020-10-21',3),(2729,323,'2021-05-06',3),(2730,197,'2021-05-12',3),(2731,803,'2020-11-28',3),(2732,136,'2020-07-17',2),(2733,975,'2021-04-17',3),(2734,428,'2020-10-29',2),(2735,482,'2021-05-01',1),(2736,503,'2020-08-03',2),(2737,946,'2021-03-15',3),(2738,354,'2021-04-19',2),(2739,852,'2021-01-12',3),(2740,364,'2020-12-31',1),(2741,826,'2021-04-16',1),(2742,473,'2020-08-26',3),(2743,246,'2020-11-30',3),(2744,670,'2021-03-04',3),(2745,653,'2020-09-18',1),(2746,678,'2020-09-24',3),(2747,343,'2020-07-06',1),(2748,625,'2021-04-09',2),(2749,621,'2020-08-26',1),(2750,677,'2021-04-25',1),(2751,690,'2020-08-11',1),(2752,329,'2020-06-28',1),(2753,921,'2021-01-30',2),(2754,966,'2021-01-04',2),(2755,965,'2020-10-25',2),(2756,421,'2021-05-31',3),(2757,464,'2021-04-27',1),(2758,761,'2020-11-04',3),(2759,995,'2020-07-28',2),(2760,951,'2020-12-25',3),(2761,630,'2021-02-12',1),(2762,181,'2020-10-20',1),(2763,989,'2020-08-28',2),(2764,991,'2021-05-26',2),(2765,12,'2021-05-04',1),(2766,533,'2021-04-01',3),(2767,782,'2020-12-05',3),(2768,15,'2020-10-12',3),(2769,866,'2021-04-01',1),(2770,1,'2020-06-27',1),(2771,106,'2020-09-24',1),(2772,223,'2020-10-22',2),(2773,357,'2020-09-12',2),(2774,345,'2021-02-13',1),(2775,746,'2021-01-05',3),(2776,733,'2021-04-15',2),(2777,302,'2020-09-16',3),(2778,578,'2021-03-19',1),(2779,727,'2021-02-09',3),(2780,945,'2021-02-16',2),(2781,845,'2021-02-23',3),(2782,770,'2021-05-15',2),(2783,574,'2020-10-19',3),(2784,580,'2020-11-20',3),(2785,612,'2020-09-05',1),(2786,437,'2020-09-10',1),(2787,239,'2021-02-07',3),(2788,823,'2021-05-06',2),(2789,619,'2021-05-09',3),(2790,639,'2020-10-10',2),(2791,77,'2020-08-21',3),(2792,73,'2020-07-05',2),(2793,11,'2020-10-02',1),(2794,656,'2020-07-24',2),(2795,26,'2021-03-21',3),(2796,225,'2021-01-11',2),(2797,131,'2020-12-13',1),(2798,857,'2020-07-11',2),(2799,627,'2021-02-09',3),(2800,359,'2020-12-25',1),(2801,978,'2020-08-08',3),(2802,377,'2021-04-30',1),(2803,868,'2021-04-18',3),(2804,661,'2021-01-25',2),(2805,80,'2021-01-27',2),(2806,93,'2020-07-27',1),(2807,645,'2020-08-04',1),(2808,273,'2021-02-05',3),(2809,666,'2021-03-27',2),(2810,303,'2021-03-18',1),(2811,223,'2020-11-03',3),(2812,571,'2021-03-24',1),(2813,997,'2020-07-05',3),(2814,397,'2021-03-10',2),(2815,197,'2021-01-15',3),(2816,561,'2021-03-05',3),(2817,72,'2020-12-25',3),(2818,441,'2020-11-08',1),(2819,961,'2021-05-05',2),(2820,788,'2020-07-08',3),(2821,218,'2020-09-17',3),(2822,913,'2020-11-15',3),(2823,107,'2020-08-16',2),(2824,726,'2020-10-26',1),(2825,728,'2020-08-17',3),(2826,233,'2020-09-28',1),(2827,117,'2021-05-23',1),(2828,274,'2020-11-07',1),(2829,92,'2020-10-16',3),(2830,172,'2020-11-18',1),(2831,180,'2020-06-24',1),(2832,217,'2020-08-19',3),(2833,417,'2020-08-16',1),(2834,484,'2020-07-29',1),(2835,159,'2020-09-27',2),(2836,832,'2020-12-31',1),(2837,528,'2021-01-21',2),(2838,917,'2020-11-24',3),(2839,484,'2021-01-12',1),(2840,848,'2021-04-14',2),(2841,398,'2021-04-09',3),(2842,126,'2020-08-03',1),(2843,364,'2021-05-05',2),(2844,84,'2020-10-30',1),(2845,855,'2021-01-16',2),(2846,653,'2020-12-27',3),(2847,570,'2020-07-17',1),(2848,134,'2021-05-19',3),(2849,324,'2020-10-21',1),(2850,190,'2020-11-03',3),(2851,985,'2020-09-01',2),(2852,766,'2020-11-10',3),(2853,453,'2020-07-27',1),(2854,800,'2021-02-12',3),(2855,80,'2020-09-26',1),(2856,858,'2021-04-07',1),(2857,791,'2021-02-03',1),(2858,849,'2020-08-17',2),(2859,326,'2020-06-30',2),(2860,547,'2020-10-03',3),(2861,257,'2020-12-08',2),(2862,935,'2020-11-09',3),(2863,101,'2020-07-23',2),(2864,550,'2021-04-02',2),(2865,715,'2020-10-13',3),(2866,478,'2020-08-19',3),(2867,731,'2021-05-29',1),(2868,164,'2021-01-16',1),(2869,452,'2020-08-25',1),(2870,386,'2020-11-02',1),(2871,85,'2020-08-08',2),(2872,805,'2020-08-22',1),(2873,261,'2020-07-26',3),(2874,529,'2020-10-01',2),(2875,569,'2021-02-19',1),(2876,684,'2020-09-01',3),(2877,877,'2020-12-16',2),(2878,361,'2021-04-04',1),(2879,244,'2020-08-28',2),(2880,867,'2021-04-28',2),(2881,591,'2021-03-17',3),(2882,552,'2020-10-17',3),(2883,668,'2021-04-18',1),(2884,714,'2020-07-09',2),(2885,100,'2021-05-23',1),(2886,605,'2021-05-07',3),(2887,591,'2020-11-24',3),(2888,782,'2021-03-03',2),(2889,378,'2020-11-05',1),(2890,509,'2021-03-11',1),(2891,771,'2021-01-01',2),(2892,573,'2020-09-15',3),(2893,130,'2020-07-01',1),(2894,219,'2020-11-06',3),(2895,107,'2020-11-10',3),(2896,435,'2021-05-07',3),(2897,122,'2020-12-31',3),(2898,117,'2021-03-05',1),(2899,985,'2021-01-10',1),(2900,693,'2021-05-03',2),(2901,300,'2020-09-10',2),(2902,276,'2020-06-28',3),(2903,319,'2021-05-12',3),(2904,429,'2021-01-30',3),(2905,397,'2020-08-12',2),(2906,350,'2020-11-15',1),(2907,871,'2021-01-17',1),(2908,787,'2021-01-08',3),(2909,582,'2021-02-28',2),(2910,396,'2020-10-06',2),(2911,670,'2021-02-11',3),(2912,946,'2020-10-10',3),(2913,576,'2021-02-11',1),(2914,275,'2020-06-26',3),(2915,127,'2020-08-21',2),(2916,766,'2021-05-08',1),(2917,58,'2021-02-01',1),(2918,938,'2020-07-11',1),(2919,82,'2021-02-27',3),(2920,638,'2021-01-30',3),(2921,497,'2021-01-15',1),(2922,161,'2020-08-15',1),(2923,462,'2020-08-02',2),(2924,286,'2020-10-01',1),(2925,878,'2020-07-14',2),(2926,769,'2020-12-12',3),(2927,100,'2020-08-22',1),(2928,446,'2020-12-19',2),(2929,805,'2020-09-10',3),(2930,141,'2021-01-18',1),(2931,940,'2020-07-23',1),(2932,708,'2020-11-30',3),(2933,593,'2021-03-19',1),(2934,166,'2021-04-14',3),(2935,624,'2020-08-17',1),(2936,208,'2021-01-17',3),(2937,503,'2020-09-09',1),(2938,191,'2021-03-20',1),(2939,956,'2021-03-25',2),(2940,722,'2020-08-28',2),(2941,406,'2020-07-29',2),(2942,336,'2020-11-19',3),(2943,983,'2021-02-14',3),(2944,757,'2020-09-30',3),(2945,958,'2021-01-28',3),(2946,294,'2020-07-09',1),(2947,7,'2021-05-06',1),(2948,417,'2020-11-26',2),(2949,210,'2020-11-01',3),(2950,674,'2021-02-24',2),(2951,273,'2021-03-10',2),(2952,15,'2021-01-10',2),(2953,714,'2020-09-14',2),(2954,883,'2021-04-07',3),(2955,432,'2021-03-10',1),(2956,504,'2021-04-27',1),(2957,364,'2021-05-12',3),(2958,267,'2020-09-30',3),(2959,849,'2021-02-12',1),(2960,399,'2021-02-04',2),(2961,208,'2020-09-13',1),(2962,328,'2020-06-30',3),(2963,820,'2021-04-07',3),(2964,441,'2020-06-25',3),(2965,260,'2020-08-26',2),(2966,236,'2020-11-17',1),(2967,639,'2020-10-06',1),(2968,232,'2021-01-05',3),(2969,505,'2021-05-10',2),(2970,917,'2020-08-26',1),(2971,983,'2021-04-04',3),(2972,202,'2020-11-22',2),(2973,152,'2021-04-23',1),(2974,674,'2021-01-30',3),(2975,611,'2020-09-15',1),(2976,857,'2021-04-26',3),(2977,197,'2020-08-23',2),(2978,939,'2021-03-09',2),(2979,321,'2020-09-01',3),(2980,428,'2021-02-13',3),(2981,596,'2021-02-16',2),(2982,481,'2020-08-28',2),(2983,131,'2021-02-02',2),(2984,122,'2020-12-20',3),(2985,950,'2020-11-30',3),(2986,497,'2021-01-03',3),(2987,335,'2021-03-06',1),(2988,183,'2020-10-19',2),(2989,648,'2020-09-25',1),(2990,907,'2020-10-11',3),(2991,379,'2020-11-15',1),(2992,644,'2020-08-02',2),(2993,916,'2020-11-19',1),(2994,27,'2020-10-06',2),(2995,613,'2021-04-20',3),(2996,160,'2021-03-08',1),(2997,350,'2021-01-13',3),(2998,184,'2021-02-07',2),(2999,285,'2021-02-20',1),(3000,323,'2021-05-21',2),(3001,755,'2021-04-15',1),(3002,809,'2021-02-15',3),(3003,636,'2020-11-08',2),(3004,951,'2020-07-31',2),(3005,856,'2021-04-30',3),(3006,838,'2021-04-05',1),(3007,346,'2020-11-06',3),(3008,14,'2020-10-24',3),(3009,539,'2021-03-30',3),(3010,948,'2021-04-15',2),(3011,87,'2021-03-09',1),(3012,353,'2021-01-12',1),(3013,608,'2021-02-09',1),(3014,221,'2020-09-23',1),(3015,165,'2020-07-20',3),(3016,663,'2020-12-30',2),(3017,524,'2021-01-15',3),(3018,116,'2020-11-29',3),(3019,808,'2020-09-03',3),(3020,183,'2021-02-24',1),(3021,261,'2021-03-01',3),(3022,368,'2020-10-03',3),(3023,351,'2021-02-17',2),(3024,792,'2020-10-11',1),(3025,60,'2020-09-16',1),(3026,948,'2020-07-23',3),(3027,102,'2020-11-17',3),(3028,144,'2021-03-17',1),(3029,71,'2020-11-23',1),(3030,188,'2020-06-30',1),(3031,862,'2021-05-18',2),(3032,705,'2021-02-03',1),(3033,69,'2021-01-07',2),(3034,95,'2021-03-25',1),(3035,649,'2020-11-15',1),(3036,181,'2021-01-16',2),(3037,948,'2021-02-05',3),(3038,713,'2020-11-05',2),(3039,993,'2020-06-28',1),(3040,192,'2020-06-23',1),(3041,644,'2021-03-04',2),(3042,22,'2021-04-08',1),(3043,79,'2021-04-11',3),(3044,661,'2020-12-18',1),(3045,914,'2020-08-10',1),(3046,252,'2020-09-30',3),(3047,931,'2020-08-27',1),(3048,522,'2020-12-06',3),(3049,55,'2020-07-03',2),(3050,895,'2021-05-31',3),(3051,934,'2020-10-31',3),(3052,49,'2020-10-30',1),(3053,309,'2020-12-13',3),(3054,85,'2021-03-25',3),(3055,588,'2021-04-17',3),(3056,180,'2021-05-12',2),(3057,678,'2021-04-07',2),(3058,772,'2020-12-18',1),(3059,451,'2021-05-04',1),(3060,495,'2021-02-14',3),(3061,73,'2020-11-23',3),(3062,972,'2020-07-29',3),(3063,465,'2021-03-03',2),(3064,788,'2020-12-11',3),(3065,4,'2020-07-25',2),(3066,724,'2020-07-10',2),(3067,264,'2021-05-12',2),(3068,917,'2021-01-08',2),(3069,559,'2021-03-09',3),(3070,112,'2021-01-12',3),(3071,267,'2021-04-19',2),(3072,723,'2020-11-25',2),(3073,509,'2020-11-01',1),(3074,933,'2020-08-27',2),(3075,803,'2020-11-12',3),(3076,305,'2020-11-30',2),(3077,667,'2021-03-20',1),(3078,256,'2021-05-17',2),(3079,231,'2020-11-22',1),(3080,75,'2021-03-08',3),(3081,190,'2021-02-13',3),(3082,333,'2020-11-22',1),(3083,392,'2020-09-08',2),(3084,589,'2020-08-23',1),(3085,829,'2021-01-04',2),(3086,539,'2021-02-21',2),(3087,234,'2020-08-14',3),(3088,112,'2021-01-05',3),(3089,574,'2020-11-28',2),(3090,486,'2021-04-09',2),(3091,378,'2020-08-11',1),(3092,39,'2021-03-28',3),(3093,905,'2021-04-13',2),(3094,490,'2020-11-08',1),(3095,226,'2020-11-02',3),(3096,350,'2020-10-04',2),(3097,139,'2021-05-07',1),(3098,721,'2020-12-30',2),(3099,677,'2021-05-16',1),(3100,142,'2020-08-19',2),(3101,84,'2020-07-20',1),(3102,823,'2021-03-10',2),(3103,217,'2020-07-25',3),(3104,627,'2020-11-09',2),(3105,803,'2021-03-26',3),(3106,128,'2020-07-31',1),(3107,124,'2021-05-21',1),(3108,301,'2020-08-03',2),(3109,777,'2020-07-07',1),(3110,332,'2020-10-14',2),(3111,33,'2021-01-16',1),(3112,117,'2021-01-08',3),(3113,818,'2021-04-29',1),(3114,618,'2020-09-12',3),(3115,387,'2020-12-14',2),(3116,383,'2021-04-21',3),(3117,991,'2020-10-04',1),(3118,896,'2020-08-17',2),(3119,539,'2020-07-06',3),(3120,944,'2020-10-15',1),(3121,493,'2021-04-10',3),(3122,702,'2020-11-29',1),(3123,460,'2021-03-14',3),(3124,20,'2020-08-29',1),(3125,1,'2020-12-16',3),(3126,456,'2020-06-24',3),(3127,781,'2021-02-10',3),(3128,690,'2021-04-10',3),(3129,439,'2021-02-28',3),(3130,606,'2020-09-21',1),(3131,616,'2021-02-25',3),(3132,213,'2021-01-20',3),(3133,809,'2020-07-16',1),(3134,729,'2020-09-09',1),(3135,24,'2021-05-08',3),(3136,92,'2020-08-09',2),(3137,256,'2020-10-31',2),(3138,618,'2021-04-23',2),(3139,436,'2020-08-12',2),(3140,26,'2021-03-03',2),(3141,210,'2020-07-07',2),(3142,512,'2021-05-24',2),(3143,442,'2021-05-31',2),(3144,822,'2021-03-15',2),(3145,634,'2021-05-06',1),(3146,991,'2021-01-25',3),(3147,284,'2020-11-27',2),(3148,667,'2021-01-24',3),(3149,869,'2020-11-16',3),(3150,455,'2020-12-09',1),(3151,446,'2021-02-20',2),(3152,719,'2021-03-24',1),(3153,267,'2021-05-29',1),(3154,738,'2020-08-27',3),(3155,551,'2021-05-30',3),(3156,861,'2020-08-17',1),(3157,556,'2020-10-16',3),(3158,676,'2021-03-12',2),(3159,760,'2021-03-26',2),(3160,733,'2020-07-20',3),(3161,761,'2020-12-31',1),(3162,243,'2021-01-01',2),(3163,399,'2021-04-11',3),(3164,650,'2021-05-27',2),(3165,871,'2021-02-25',2),(3166,513,'2021-05-08',2),(3167,93,'2020-10-29',1),(3168,924,'2020-12-23',2),(3169,90,'2020-12-23',1),(3170,765,'2020-08-03',2),(3171,476,'2020-12-02',1),(3172,687,'2021-04-22',2),(3173,119,'2021-04-21',1),(3174,384,'2021-05-09',3),(3175,981,'2020-08-06',1),(3176,243,'2020-07-13',3),(3177,34,'2020-12-03',2),(3178,179,'2020-12-27',3),(3179,123,'2020-10-04',3),(3180,688,'2021-03-24',1),(3181,697,'2020-09-24',3),(3182,369,'2020-11-13',3),(3183,732,'2020-10-20',2),(3184,202,'2021-02-15',2),(3185,283,'2020-11-26',3),(3186,34,'2020-08-30',2),(3187,465,'2020-08-27',1),(3188,5,'2021-03-23',2),(3189,180,'2020-07-29',1),(3190,886,'2020-11-06',3),(3191,661,'2020-11-29',1),(3192,603,'2021-05-19',3),(3193,416,'2021-05-05',1),(3194,954,'2020-11-27',2),(3195,234,'2020-06-30',2),(3196,804,'2021-02-26',2),(3197,732,'2021-05-01',1),(3198,134,'2020-07-03',3),(3199,869,'2021-01-25',1),(3200,385,'2021-04-16',2),(3201,722,'2020-12-10',2),(3202,870,'2021-01-03',2),(3203,713,'2020-11-21',2),(3204,987,'2021-02-26',3),(3205,742,'2021-03-14',3),(3206,369,'2020-10-20',1),(3207,348,'2020-12-10',2),(3208,499,'2020-09-17',3),(3209,554,'2021-01-21',3),(3210,686,'2021-04-21',2),(3211,292,'2021-01-30',3),(3212,285,'2020-11-24',2),(3213,436,'2021-05-07',2),(3214,582,'2020-10-31',3),(3215,850,'2020-11-13',3),(3216,87,'2020-08-08',3),(3217,176,'2021-04-11',2),(3218,283,'2021-03-23',3),(3219,664,'2021-03-08',2),(3220,17,'2020-06-24',2),(3221,427,'2020-07-27',2),(3222,483,'2020-11-19',3),(3223,425,'2020-11-03',1),(3224,424,'2021-01-21',2),(3225,822,'2020-08-11',3),(3226,865,'2020-12-20',2),(3227,321,'2021-02-24',1),(3228,675,'2021-02-20',2),(3229,508,'2020-11-21',3),(3230,42,'2020-07-27',2),(3231,941,'2021-01-09',1),(3232,472,'2020-12-09',3),(3233,538,'2021-02-12',1),(3234,224,'2021-03-07',3),(3235,786,'2021-02-24',1),(3236,112,'2021-03-23',2),(3237,974,'2021-02-22',3),(3238,988,'2021-03-07',3),(3239,616,'2021-01-18',2),(3240,61,'2020-07-06',1),(3241,91,'2020-07-11',1),(3242,589,'2020-06-26',3),(3243,132,'2021-02-22',1),(3244,567,'2020-12-15',3),(3245,487,'2020-07-01',1),(3246,564,'2020-07-07',3),(3247,174,'2020-08-20',1),(3248,77,'2021-01-31',1),(3249,352,'2020-08-19',3),(3250,535,'2020-11-03',3),(3251,267,'2020-09-20',1),(3252,224,'2020-08-30',1),(3253,593,'2020-12-28',1),(3254,542,'2020-11-26',1),(3255,772,'2020-09-06',3),(3256,14,'2021-01-06',2),(3257,379,'2021-02-22',2),(3258,912,'2020-10-02',1),(3259,939,'2021-03-24',3),(3260,946,'2020-11-16',3),(3261,878,'2021-01-20',1),(3262,612,'2020-07-06',2),(3263,824,'2020-12-28',2),(3264,98,'2020-09-17',1),(3265,482,'2020-10-14',3),(3266,416,'2021-05-22',1),(3267,386,'2021-05-26',3),(3268,108,'2020-08-13',2),(3269,847,'2021-01-26',1),(3270,15,'2021-02-15',2),(3271,111,'2021-01-02',1),(3272,720,'2020-10-18',3),(3273,2,'2020-07-10',3),(3274,1000,'2021-02-26',3),(3275,614,'2020-06-26',3),(3276,950,'2021-05-22',3),(3277,659,'2021-03-07',1),(3278,386,'2020-12-04',3),(3279,942,'2021-02-28',3),(3280,559,'2021-04-14',3),(3281,871,'2021-02-06',3),(3282,540,'2021-03-05',2),(3283,192,'2021-05-30',3),(3284,943,'2020-08-17',1),(3285,188,'2021-02-17',2),(3286,241,'2020-09-28',3),(3287,772,'2020-07-10',2),(3288,878,'2020-10-13',1),(3289,437,'2020-11-10',2),(3290,329,'2020-06-26',1),(3291,820,'2020-07-10',3),(3292,846,'2020-07-21',1),(3293,836,'2020-09-02',2),(3294,477,'2021-04-19',3),(3295,982,'2020-11-14',1),(3296,998,'2021-05-15',3),(3297,989,'2020-12-14',2),(3298,673,'2020-12-11',3),(3299,773,'2020-08-23',2),(3300,803,'2020-07-19',2),(3301,34,'2021-05-03',1),(3302,225,'2020-06-23',3),(3303,689,'2020-07-25',1),(3304,488,'2021-03-17',3),(3305,61,'2021-05-10',2),(3306,16,'2021-02-28',3),(3307,286,'2020-09-04',3),(3308,648,'2020-11-06',1),(3309,642,'2020-10-05',1),(3310,758,'2020-06-29',2),(3311,864,'2021-02-26',3),(3312,902,'2020-10-15',2),(3313,717,'2021-04-18',1),(3314,161,'2020-07-07',1),(3315,533,'2021-05-21',1),(3316,424,'2020-09-09',1),(3317,822,'2021-04-04',1),(3318,512,'2021-02-20',2),(3319,200,'2021-01-01',1),(3320,106,'2021-02-03',3),(3321,939,'2020-10-27',3),(3322,558,'2021-04-03',1),(3323,586,'2021-04-16',1),(3324,625,'2020-09-27',2),(3325,818,'2020-09-16',3),(3326,560,'2021-02-03',3),(3327,84,'2021-05-18',3),(3328,130,'2021-05-09',1),(3329,465,'2021-03-06',1),(3330,499,'2021-02-25',2),(3331,221,'2021-01-26',3),(3332,743,'2020-11-25',1),(3333,447,'2020-12-08',1),(3334,106,'2021-05-09',2),(3335,620,'2021-04-20',3),(3336,859,'2020-08-14',1),(3337,74,'2020-07-08',2),(3338,352,'2021-03-03',2),(3339,747,'2021-04-02',1),(3340,970,'2020-08-28',1),(3341,987,'2021-02-01',2),(3342,225,'2021-02-18',1),(3343,950,'2020-12-16',2),(3344,598,'2021-03-03',2),(3345,577,'2021-02-06',2),(3346,822,'2021-01-20',2),(3347,722,'2021-03-28',3),(3348,595,'2021-01-05',1),(3349,293,'2020-11-20',1),(3350,566,'2021-05-05',1),(3351,840,'2020-10-25',1),(3352,875,'2021-01-15',2),(3353,759,'2020-12-23',1),(3354,858,'2020-10-30',3),(3355,643,'2021-05-10',1),(3356,132,'2021-03-01',2),(3357,279,'2021-01-18',3),(3358,70,'2020-08-11',1),(3359,140,'2021-04-21',2),(3360,828,'2021-02-13',1),(3361,173,'2020-11-25',2),(3362,851,'2020-12-13',3),(3363,386,'2021-04-10',2),(3364,889,'2020-10-01',1),(3365,907,'2021-04-28',2),(3366,523,'2021-01-25',3),(3367,349,'2020-09-27',1),(3368,525,'2020-12-08',2),(3369,686,'2020-07-20',3),(3370,437,'2020-07-05',1),(3371,14,'2020-12-27',1),(3372,672,'2021-05-28',3),(3373,808,'2021-04-29',1),(3374,428,'2020-07-10',3),(3375,531,'2021-03-29',1),(3376,162,'2020-06-27',2),(3377,542,'2020-11-08',3),(3378,342,'2020-12-17',3),(3379,568,'2021-04-10',2),(3380,871,'2020-08-08',3),(3381,317,'2020-12-08',3),(3382,778,'2021-05-13',1),(3383,271,'2021-03-26',1),(3384,54,'2021-04-24',3),(3385,287,'2021-01-22',1),(3386,114,'2020-08-22',2),(3387,265,'2021-01-30',3),(3388,599,'2021-04-17',1),(3389,635,'2020-12-06',3),(3390,323,'2020-10-29',1),(3391,831,'2020-06-25',2),(3392,655,'2020-12-04',2),(3393,443,'2021-04-21',1),(3394,800,'2021-01-03',1),(3395,710,'2020-07-25',2),(3396,695,'2021-04-07',1),(3397,349,'2020-07-06',3),(3398,596,'2021-02-08',3),(3399,743,'2021-01-15',1),(3400,219,'2021-05-12',3),(3401,784,'2021-03-05',3),(3402,885,'2020-10-14',2),(3403,383,'2020-10-12',1),(3404,900,'2020-10-07',1),(3405,260,'2021-05-18',3),(3406,995,'2020-10-10',1),(3407,832,'2020-08-09',3),(3408,640,'2021-05-06',3),(3409,23,'2020-09-01',3),(3410,302,'2020-10-26',3),(3411,365,'2020-10-21',1),(3412,260,'2021-01-26',2),(3413,964,'2020-10-25',3),(3414,664,'2021-02-21',1),(3415,288,'2021-02-07',1),(3416,529,'2020-11-29',1),(3417,963,'2020-11-14',2),(3418,347,'2020-09-01',3),(3419,261,'2020-12-22',1),(3420,549,'2020-08-25',3),(3421,63,'2021-03-28',2),(3422,947,'2020-08-06',2),(3423,957,'2021-05-31',1),(3424,834,'2020-08-07',3),(3425,476,'2020-08-19',1),(3426,641,'2020-06-24',1),(3427,115,'2020-12-20',3),(3428,877,'2021-01-23',1),(3429,842,'2021-03-10',1),(3430,215,'2021-05-21',3),(3431,909,'2021-05-16',3),(3432,233,'2021-01-20',3),(3433,731,'2020-09-08',3),(3434,68,'2020-09-03',1),(3435,358,'2020-10-24',3),(3436,914,'2020-09-30',1),(3437,238,'2020-06-29',3),(3438,310,'2020-09-03',1),(3439,932,'2020-08-04',3),(3440,248,'2021-03-12',1),(3441,337,'2021-05-11',2),(3442,844,'2021-04-13',3),(3443,904,'2020-11-04',1),(3444,456,'2020-11-11',3),(3445,328,'2021-01-28',1),(3446,818,'2020-12-01',1),(3447,527,'2021-03-06',3),(3448,754,'2020-12-20',1),(3449,845,'2021-03-21',3),(3450,143,'2020-12-31',1),(3451,847,'2021-03-24',1),(3452,195,'2020-07-11',1),(3453,150,'2020-12-02',1),(3454,721,'2021-03-18',3),(3455,274,'2020-11-22',1),(3456,611,'2020-08-23',3),(3457,819,'2020-12-04',2),(3458,996,'2020-09-06',2),(3459,340,'2020-12-22',3),(3460,626,'2020-09-04',1),(3461,381,'2021-03-08',1),(3462,395,'2020-09-15',1),(3463,150,'2021-05-17',1),(3464,747,'2020-08-25',3),(3465,683,'2020-09-06',1),(3466,333,'2020-06-25',2),(3467,399,'2020-12-04',1),(3468,265,'2021-02-16',1),(3469,666,'2021-01-19',2),(3470,906,'2020-07-02',1),(3471,402,'2020-12-14',2),(3472,20,'2020-10-06',2),(3473,809,'2020-09-09',2),(3474,138,'2021-02-06',2),(3475,580,'2021-04-30',2),(3476,272,'2020-08-26',3),(3477,643,'2020-11-04',3),(3478,322,'2020-08-02',3),(3479,786,'2020-10-20',2),(3480,471,'2020-08-13',1),(3481,798,'2020-11-18',3),(3482,412,'2020-10-14',3),(3483,420,'2020-08-29',2),(3484,833,'2020-08-22',2),(3485,310,'2021-01-03',1),(3486,856,'2021-04-06',3),(3487,154,'2020-09-18',2),(3488,873,'2021-01-21',2),(3489,916,'2020-10-28',1),(3490,743,'2020-06-29',3),(3491,557,'2020-09-29',1),(3492,234,'2020-12-07',2),(3493,498,'2020-11-23',3),(3494,922,'2020-12-08',1),(3495,961,'2020-09-08',3),(3496,910,'2020-09-08',1),(3497,197,'2020-11-09',2),(3498,580,'2020-12-08',1),(3499,951,'2020-07-28',2),(3500,444,'2020-10-28',1),(3501,804,'2021-02-20',2),(3502,506,'2021-02-15',2),(3503,864,'2020-07-28',3),(3504,702,'2020-10-01',1),(3505,68,'2020-09-17',3),(3506,78,'2021-05-06',1),(3507,135,'2020-08-15',1),(3508,294,'2020-11-10',2),(3509,101,'2021-03-13',3),(3510,212,'2021-03-15',3),(3511,591,'2020-12-30',2),(3512,220,'2020-10-19',1),(3513,306,'2021-05-23',3),(3514,867,'2020-07-16',2),(3515,751,'2020-09-28',3),(3516,29,'2021-03-29',1),(3517,902,'2021-01-11',3),(3518,387,'2020-12-14',3),(3519,824,'2020-09-22',2),(3520,851,'2020-09-17',3),(3521,782,'2020-07-25',3),(3522,378,'2021-01-09',3),(3523,493,'2020-08-18',3),(3524,744,'2021-02-11',3),(3525,782,'2021-03-19',3),(3526,875,'2020-08-21',3),(3527,49,'2021-03-31',3),(3528,765,'2020-11-25',1),(3529,829,'2020-07-06',2),(3530,403,'2021-04-19',3),(3531,774,'2021-04-05',2),(3532,885,'2021-04-18',3),(3533,308,'2021-01-05',3),(3534,294,'2020-08-16',2),(3535,812,'2021-03-01',2),(3536,544,'2020-07-04',1),(3537,301,'2021-03-07',3),(3538,194,'2021-05-05',3),(3539,402,'2020-12-24',1),(3540,282,'2021-02-25',2),(3541,409,'2021-02-26',3),(3542,278,'2020-11-05',3),(3543,561,'2021-01-24',2),(3544,939,'2021-01-31',3),(3545,425,'2021-04-25',2),(3546,758,'2020-12-13',2),(3547,353,'2021-04-19',2),(3548,211,'2020-11-28',2),(3549,544,'2021-05-27',2),(3550,161,'2020-09-16',1),(3551,738,'2020-10-25',3),(3552,21,'2020-12-22',1),(3553,601,'2020-08-28',2),(3554,74,'2020-10-31',1),(3555,874,'2020-10-25',2),(3556,234,'2021-03-15',2),(3557,566,'2020-07-23',1),(3558,567,'2020-10-14',3),(3559,379,'2020-07-11',3),(3560,901,'2020-12-09',3),(3561,33,'2021-04-05',3),(3562,334,'2020-11-11',1),(3563,921,'2021-05-01',1),(3564,535,'2020-09-15',3),(3565,376,'2021-01-23',3),(3566,89,'2020-10-27',2),(3567,162,'2021-02-22',1),(3568,737,'2021-03-20',2),(3569,691,'2021-03-18',2),(3570,353,'2021-02-19',3),(3571,4,'2021-05-20',2),(3572,966,'2020-10-18',2),(3573,896,'2020-09-25',1),(3574,769,'2020-07-03',2),(3575,760,'2020-10-04',2),(3576,884,'2020-10-05',3),(3577,288,'2021-04-30',3),(3578,841,'2020-06-23',1),(3579,918,'2020-12-25',2),(3580,339,'2020-12-06',1),(3581,130,'2021-01-16',2),(3582,844,'2021-04-09',1),(3583,802,'2020-07-06',1),(3584,178,'2021-03-07',2),(3585,458,'2021-03-09',3),(3586,831,'2021-03-06',2),(3587,615,'2021-01-09',2),(3588,391,'2021-01-10',3),(3589,723,'2020-08-03',2),(3590,810,'2021-03-18',2),(3591,596,'2021-01-14',3),(3592,57,'2020-09-27',1),(3593,229,'2020-10-03',2),(3594,183,'2020-09-27',2),(3595,654,'2020-12-05',2),(3596,527,'2020-07-02',3),(3597,862,'2020-09-18',3),(3598,651,'2020-07-07',2),(3599,253,'2020-07-15',2),(3600,298,'2021-02-02',1),(3601,344,'2021-04-05',2),(3602,186,'2020-09-25',1),(3603,792,'2021-06-01',2),(3604,960,'2021-05-08',2),(3605,732,'2021-01-11',1),(3606,496,'2020-12-14',1),(3607,922,'2021-01-16',2),(3608,233,'2020-06-26',2),(3609,967,'2020-11-16',2),(3610,667,'2021-05-03',3),(3611,483,'2020-11-28',1),(3612,570,'2020-08-07',2),(3613,50,'2020-11-05',1),(3614,124,'2021-04-05',2),(3615,41,'2020-08-26',1),(3616,704,'2021-05-21',1),(3617,821,'2020-09-13',1),(3618,16,'2021-05-01',1),(3619,847,'2020-07-31',2),(3620,937,'2020-12-07',3),(3621,372,'2020-12-10',2),(3622,410,'2021-02-08',1),(3623,832,'2021-04-11',3),(3624,75,'2021-02-24',3),(3625,704,'2021-04-11',2),(3626,482,'2020-12-29',3),(3627,363,'2021-03-19',3),(3628,63,'2020-12-01',1),(3629,330,'2021-01-15',2),(3630,707,'2021-05-22',2),(3631,990,'2020-08-21',3),(3632,585,'2020-06-28',3),(3633,624,'2021-06-01',2),(3634,327,'2020-11-04',2),(3635,366,'2021-04-09',1),(3636,672,'2021-04-07',3),(3637,905,'2020-12-20',2),(3638,920,'2020-12-08',2),(3639,203,'2020-06-28',3),(3640,1000,'2020-06-24',3),(3641,377,'2020-11-16',1),(3642,51,'2021-01-18',2),(3643,153,'2020-10-20',3),(3644,850,'2020-09-17',2),(3645,670,'2021-01-31',2),(3646,454,'2020-11-14',2),(3647,639,'2021-03-15',1),(3648,261,'2021-05-07',1),(3649,526,'2020-10-13',1),(3650,335,'2020-11-11',3),(3651,9,'2020-07-12',3),(3652,603,'2020-10-21',3),(3653,795,'2021-04-19',3),(3654,821,'2021-05-04',2),(3655,443,'2020-11-07',1),(3656,899,'2021-04-28',3),(3657,676,'2020-06-26',3),(3658,515,'2020-12-27',2),(3659,517,'2020-08-10',3),(3660,592,'2021-05-06',2),(3661,763,'2021-05-29',3),(3662,280,'2020-08-29',2),(3663,845,'2020-07-24',2),(3664,929,'2021-03-30',2),(3665,387,'2021-04-23',3),(3666,106,'2020-11-23',3),(3667,277,'2020-12-07',1),(3668,699,'2021-05-03',2),(3669,82,'2020-08-09',3),(3670,420,'2020-07-11',2),(3671,848,'2020-12-26',3),(3672,105,'2020-07-01',1),(3673,158,'2021-05-19',1),(3674,625,'2021-03-02',2),(3675,525,'2021-05-20',3),(3676,833,'2021-05-07',3),(3677,238,'2021-02-25',2),(3678,323,'2021-03-14',1),(3679,215,'2020-07-24',2),(3680,205,'2021-01-10',2),(3681,786,'2020-07-31',2),(3682,458,'2020-09-08',2),(3683,301,'2021-05-06',1),(3684,201,'2020-12-06',2),(3685,758,'2020-12-01',2),(3686,840,'2021-03-02',2),(3687,941,'2021-01-25',1),(3688,191,'2021-02-14',2),(3689,684,'2020-10-27',3),(3690,209,'2020-11-28',2),(3691,425,'2020-12-08',1),(3692,517,'2021-04-21',1),(3693,544,'2021-05-21',3),(3694,458,'2021-03-15',2),(3695,368,'2020-07-09',1),(3696,375,'2020-11-01',3),(3697,634,'2020-08-01',1),(3698,923,'2020-08-14',2),(3699,695,'2020-11-28',3),(3700,950,'2021-01-09',2),(3701,948,'2020-09-25',3),(3702,502,'2020-08-29',2),(3703,841,'2021-03-16',1),(3704,509,'2021-02-22',2),(3705,330,'2020-12-05',1),(3706,717,'2021-03-14',2),(3707,277,'2020-10-04',3),(3708,672,'2020-07-16',1),(3709,811,'2020-12-05',1),(3710,753,'2020-10-19',3),(3711,546,'2020-06-28',1),(3712,281,'2020-12-08',1),(3713,268,'2021-05-16',1),(3714,361,'2020-07-29',2),(3715,353,'2021-05-07',1),(3716,864,'2020-10-22',1),(3717,119,'2020-08-30',2),(3718,793,'2021-04-12',1),(3719,275,'2021-02-17',1),(3720,761,'2021-04-30',2),(3721,424,'2021-02-20',1),(3722,631,'2021-03-13',1),(3723,104,'2021-04-23',3),(3724,687,'2021-01-30',2),(3725,933,'2021-02-22',1),(3726,799,'2020-08-26',3),(3727,183,'2021-05-11',1),(3728,710,'2020-11-09',1),(3729,222,'2020-09-29',1),(3730,456,'2020-11-07',2),(3731,380,'2021-03-20',1),(3732,102,'2020-08-28',1),(3733,613,'2021-04-26',3),(3734,411,'2020-12-13',1),(3735,578,'2020-12-11',1),(3736,362,'2020-11-06',2),(3737,413,'2020-10-22',1),(3738,667,'2021-03-08',2),(3739,779,'2020-08-07',1),(3740,8,'2020-11-07',2),(3741,839,'2020-10-26',1),(3742,313,'2020-08-30',2),(3743,192,'2021-03-18',1),(3744,601,'2020-08-29',3),(3745,206,'2021-04-10',2),(3746,790,'2020-11-12',2),(3747,849,'2020-10-11',1),(3748,705,'2020-10-04',1),(3749,524,'2020-10-07',3),(3750,112,'2021-01-04',2),(3751,177,'2020-11-23',1),(3752,667,'2020-08-15',1),(3753,422,'2020-12-12',2),(3754,55,'2021-01-18',2),(3755,493,'2021-05-31',2),(3756,940,'2020-12-16',3),(3757,206,'2020-12-28',3),(3758,2,'2020-11-15',2),(3759,638,'2021-03-15',2),(3760,223,'2021-05-10',2),(3761,578,'2021-03-23',2),(3762,137,'2020-12-01',1),(3763,147,'2020-06-23',1),(3764,916,'2020-10-30',1),(3765,976,'2020-06-28',2),(3766,514,'2021-04-09',3),(3767,642,'2020-11-30',3),(3768,556,'2020-12-22',3),(3769,127,'2021-02-10',3),(3770,35,'2021-04-07',3),(3771,233,'2021-04-05',2),(3772,503,'2020-10-23',1),(3773,102,'2020-08-03',2),(3774,417,'2021-01-24',2),(3775,512,'2021-03-20',2),(3776,289,'2021-02-17',3),(3777,395,'2020-12-03',1),(3778,941,'2020-11-07',2),(3779,672,'2020-06-28',1),(3780,201,'2020-10-27',3),(3781,458,'2020-08-31',2),(3782,940,'2020-07-23',3),(3783,113,'2020-08-15',2),(3784,731,'2021-02-02',1),(3785,767,'2020-11-11',3),(3786,764,'2021-05-29',2),(3787,840,'2020-08-06',2),(3788,358,'2020-08-15',1),(3789,862,'2021-01-13',1),(3790,926,'2021-02-20',3),(3791,427,'2020-07-02',2),(3792,649,'2021-01-31',2),(3793,498,'2021-04-25',1),(3794,939,'2021-02-26',3),(3795,109,'2021-01-29',1),(3796,282,'2020-08-30',2),(3797,424,'2020-07-09',2),(3798,463,'2021-02-20',2),(3799,550,'2020-08-25',1),(3800,997,'2021-05-29',2),(3801,433,'2020-12-29',2),(3802,125,'2020-10-31',2),(3803,77,'2020-10-25',1),(3804,443,'2021-03-22',2),(3805,476,'2020-07-12',1),(3806,711,'2021-01-11',2),(3807,391,'2021-05-21',2),(3808,614,'2020-07-12',2),(3809,346,'2020-07-16',2),(3810,361,'2020-11-01',1),(3811,479,'2021-01-02',3),(3812,635,'2021-05-06',2),(3813,186,'2020-08-07',1),(3814,225,'2021-04-10',1),(3815,989,'2020-10-18',3),(3816,267,'2020-08-21',3),(3817,335,'2020-11-05',3),(3818,840,'2020-12-04',2),(3819,53,'2021-03-03',3),(3820,819,'2021-05-07',3),(3821,754,'2021-01-19',3),(3822,771,'2020-07-25',2),(3823,108,'2020-08-18',3),(3824,461,'2020-11-20',1),(3825,279,'2020-07-23',1),(3826,568,'2020-09-16',3),(3827,899,'2021-05-01',2),(3828,238,'2020-12-13',3),(3829,393,'2020-08-11',3),(3830,882,'2020-06-26',3),(3831,208,'2021-01-05',1),(3832,359,'2021-03-01',2),(3833,807,'2020-09-22',3),(3834,616,'2020-08-07',2),(3835,538,'2020-07-28',2),(3836,292,'2021-04-04',1),(3837,874,'2021-04-28',1),(3838,108,'2020-08-10',1),(3839,267,'2020-07-27',3),(3840,789,'2020-07-06',2),(3841,616,'2020-09-15',1),(3842,483,'2020-12-01',1),(3843,799,'2020-06-28',2),(3844,172,'2020-07-28',1),(3845,178,'2020-07-25',2),(3846,222,'2021-01-25',1),(3847,568,'2020-10-14',2),(3848,501,'2020-12-27',1),(3849,977,'2021-05-03',1),(3850,185,'2020-10-14',2),(3851,735,'2020-08-04',3),(3852,465,'2021-01-15',1),(3853,803,'2020-08-28',3),(3854,588,'2020-08-15',1),(3855,460,'2020-08-22',1),(3856,581,'2020-12-05',3),(3857,783,'2021-04-12',2),(3858,962,'2020-07-25',3),(3859,315,'2020-11-14',2),(3860,374,'2020-09-05',2),(3861,703,'2020-08-19',2),(3862,917,'2020-12-07',1),(3863,437,'2021-03-19',3),(3864,721,'2021-02-22',1),(3865,956,'2020-07-22',2),(3866,901,'2021-01-03',1),(3867,571,'2021-04-07',2),(3868,482,'2020-12-09',2),(3869,939,'2020-09-27',3),(3870,10,'2021-05-27',2),(3871,732,'2021-03-14',2),(3872,529,'2020-12-29',2),(3873,679,'2020-11-12',3),(3874,786,'2020-12-25',2),(3875,69,'2020-06-24',1),(3876,852,'2021-01-28',1),(3877,377,'2020-06-28',2),(3878,659,'2021-01-24',3),(3879,498,'2021-01-31',2),(3880,613,'2021-04-06',3),(3881,649,'2021-03-31',2),(3882,170,'2020-11-17',1),(3883,853,'2020-09-05',1),(3884,666,'2021-01-22',2),(3885,363,'2020-10-12',2),(3886,339,'2021-01-07',2),(3887,627,'2021-01-26',3),(3888,835,'2020-11-23',2),(3889,503,'2021-03-15',1),(3890,465,'2020-11-09',2),(3891,777,'2021-02-13',2),(3892,981,'2021-02-18',2),(3893,323,'2021-04-28',3),(3894,811,'2020-10-15',3),(3895,860,'2021-03-01',2),(3896,826,'2021-04-01',2),(3897,734,'2021-05-30',3),(3898,326,'2021-03-26',1),(3899,326,'2020-09-18',1),(3900,53,'2020-10-20',1),(3901,126,'2020-11-10',2),(3902,307,'2021-05-21',3),(3903,360,'2021-03-26',2),(3904,199,'2020-09-08',3),(3905,510,'2021-01-23',3),(3906,956,'2020-06-24',3),(3907,461,'2020-11-04',3),(3908,986,'2020-10-30',1),(3909,694,'2021-05-05',1),(3910,142,'2021-03-26',1),(3911,575,'2021-05-28',3),(3912,532,'2021-04-24',1),(3913,240,'2020-06-24',3),(3914,406,'2021-02-24',1),(3915,617,'2020-10-12',3),(3916,325,'2021-01-14',3),(3917,646,'2020-10-04',1),(3918,569,'2020-08-26',3),(3919,55,'2020-10-09',2),(3920,681,'2021-03-12',1),(3921,808,'2020-12-27',3),(3922,273,'2021-02-20',2),(3923,995,'2021-01-15',2),(3924,99,'2020-12-01',2),(3925,26,'2020-08-21',3),(3926,490,'2021-05-11',3),(3927,653,'2021-03-16',1),(3928,610,'2020-12-31',2),(3929,304,'2020-06-25',2),(3930,767,'2021-05-25',1),(3931,391,'2021-04-30',2),(3932,469,'2021-02-03',1),(3933,67,'2021-04-04',2),(3934,713,'2021-01-03',2),(3935,404,'2021-04-29',2),(3936,418,'2020-09-18',1),(3937,750,'2021-03-04',3),(3938,204,'2020-08-09',2),(3939,555,'2020-07-09',2),(3940,322,'2020-09-06',1),(3941,681,'2020-12-14',3),(3942,866,'2020-08-15',3),(3943,866,'2020-12-24',2),(3944,517,'2021-05-09',1),(3945,36,'2020-09-03',1),(3946,18,'2020-10-03',1),(3947,206,'2020-12-25',3),(3948,698,'2021-03-19',2),(3949,527,'2021-03-13',1),(3950,843,'2020-12-09',1),(3951,791,'2021-01-31',1),(3952,198,'2020-12-24',3),(3953,576,'2020-08-23',2),(3954,692,'2020-08-09',1),(3955,434,'2020-10-04',1),(3956,763,'2021-04-01',1),(3957,515,'2021-03-18',2),(3958,198,'2020-11-01',1),(3959,32,'2021-02-28',2),(3960,449,'2021-02-09',3),(3961,442,'2020-10-22',3),(3962,279,'2020-11-19',2),(3963,190,'2020-08-27',2),(3964,22,'2021-02-01',1),(3965,188,'2021-05-25',1),(3966,285,'2021-06-01',3),(3967,976,'2021-03-02',3),(3968,128,'2020-08-16',1),(3969,926,'2020-12-01',2),(3970,728,'2020-09-14',3),(3971,19,'2020-07-25',3),(3972,37,'2020-07-15',3),(3973,384,'2021-01-03',3),(3974,547,'2020-07-08',3),(3975,69,'2021-01-24',3),(3976,989,'2020-10-30',3),(3977,587,'2020-07-02',2),(3978,654,'2020-11-25',2),(3979,533,'2020-12-09',1),(3980,422,'2020-08-08',2),(3981,621,'2021-03-04',1),(3982,575,'2021-03-29',1),(3983,219,'2020-07-23',3),(3984,747,'2021-05-07',2),(3985,52,'2020-11-14',3),(3986,698,'2021-01-23',3),(3987,883,'2020-11-01',1),(3988,427,'2020-12-16',2),(3989,13,'2020-10-12',3),(3990,871,'2020-08-31',2),(3991,272,'2020-07-09',2),(3992,32,'2020-11-29',2),(3993,488,'2021-02-24',2),(3994,776,'2020-11-15',1),(3995,527,'2021-03-06',1),(3996,458,'2020-08-26',3),(3997,334,'2020-12-31',3),(3998,261,'2021-01-13',3),(3999,765,'2020-12-27',1),(4000,867,'2020-12-06',3),(4001,229,'2020-12-30',1),(4002,748,'2020-10-17',2),(4003,65,'2021-03-08',2),(4004,409,'2021-03-07',2),(4005,391,'2020-11-10',2),(4006,751,'2021-01-07',3),(4007,422,'2021-03-28',3),(4008,193,'2020-08-30',2),(4009,483,'2021-05-18',3),(4010,683,'2020-11-04',1),(4011,934,'2021-01-28',3),(4012,490,'2020-07-08',3),(4013,55,'2020-10-28',1),(4014,582,'2020-11-26',2),(4015,461,'2021-03-25',1),(4016,658,'2021-04-08',2),(4017,68,'2020-12-15',1),(4018,328,'2021-02-05',2),(4019,11,'2021-04-30',3),(4020,41,'2020-07-09',1),(4021,325,'2020-07-06',3),(4022,329,'2020-11-17',3),(4023,201,'2020-12-26',1),(4024,155,'2021-02-08',1),(4025,139,'2020-08-23',3),(4026,714,'2020-07-12',3),(4027,770,'2020-07-04',3),(4028,576,'2020-09-22',1),(4029,994,'2021-03-12',1),(4030,328,'2021-02-20',2),(4031,30,'2020-08-18',1),(4032,424,'2020-08-19',3),(4033,280,'2020-07-31',1),(4034,186,'2020-09-05',3),(4035,402,'2021-02-25',2),(4036,845,'2020-08-27',2),(4037,43,'2020-10-17',2),(4038,900,'2021-01-30',2),(4039,19,'2021-02-14',1),(4040,728,'2021-04-15',2),(4041,875,'2021-05-23',1),(4042,510,'2021-03-29',2),(4043,518,'2021-01-14',2),(4044,213,'2020-06-29',2),(4045,288,'2020-07-27',2),(4046,810,'2021-05-12',3),(4047,940,'2020-11-02',3),(4048,76,'2020-07-12',1),(4049,737,'2020-08-11',3),(4050,262,'2020-10-18',3),(4051,523,'2020-09-02',3),(4052,44,'2021-04-24',2),(4053,135,'2021-03-16',3),(4054,887,'2021-04-09',1),(4055,270,'2020-07-27',3),(4056,180,'2021-02-02',2),(4057,209,'2021-05-22',3),(4058,899,'2020-08-12',3),(4059,660,'2020-12-13',3),(4060,771,'2021-04-22',2),(4061,500,'2021-03-29',1),(4062,490,'2020-12-26',2),(4063,943,'2021-03-30',3),(4064,736,'2020-10-05',2),(4065,448,'2021-05-11',1),(4066,121,'2021-05-27',2),(4067,839,'2021-04-23',1),(4068,506,'2020-12-14',3),(4069,20,'2020-11-11',3),(4070,436,'2021-04-15',2),(4071,398,'2021-02-09',1),(4072,744,'2021-05-03',1),(4073,316,'2020-08-03',1),(4074,377,'2021-04-04',2),(4075,984,'2020-09-21',2),(4076,442,'2021-05-12',3),(4077,182,'2021-04-28',3),(4078,806,'2020-10-27',2),(4079,805,'2020-08-22',3),(4080,583,'2021-04-13',1),(4081,723,'2020-07-25',1),(4082,570,'2021-04-01',3),(4083,61,'2020-12-28',3),(4084,339,'2021-02-19',2),(4085,351,'2021-03-19',2),(4086,183,'2021-04-22',1),(4087,656,'2020-06-29',1),(4088,517,'2021-02-17',2),(4089,998,'2021-04-20',3),(4090,482,'2020-10-02',2),(4091,849,'2021-05-25',3),(4092,654,'2021-01-19',1),(4093,525,'2020-07-01',2),(4094,410,'2020-12-08',1),(4095,563,'2021-03-15',3),(4096,370,'2020-09-18',2),(4097,459,'2021-02-13',2),(4098,862,'2020-09-18',2),(4099,736,'2020-12-28',2),(4100,914,'2021-05-05',2),(4101,994,'2020-10-06',1),(4102,395,'2021-05-10',1),(4103,780,'2020-08-18',2),(4104,612,'2021-03-13',3),(4105,241,'2020-09-04',1),(4106,450,'2021-05-23',1),(4107,794,'2020-07-20',3),(4108,725,'2020-11-08',3),(4109,574,'2021-05-25',2),(4110,126,'2020-07-13',3),(4111,193,'2020-08-25',1),(4112,688,'2021-01-30',3),(4113,959,'2020-07-03',1),(4114,451,'2021-04-21',3),(4115,46,'2021-05-14',2),(4116,563,'2021-05-10',1),(4117,776,'2020-11-11',2),(4118,538,'2021-03-02',1),(4119,111,'2020-07-21',1),(4120,707,'2021-01-14',3),(4121,69,'2021-02-20',1),(4122,139,'2020-08-17',1),(4123,549,'2020-07-29',3),(4124,605,'2021-01-13',1),(4125,438,'2021-04-19',2),(4126,593,'2021-02-03',3),(4127,967,'2020-09-30',2),(4128,157,'2020-10-07',2),(4129,218,'2021-02-03',3),(4130,6,'2020-10-24',1),(4131,91,'2020-07-23',2),(4132,660,'2021-01-17',3),(4133,400,'2020-06-30',1),(4134,194,'2020-11-26',3),(4135,435,'2021-05-25',2),(4136,651,'2021-04-23',2),(4137,764,'2021-02-21',3),(4138,108,'2020-10-18',2),(4139,595,'2021-01-22',1),(4140,873,'2021-03-02',2),(4141,147,'2020-10-09',3),(4142,496,'2020-09-12',2),(4143,677,'2020-10-04',2),(4144,237,'2021-01-06',3),(4145,856,'2020-12-24',1),(4146,455,'2021-05-16',3),(4147,505,'2021-05-26',3),(4148,122,'2020-12-10',1),(4149,910,'2020-10-21',2),(4150,114,'2020-08-01',3),(4151,342,'2021-04-24',3),(4152,500,'2020-12-05',2),(4153,361,'2020-12-07',2),(4154,45,'2020-08-17',2),(4155,552,'2020-11-07',2),(4156,825,'2020-07-05',2),(4157,343,'2021-03-09',2),(4158,367,'2021-03-07',3),(4159,462,'2021-02-04',1),(4160,118,'2020-09-07',3),(4161,537,'2021-02-23',3),(4162,242,'2021-04-20',2),(4163,629,'2020-09-01',1),(4164,49,'2021-03-05',3),(4165,811,'2020-08-30',3),(4166,621,'2021-02-03',2),(4167,154,'2020-08-02',1),(4168,805,'2021-03-21',2),(4169,992,'2020-09-21',3),(4170,8,'2021-05-19',1),(4171,979,'2020-09-16',1),(4172,573,'2020-07-27',1),(4173,891,'2021-01-29',1),(4174,450,'2021-02-13',2),(4175,242,'2020-12-31',1),(4176,162,'2021-03-07',2),(4177,931,'2021-02-14',3),(4178,606,'2021-04-01',3),(4179,485,'2021-05-23',3),(4180,70,'2020-07-07',1),(4181,23,'2020-10-11',1),(4182,25,'2020-08-18',1),(4183,847,'2021-01-27',1),(4184,777,'2021-03-13',3),(4185,922,'2021-01-11',3),(4186,275,'2021-02-09',3),(4187,542,'2021-01-04',1),(4188,759,'2020-10-19',2),(4189,425,'2020-11-14',1),(4190,72,'2020-07-21',3),(4191,338,'2020-12-12',2),(4192,537,'2021-04-03',1),(4193,301,'2021-03-28',2),(4194,446,'2020-11-21',2),(4195,610,'2020-09-19',2),(4196,606,'2020-11-29',1),(4197,281,'2021-04-20',1),(4198,914,'2021-01-31',2),(4199,422,'2021-03-09',1),(4200,739,'2021-02-19',2),(4201,14,'2020-07-14',1),(4202,615,'2020-09-24',1),(4203,349,'2021-03-08',2),(4204,541,'2020-12-07',3),(4205,165,'2021-01-12',3),(4206,268,'2020-07-05',1),(4207,389,'2021-05-19',3),(4208,831,'2021-04-04',3),(4209,510,'2020-07-25',1),(4210,383,'2020-11-30',1),(4211,343,'2021-05-22',2),(4212,994,'2021-01-29',2),(4213,225,'2021-03-09',1),(4214,953,'2021-01-29',3),(4215,292,'2021-03-21',3),(4216,163,'2021-05-16',2),(4217,946,'2020-11-23',3),(4218,469,'2021-03-13',1),(4219,36,'2020-11-12',2),(4220,931,'2021-02-19',2),(4221,462,'2020-12-29',1),(4222,636,'2021-05-27',3),(4223,608,'2020-06-24',1),(4224,438,'2020-09-30',3),(4225,19,'2021-04-03',2),(4226,385,'2020-11-22',1),(4227,838,'2021-01-27',2),(4228,21,'2021-03-20',3),(4229,452,'2020-09-26',3),(4230,428,'2021-03-10',3),(4231,544,'2021-03-15',1),(4232,585,'2021-01-14',3),(4233,416,'2020-11-19',1),(4234,502,'2020-09-13',1),(4235,140,'2021-06-01',1),(4236,193,'2020-10-08',1),(4237,706,'2021-04-07',1),(4238,354,'2021-04-06',2),(4239,334,'2020-11-21',3),(4240,111,'2021-05-09',2),(4241,691,'2020-11-24',1),(4242,917,'2021-05-28',2),(4243,745,'2020-08-27',3),(4244,458,'2020-12-01',1),(4245,467,'2021-04-08',3),(4246,364,'2021-05-01',1),(4247,269,'2021-01-09',2),(4248,650,'2020-12-05',1),(4249,785,'2020-12-08',3),(4250,541,'2020-10-13',1),(4251,499,'2021-05-20',3),(4252,185,'2020-12-16',2),(4253,351,'2020-11-14',1),(4254,380,'2021-02-24',1),(4255,167,'2020-08-18',2),(4256,979,'2020-08-24',3),(4257,869,'2020-07-22',2),(4258,958,'2020-08-26',2),(4259,622,'2021-03-15',1),(4260,929,'2021-02-03',1),(4261,17,'2020-12-22',1),(4262,550,'2021-04-24',1),(4263,558,'2021-05-12',3),(4264,373,'2021-03-01',3),(4265,450,'2021-01-12',2),(4266,81,'2021-05-08',2),(4267,2,'2020-08-31',2),(4268,978,'2021-01-16',3),(4269,555,'2021-01-08',2),(4270,18,'2021-03-14',2),(4271,868,'2020-09-10',2),(4272,294,'2020-09-05',3),(4273,370,'2021-04-02',2),(4274,656,'2020-08-11',1),(4275,427,'2020-07-13',1),(4276,849,'2021-03-13',1),(4277,615,'2020-10-23',1),(4278,593,'2021-03-25',3),(4279,814,'2021-05-17',2),(4280,807,'2021-03-29',3),(4281,853,'2020-09-30',2),(4282,516,'2021-01-12',2),(4283,650,'2020-08-09',2),(4284,916,'2021-03-02',2),(4285,875,'2020-12-22',3),(4286,956,'2020-10-02',2),(4287,269,'2021-01-25',1),(4288,792,'2021-02-18',3),(4289,883,'2021-01-14',2),(4290,923,'2020-09-29',1),(4291,639,'2020-09-11',2),(4292,236,'2021-03-11',3),(4293,777,'2021-03-16',2),(4294,549,'2020-07-12',1),(4295,759,'2021-01-17',1),(4296,316,'2021-05-25',1),(4297,42,'2021-02-10',3),(4298,344,'2021-01-15',1),(4299,628,'2020-06-23',1),(4300,612,'2021-05-03',3),(4301,22,'2020-10-19',1),(4302,215,'2021-03-07',2),(4303,981,'2021-05-20',1),(4304,507,'2020-09-17',2),(4305,748,'2020-12-03',1),(4306,939,'2021-04-30',2),(4307,475,'2021-01-11',2),(4308,727,'2020-08-24',3),(4309,179,'2021-04-08',1),(4310,87,'2020-11-25',3),(4311,28,'2020-09-23',1),(4312,192,'2020-12-11',1),(4313,695,'2021-02-25',3),(4314,890,'2021-03-07',1),(4315,951,'2020-08-07',2),(4316,603,'2020-07-18',2),(4317,43,'2021-01-07',3),(4318,445,'2021-04-18',3),(4319,484,'2020-10-28',2),(4320,891,'2021-05-05',1),(4321,603,'2020-09-09',2),(4322,500,'2021-03-27',2),(4323,378,'2021-05-05',1),(4324,957,'2021-01-23',3),(4325,282,'2020-09-18',2),(4326,270,'2021-05-03',2),(4327,859,'2021-01-19',2),(4328,147,'2020-12-04',2),(4329,263,'2021-03-29',2),(4330,409,'2021-04-30',2),(4331,249,'2020-07-24',3),(4332,63,'2020-11-27',2),(4333,49,'2020-10-24',2),(4334,210,'2020-09-03',2),(4335,257,'2021-04-10',2),(4336,7,'2021-05-05',2),(4337,123,'2021-02-05',3),(4338,459,'2020-11-09',3),(4339,405,'2021-03-29',3),(4340,591,'2021-04-02',1),(4341,652,'2020-12-04',1),(4342,18,'2020-09-14',1),(4343,802,'2020-07-18',1),(4344,552,'2021-03-15',3),(4345,503,'2021-04-09',1),(4346,316,'2020-11-17',3),(4347,990,'2020-10-20',2),(4348,595,'2020-12-18',2),(4349,229,'2020-08-31',2),(4350,883,'2021-02-19',2),(4351,954,'2020-10-08',3),(4352,268,'2021-04-20',3),(4353,764,'2020-09-22',2),(4354,207,'2021-04-07',1),(4355,634,'2021-02-16',1),(4356,62,'2020-10-24',3),(4357,761,'2021-01-28',3),(4358,227,'2020-07-09',2),(4359,559,'2021-03-11',2),(4360,940,'2021-04-14',1),(4361,886,'2021-02-17',1),(4362,983,'2020-09-25',2),(4363,978,'2020-09-01',2),(4364,231,'2021-05-04',3),(4365,80,'2021-01-31',3),(4366,369,'2021-02-19',1),(4367,987,'2020-10-19',2),(4368,526,'2020-08-25',1),(4369,667,'2021-04-30',2),(4370,559,'2020-12-24',3),(4371,396,'2020-06-25',2),(4372,210,'2020-11-07',1),(4373,648,'2020-08-22',3),(4374,449,'2020-08-06',3),(4375,905,'2021-04-01',1),(4376,502,'2021-03-26',2),(4377,427,'2021-01-04',2),(4378,903,'2020-07-01',3),(4379,683,'2021-01-25',2),(4380,10,'2020-07-16',3),(4381,450,'2020-07-14',2),(4382,841,'2020-09-30',1),(4383,705,'2021-01-01',2),(4384,401,'2020-12-25',2),(4385,834,'2020-08-21',1),(4386,697,'2020-07-22',3),(4387,293,'2021-03-17',2),(4388,960,'2021-04-02',2),(4389,816,'2020-06-30',3),(4390,805,'2020-12-27',1),(4391,950,'2021-04-25',2),(4392,872,'2020-11-03',2),(4393,218,'2021-05-24',1),(4394,210,'2020-08-27',1),(4395,51,'2020-10-09',1),(4396,315,'2020-07-20',1),(4397,262,'2021-03-18',2),(4398,158,'2021-02-22',2),(4399,518,'2021-04-14',2),(4400,49,'2021-04-27',3),(4401,673,'2021-04-12',1),(4402,879,'2020-12-29',2),(4403,368,'2020-11-26',2),(4404,635,'2020-10-22',3),(4405,298,'2020-10-17',2),(4406,340,'2021-03-04',3),(4407,26,'2020-06-27',1),(4408,353,'2020-09-11',1),(4409,347,'2021-05-12',2),(4410,540,'2021-04-17',3),(4411,112,'2020-08-25',2),(4412,544,'2021-04-21',3),(4413,778,'2020-11-08',2),(4414,27,'2021-05-02',1),(4415,501,'2020-12-19',1),(4416,100,'2020-12-05',1),(4417,488,'2020-11-03',2),(4418,952,'2021-04-22',1),(4419,371,'2020-09-04',2),(4420,161,'2020-07-09',3),(4421,623,'2020-08-31',2),(4422,178,'2020-07-19',1),(4423,974,'2020-08-28',1),(4424,550,'2020-07-09',1),(4425,875,'2020-12-06',2),(4426,936,'2021-01-07',1),(4427,579,'2021-03-08',1),(4428,1,'2020-12-07',2),(4429,589,'2021-03-11',2),(4430,404,'2020-11-09',2),(4431,724,'2021-03-27',2),(4432,968,'2020-08-25',3),(4433,398,'2021-05-16',2),(4434,894,'2020-11-18',2),(4435,424,'2020-11-25',3),(4436,835,'2020-11-10',3),(4437,599,'2020-07-14',1),(4438,629,'2020-07-02',2),(4439,143,'2021-03-13',3),(4440,685,'2020-12-11',3),(4441,225,'2021-01-29',1),(4442,477,'2021-02-01',2),(4443,744,'2020-07-18',1),(4444,669,'2021-03-10',1),(4445,112,'2020-07-18',3),(4446,463,'2021-02-24',1),(4447,949,'2020-12-01',3),(4448,429,'2021-01-29',3),(4449,794,'2021-01-15',2),(4450,410,'2020-09-30',1),(4451,965,'2020-06-28',1),(4452,134,'2021-01-07',2),(4453,798,'2020-10-12',1),(4454,464,'2021-04-25',1),(4455,221,'2021-01-13',2),(4456,583,'2021-04-23',2),(4457,848,'2021-02-08',2),(4458,326,'2021-02-15',3),(4459,826,'2020-07-03',1),(4460,815,'2021-01-10',1),(4461,742,'2020-11-24',2),(4462,328,'2020-11-01',1),(4463,496,'2020-11-19',3),(4464,503,'2021-02-28',3),(4465,875,'2021-01-27',1),(4466,239,'2020-06-24',2),(4467,409,'2020-12-26',3),(4468,188,'2020-09-15',1),(4469,26,'2020-08-17',3),(4470,198,'2021-02-16',2),(4471,190,'2021-02-23',2),(4472,905,'2020-07-28',3),(4473,149,'2020-10-01',2),(4474,94,'2020-10-28',2),(4475,311,'2020-10-04',1),(4476,928,'2021-04-12',2),(4477,753,'2021-05-27',1),(4478,488,'2021-04-09',2),(4479,982,'2021-04-12',1),(4480,800,'2021-04-30',1),(4481,558,'2021-01-14',1),(4482,853,'2020-08-31',1),(4483,6,'2020-10-02',2),(4484,571,'2020-07-31',1),(4485,202,'2021-01-31',2),(4486,35,'2021-01-05',1),(4487,791,'2021-03-07',1),(4488,955,'2021-03-14',2),(4489,442,'2020-07-12',3),(4490,159,'2020-12-05',2),(4491,158,'2020-09-20',2),(4492,503,'2021-01-19',3),(4493,630,'2020-12-06',2),(4494,353,'2021-04-22',1),(4495,952,'2021-05-31',3),(4496,462,'2020-08-08',2),(4497,180,'2021-01-16',3),(4498,238,'2020-11-16',2),(4499,520,'2020-09-25',3),(4500,376,'2021-04-11',2),(4501,411,'2020-09-14',3),(4502,209,'2020-07-11',1),(4503,172,'2021-03-31',3),(4504,42,'2021-05-26',3),(4505,126,'2020-08-31',2),(4506,864,'2020-07-09',2),(4507,415,'2020-06-26',2),(4508,912,'2021-05-15',2),(4509,915,'2021-03-23',1),(4510,458,'2021-03-09',3),(4511,499,'2021-02-23',1),(4512,304,'2020-07-30',3),(4513,564,'2021-02-15',1),(4514,278,'2021-02-03',3),(4515,326,'2021-02-25',2),(4516,395,'2020-07-05',1),(4517,528,'2021-04-15',3),(4518,963,'2021-02-03',2),(4519,709,'2020-08-06',3),(4520,80,'2021-03-07',3),(4521,834,'2021-03-02',3),(4522,858,'2021-02-20',2),(4523,708,'2021-05-03',2),(4524,588,'2020-11-19',3),(4525,606,'2020-07-18',2),(4526,643,'2020-09-06',2),(4527,415,'2020-06-29',1),(4528,617,'2020-12-11',2),(4529,453,'2021-01-11',3),(4530,654,'2021-01-25',1),(4531,686,'2020-11-07',2),(4532,396,'2021-04-12',1),(4533,952,'2021-03-16',2),(4534,153,'2021-03-17',2),(4535,451,'2020-10-01',3),(4536,161,'2021-01-11',3),(4537,905,'2020-11-03',1),(4538,391,'2021-03-01',1),(4539,24,'2021-02-17',2),(4540,27,'2020-09-26',2),(4541,604,'2021-04-06',3),(4542,449,'2020-08-25',1),(4543,403,'2020-08-12',3),(4544,482,'2021-03-23',1),(4545,198,'2021-05-16',1),(4546,7,'2020-10-18',3),(4547,656,'2020-10-25',2),(4548,301,'2020-12-30',1),(4549,903,'2020-11-25',3),(4550,937,'2021-03-19',3),(4551,82,'2021-05-28',3),(4552,408,'2020-08-18',3),(4553,762,'2021-05-17',2),(4554,665,'2021-04-07',2),(4555,461,'2020-09-24',3),(4556,431,'2021-01-08',3),(4557,493,'2020-08-21',2),(4558,368,'2021-01-08',2),(4559,228,'2020-06-28',2),(4560,861,'2021-02-07',1),(4561,178,'2021-02-18',1),(4562,733,'2021-02-20',3),(4563,317,'2020-07-29',3),(4564,790,'2020-09-18',1),(4565,464,'2020-12-21',3),(4566,192,'2020-07-16',2),(4567,967,'2020-07-18',3),(4568,466,'2021-02-21',3),(4569,929,'2021-05-10',3),(4570,544,'2020-06-26',2),(4571,680,'2020-12-12',2),(4572,260,'2021-03-29',1),(4573,167,'2020-11-05',2),(4574,943,'2021-05-14',2),(4575,735,'2020-12-16',1),(4576,735,'2021-03-07',3),(4577,348,'2021-05-26',1),(4578,296,'2020-11-16',2),(4579,542,'2021-03-25',3),(4580,307,'2021-02-15',3),(4581,101,'2021-04-16',1),(4582,959,'2021-03-10',3),(4583,400,'2020-08-05',3),(4584,215,'2021-03-28',2),(4585,907,'2020-08-19',1),(4586,698,'2020-06-24',2),(4587,201,'2020-09-10',2),(4588,752,'2020-07-16',3),(4589,506,'2021-02-06',2),(4590,360,'2020-07-06',3),(4591,461,'2020-09-13',3),(4592,476,'2020-09-19',1),(4593,640,'2021-03-29',2),(4594,34,'2020-07-27',1),(4595,867,'2020-08-30',3),(4596,226,'2021-02-21',3),(4597,590,'2021-05-06',3),(4598,753,'2021-04-28',2),(4599,74,'2020-09-07',2),(4600,91,'2020-09-03',3),(4601,457,'2021-02-18',1),(4602,117,'2021-05-23',1),(4603,192,'2020-10-05',2),(4604,918,'2021-02-18',1),(4605,806,'2020-08-18',2),(4606,305,'2020-06-30',3),(4607,79,'2020-10-10',2),(4608,84,'2020-10-15',1),(4609,270,'2020-08-03',1),(4610,403,'2020-07-04',1),(4611,291,'2021-02-09',1),(4612,642,'2020-09-13',2),(4613,796,'2020-11-13',3),(4614,68,'2020-10-11',2),(4615,850,'2020-12-21',1),(4616,25,'2020-12-03',1),(4617,213,'2020-11-11',2),(4618,383,'2020-12-26',1),(4619,904,'2021-04-15',3),(4620,757,'2020-08-26',3),(4621,603,'2021-04-17',3),(4622,171,'2020-11-20',3),(4623,959,'2020-06-28',1),(4624,632,'2020-07-16',3),(4625,647,'2020-08-22',1),(4626,909,'2020-10-28',2),(4627,26,'2020-12-25',3),(4628,218,'2020-09-28',2),(4629,572,'2020-12-07',3),(4630,934,'2020-07-24',2),(4631,551,'2020-10-16',1),(4632,255,'2020-11-08',3),(4633,479,'2020-12-06',3),(4634,141,'2021-05-16',1),(4635,646,'2020-08-04',2),(4636,994,'2020-11-07',1),(4637,291,'2021-05-21',3),(4638,863,'2021-04-01',3),(4639,165,'2020-09-20',2),(4640,251,'2021-03-28',3),(4641,564,'2020-10-16',1),(4642,749,'2020-10-07',3),(4643,30,'2021-04-27',2),(4644,561,'2020-09-19',2),(4645,423,'2021-03-12',1),(4646,637,'2020-07-27',2),(4647,233,'2020-08-16',1),(4648,630,'2021-01-10',3),(4649,476,'2021-04-30',3),(4650,740,'2021-05-10',2),(4651,851,'2020-08-25',1),(4652,551,'2021-04-23',2),(4653,925,'2020-12-21',1),(4654,396,'2020-11-01',1),(4655,683,'2020-12-21',3),(4656,615,'2020-07-19',1),(4657,37,'2020-09-27',2),(4658,937,'2020-12-18',2),(4659,122,'2020-12-06',2),(4660,188,'2020-08-12',3),(4661,279,'2021-03-30',1),(4662,694,'2021-03-30',2),(4663,394,'2021-05-25',2),(4664,638,'2021-05-19',2),(4665,662,'2021-03-28',3),(4666,581,'2021-05-09',3),(4667,571,'2021-04-11',2),(4668,763,'2020-08-20',1),(4669,100,'2021-03-14',1),(4670,845,'2020-09-23',2),(4671,113,'2021-05-04',2),(4672,287,'2020-07-03',1),(4673,270,'2021-01-03',2),(4674,54,'2020-09-22',2),(4675,231,'2020-09-15',1),(4676,448,'2021-02-02',2),(4677,687,'2020-07-01',1),(4678,408,'2021-01-18',2),(4679,254,'2020-12-13',1),(4680,899,'2020-10-29',1),(4681,456,'2020-08-06',3),(4682,848,'2020-10-08',1),(4683,913,'2020-08-23',2),(4684,227,'2021-03-28',2),(4685,836,'2021-03-22',3),(4686,851,'2021-01-31',1),(4687,634,'2021-03-11',3),(4688,349,'2021-05-13',1),(4689,181,'2020-10-30',1),(4690,853,'2021-05-27',1),(4691,171,'2020-11-11',3),(4692,694,'2020-12-12',1),(4693,55,'2020-09-12',1),(4694,384,'2020-12-12',2),(4695,132,'2020-07-25',3),(4696,462,'2021-03-14',3),(4697,668,'2021-01-28',2),(4698,977,'2020-12-16',2),(4699,239,'2020-10-16',3),(4700,538,'2020-09-27',3),(4701,466,'2021-01-29',3),(4702,180,'2021-03-20',1),(4703,344,'2020-11-06',2),(4704,92,'2020-09-03',2),(4705,803,'2021-05-15',1),(4706,830,'2021-05-16',3),(4707,468,'2020-09-15',1),(4708,710,'2020-08-03',3),(4709,478,'2020-09-11',2),(4710,602,'2021-02-28',2),(4711,865,'2021-04-10',1),(4712,59,'2020-12-26',2),(4713,228,'2020-11-23',1),(4714,160,'2020-07-19',1),(4715,972,'2020-10-09',3),(4716,339,'2021-05-09',2),(4717,895,'2020-08-19',3),(4718,532,'2020-09-18',2),(4719,17,'2020-12-22',1),(4720,108,'2020-09-14',2),(4721,607,'2020-09-15',1),(4722,305,'2021-05-08',2),(4723,756,'2020-10-04',1),(4724,998,'2020-10-03',2),(4725,588,'2020-06-30',3),(4726,748,'2021-02-08',1),(4727,596,'2021-02-26',2),(4728,72,'2020-10-13',2),(4729,572,'2021-02-15',1),(4730,109,'2020-07-15',3),(4731,779,'2020-12-26',2),(4732,991,'2020-11-07',1),(4733,440,'2021-03-05',3),(4734,79,'2020-11-09',2),(4735,526,'2021-05-01',1),(4736,632,'2021-02-22',2),(4737,324,'2020-07-03',3),(4738,17,'2020-08-03',2),(4739,930,'2020-07-30',3),(4740,881,'2020-08-04',1),(4741,168,'2021-03-06',2),(4742,668,'2020-08-10',1),(4743,427,'2021-04-15',2),(4744,490,'2021-01-16',2),(4745,580,'2020-10-14',3),(4746,702,'2021-05-17',3),(4747,551,'2020-07-10',1),(4748,218,'2020-11-17',2),(4749,499,'2020-09-06',1),(4750,529,'2021-05-29',3),(4751,476,'2021-03-11',1),(4752,754,'2020-08-21',2),(4753,602,'2021-03-13',1),(4754,250,'2020-12-04',1),(4755,168,'2020-12-22',1),(4756,892,'2021-01-29',3),(4757,66,'2020-09-12',3),(4758,459,'2020-12-22',3),(4759,547,'2021-04-27',2),(4760,14,'2021-04-21',3),(4761,665,'2020-06-30',3),(4762,134,'2021-05-22',2),(4763,868,'2020-08-08',2),(4764,609,'2020-12-22',2),(4765,953,'2021-02-11',2),(4766,73,'2020-08-24',3),(4767,552,'2020-10-11',1),(4768,318,'2020-08-21',2),(4769,188,'2020-11-17',1),(4770,834,'2020-10-14',1),(4771,66,'2020-12-03',1),(4772,221,'2021-03-27',3),(4773,449,'2020-11-05',1),(4774,219,'2020-07-17',2),(4775,868,'2020-09-08',2),(4776,857,'2020-09-01',3),(4777,323,'2020-11-01',1),(4778,585,'2020-10-24',1),(4779,386,'2021-04-16',3),(4780,407,'2021-04-13',2),(4781,538,'2021-02-10',3),(4782,893,'2020-12-26',2),(4783,355,'2020-11-27',3),(4784,673,'2020-09-17',1),(4785,343,'2021-01-11',2),(4786,445,'2020-12-06',3),(4787,245,'2020-10-03',3),(4788,541,'2021-01-28',1),(4789,281,'2021-03-24',1),(4790,14,'2021-03-05',1),(4791,349,'2020-10-18',3),(4792,395,'2021-02-27',2),(4793,638,'2020-10-01',1),(4794,164,'2020-12-27',1),(4795,833,'2020-09-03',1),(4796,473,'2020-11-08',1),(4797,313,'2021-01-18',1),(4798,914,'2021-04-27',2),(4799,194,'2021-02-21',3),(4800,540,'2020-08-24',3),(4801,825,'2021-05-05',3),(4802,188,'2020-11-11',3),(4803,665,'2021-02-09',1),(4804,644,'2020-09-28',3),(4805,887,'2020-09-14',2),(4806,225,'2021-01-02',1),(4807,179,'2020-11-22',2),(4808,782,'2020-08-06',3),(4809,738,'2020-06-30',1),(4810,308,'2020-10-16',1),(4811,990,'2021-03-05',2),(4812,153,'2021-03-16',3),(4813,747,'2020-08-17',2),(4814,1,'2021-04-12',2),(4815,445,'2020-11-15',1),(4816,615,'2020-10-20',3),(4817,943,'2020-07-21',2),(4818,666,'2021-03-30',2),(4819,636,'2020-09-29',2),(4820,496,'2020-12-03',3),(4821,563,'2020-09-29',1),(4822,855,'2021-05-29',3),(4823,753,'2021-01-05',3),(4824,781,'2021-03-09',3),(4825,817,'2020-12-20',3),(4826,735,'2021-01-19',3),(4827,685,'2020-09-09',2),(4828,549,'2020-11-12',1),(4829,683,'2021-05-09',1),(4830,207,'2021-02-04',3),(4831,57,'2020-11-24',1),(4832,360,'2020-07-21',3),(4833,213,'2021-03-31',1),(4834,27,'2020-11-29',1),(4835,938,'2020-07-13',1),(4836,974,'2021-02-14',3),(4837,758,'2021-01-07',3),(4838,528,'2021-03-19',3),(4839,997,'2020-06-23',2),(4840,278,'2020-11-03',3),(4841,244,'2021-02-17',3),(4842,546,'2020-10-25',2),(4843,735,'2021-01-01',1),(4844,861,'2021-03-14',3),(4845,857,'2020-11-04',1),(4846,325,'2021-03-16',3),(4847,924,'2020-09-03',3),(4848,320,'2020-08-04',2),(4849,466,'2020-08-21',3),(4850,357,'2021-02-11',2),(4851,136,'2021-01-28',2),(4852,498,'2021-03-01',3),(4853,457,'2021-05-07',2),(4854,710,'2020-07-06',1),(4855,880,'2020-09-06',1),(4856,852,'2020-10-12',1),(4857,369,'2021-01-28',2),(4858,4,'2020-07-26',3),(4859,504,'2021-03-28',3),(4860,711,'2021-04-12',2),(4861,409,'2020-11-29',2),(4862,421,'2020-09-01',3),(4863,353,'2020-11-15',3),(4864,458,'2020-07-05',1),(4865,401,'2020-09-13',2),(4866,284,'2020-09-20',3),(4867,353,'2021-02-23',2),(4868,931,'2021-01-22',1),(4869,52,'2021-04-05',2),(4870,668,'2021-05-23',3),(4871,160,'2020-07-03',2),(4872,837,'2021-05-29',3),(4873,251,'2021-02-06',1),(4874,305,'2021-04-03',1),(4875,636,'2020-07-30',1),(4876,663,'2021-02-03',2),(4877,703,'2020-12-19',2),(4878,723,'2021-02-23',2),(4879,435,'2020-08-04',1),(4880,301,'2020-10-08',2),(4881,641,'2020-12-21',2),(4882,746,'2020-11-14',2),(4883,873,'2020-12-05',2),(4884,785,'2021-02-08',2),(4885,450,'2020-10-26',1),(4886,31,'2020-10-22',2),(4887,320,'2021-02-22',2),(4888,711,'2021-03-29',2),(4889,848,'2020-07-11',2),(4890,39,'2021-02-08',2),(4891,505,'2020-09-19',2),(4892,805,'2020-07-17',1),(4893,843,'2020-09-25',2),(4894,493,'2020-12-22',1),(4895,379,'2021-02-09',2),(4896,119,'2020-06-25',1),(4897,890,'2020-12-01',2),(4898,464,'2020-10-07',2),(4899,836,'2020-08-12',2),(4900,209,'2020-10-31',3),(4901,594,'2021-05-05',3),(4902,330,'2020-10-16',3),(4903,536,'2020-11-04',3),(4904,927,'2021-01-17',2),(4905,260,'2020-12-22',3),(4906,255,'2020-07-16',3),(4907,153,'2020-09-09',2),(4908,421,'2020-11-10',2),(4909,893,'2021-05-29',3),(4910,454,'2020-10-23',2),(4911,260,'2021-05-19',2),(4912,780,'2020-12-16',3),(4913,206,'2021-05-07',1),(4914,598,'2021-03-19',2),(4915,334,'2020-06-23',2),(4916,997,'2020-07-13',1),(4917,319,'2021-02-05',1),(4918,415,'2021-03-20',3),(4919,785,'2020-09-27',1),(4920,175,'2020-12-07',2),(4921,509,'2021-01-22',3),(4922,68,'2020-06-25',3),(4923,919,'2021-01-09',2),(4924,193,'2020-08-20',2),(4925,68,'2020-11-23',1),(4926,704,'2020-10-15',1),(4927,36,'2020-07-11',1),(4928,34,'2020-09-20',2),(4929,990,'2020-09-16',2),(4930,165,'2020-09-07',2),(4931,496,'2021-02-09',2),(4932,707,'2020-09-15',3),(4933,136,'2021-01-24',2),(4934,497,'2020-12-23',2),(4935,473,'2020-11-05',1),(4936,854,'2020-11-26',1),(4937,614,'2021-01-09',1),(4938,769,'2020-08-03',3),(4939,937,'2021-05-16',1),(4940,877,'2020-09-29',2),(4941,236,'2021-05-30',3),(4942,99,'2021-01-10',3),(4943,901,'2021-02-26',3),(4944,235,'2021-01-19',1),(4945,508,'2020-09-21',3),(4946,285,'2020-10-08',1),(4947,872,'2020-09-21',2),(4948,98,'2021-01-04',3),(4949,876,'2020-12-26',2),(4950,844,'2021-01-28',3),(4951,156,'2020-12-12',3),(4952,32,'2020-07-25',1),(4953,649,'2021-02-10',2),(4954,43,'2020-11-26',2),(4955,280,'2020-09-18',3),(4956,660,'2020-07-20',3),(4957,99,'2021-03-25',2),(4958,280,'2020-11-12',3),(4959,60,'2020-10-13',3),(4960,275,'2020-09-05',2),(4961,24,'2020-07-04',2),(4962,771,'2020-12-15',3),(4963,510,'2021-01-07',2),(4964,433,'2020-12-01',1),(4965,960,'2021-05-15',3),(4966,114,'2021-04-03',2),(4967,264,'2021-02-23',1),(4968,971,'2020-08-17',3),(4969,668,'2020-12-28',3),(4970,549,'2020-07-13',2),(4971,790,'2020-10-22',3),(4972,899,'2021-02-09',1),(4973,553,'2020-07-07',2),(4974,490,'2020-07-06',3),(4975,617,'2020-11-02',2),(4976,560,'2020-11-20',1),(4977,647,'2021-02-21',2),(4978,44,'2020-10-11',2),(4979,34,'2020-07-24',2),(4980,152,'2021-04-18',2),(4981,193,'2020-11-22',1),(4982,487,'2020-09-29',3),(4983,383,'2021-02-25',1),(4984,513,'2021-05-05',3),(4985,875,'2020-07-21',1),(4986,107,'2020-08-16',2),(4987,728,'2020-08-30',2),(4988,664,'2020-08-21',1),(4989,799,'2020-07-17',1),(4990,910,'2020-08-10',3),(4991,609,'2021-03-09',1),(4992,21,'2020-10-26',2),(4993,662,'2021-04-14',1),(4994,413,'2021-02-06',3),(4995,524,'2021-03-14',3),(4996,234,'2021-01-28',3),(4997,417,'2020-12-25',3),(4998,449,'2020-08-24',2),(4999,348,'2020-07-26',3),(5000,906,'2021-03-01',3),(10001,34,'2022-01-01',1),(10002,1001,'2022-03-27',1),(10003,584,'2022-03-27',1);
UNLOCK TABLES;

--
-- Table structure for table `etat`
--

DROP TABLE IF EXISTS `etat`;


CREATE TABLE `etat` (
  `idetat` mediumint NOT NULL,
  `libelle` varchar(45) DEFAULT NULL,
  PRIMARY KEY (`idetat`)
) ENGINE=InnoDB;


--
-- Dumping data for table `etat`
--

LOCK TABLES `etat` WRITE;
/*!40000 ALTER TABLE `etat` DISABLE KEYS */;
INSERT INTO `etat` VALUES (1,'attente de paiement'),(2,'en préparation'),(3,'envoyée'),(4,'perdue');
/*!40000 ALTER TABLE `etat` ENABLE KEYS */;
UNLOCK TABLES;

--
-- Table structure for table `produit`
--

DROP TABLE IF EXISTS `produit`;


CREATE TABLE `produit` (
  `idproduit` mediumint NOT NULL,
  `nom` varchar(50) DEFAULT NULL,
  `prix` decimal(5,2) DEFAULT NULL,
  PRIMARY KEY (`idproduit`)
) ENGINE=InnoDB;


--
-- Dumping data for table `produit`
--

LOCK TABLES `produit` WRITE;
/*!40000 ALTER TABLE `produit` DISABLE KEYS */;
INSERT INTO `produit` VALUES (1,'Mix Pina Colada',10.00),(2,'Corn Kernels - Frozen',73.17),(3,'Sobe - Berry Energy',17.43),(4,'Juice - Clam, 46 Oz',91.54),(5,'Crab - Claws, Snow 16 - 24',5.63),(6,'Fish - Artic Char, Cold Smoked',40.03),(7,'Brandy Cherry - Mcguinness',38.03),(8,'Shrimp - 100 / 200 Cold Water',37.47),(9,'Tea - Darjeeling, Azzura',47.23),(10,'Oysters - Smoked',80.65),(11,'Ginsing - Fresh',67.02),(12,'Salt - Table',27.84),(13,'Ginger - Crystalized',32.05),(14,'Brandy - Orange, Mc Guiness',65.31),(15,'Wiberg Cure',4.75),(16,'Soup - Knorr, Veg / Beef',11.85),(17,'Cafe Royale',89.98),(18,'Lobster - Live',57.85),(19,'Cheese - Feta',41.95),(20,'Pork - Tenderloin, Frozen',17.53),(21,'Herb Du Provence - Primerba',3.88),(22,'Pop - Club Soda Can',89.28),(23,'Sauce - Soy Low Sodium - 3.87l',10.19),(24,'Peppercorns - Green',22.26),(25,'Plaintain',76.41),(26,'Clams - Canned',1.47),(27,'Dried Figs',63.99),(28,'Steamers White',1.31),(29,'Pasta - Angel Hair',41.22),(30,'Sugar - Crumb',94.77),(31,'Wine - Barbera Alba Doc 2001',42.22),(32,'Salmon - Atlantic, No Skin',78.58),(33,'Muffin Batt - Ban Dream Zero',83.34),(34,'Pickles - Gherkins',34.50),(35,'Mop Head - Cotton, 24 Oz',78.54),(36,'Yams',69.33),(37,'Chocolate - Semi Sweet',79.10),(38,'Sauce - Alfredo',48.08),(39,'Pepper - Black, Ground',95.70),(40,'Steam Pan - Half Size Deep',67.39),(41,'Sprouts - Alfalfa',32.29),(42,'Limes',19.15),(43,'Pepper - Chillies, Crushed',22.42),(44,'Sea Bass - Fillets',93.23),(45,'Napkin - Cocktail,beige 2 - Ply',52.80),(46,'Truffle Cups Green',5.96),(47,'Pepper - Chili Powder',11.00),(48,'Lidsoupcont Rp12dn',47.96),(49,'Plums - Red',37.69),(50,'Bagel - 12 Grain Preslice',90.96),(51,'Soup - Base Broth Chix',67.59),(52,'Doilies - 5, Paper',65.22),(53,'Oil - Peanut',80.14),(54,'Peppercorns - Green',47.54),(55,'Bread - Hot Dog Buns',58.61),(56,'Lemonade - Black Cherry, 591 Ml',27.11),(57,'Wine - Cava Aria Estate Brut',63.94),(58,'Nut - Pistachio, Shelled',87.11),(59,'Beer - Upper Canada Lager',4.93),(60,'Soup Bowl Clear 8oz92008',45.69),(61,'Cake - Sheet Strawberry',89.99),(62,'Lychee - Canned',56.49),(63,'Wine - Cotes Du Rhone',6.54),(64,'Creme De Cacao Mcguines',82.38),(65,'Beans - Fava Fresh',23.15),(66,'Crab - Soft Shell',83.72),(67,'Lettuce - Lambs Mash',71.87),(68,'Peppercorns - Green',9.79),(69,'Pastry - Banana Tea Loaf',27.89),(70,'Pork Loin Bine - In Frenched',73.83),(71,'Turnip - White',93.95),(72,'Grapefruit - Pink',12.26),(73,'Lychee',26.25),(74,'Bread Country Roll',2.98),(75,'Nut - Pecan, Pieces',41.03),(76,'Potato - Sweet',9.55),(77,'Sloe Gin - Mcguinness',37.77),(78,'Champagne - Brights, Dry',91.14),(79,'Dried Cranberries',66.26),(80,'Appetizer - Sausage Rolls',79.20),(81,'Paper Towel Touchless',79.78),(82,'Miso Paste White',49.54),(83,'Instant Coffee',51.18),(84,'Cheese - Marble',5.38),(85,'Wood Chips - Regular',68.86),(86,'Orange - Tangerine',55.06),(87,'Calvados - Boulard',84.01),(88,'Sour Puss - Tangerine',55.26),(89,'Pastry - Apple Muffins - Mini',87.78),(90,'Chutney Sauce',60.46),(91,'Snapple - Iced Tea Peach',36.10),(92,'Chef Hat 25cm',71.05),(93,'Nantuket Peach Orange',12.20),(94,'Foam Tray S2',84.22),(95,'Pumpkin',88.08),(96,'Bread - Pumpernickel',84.58),(97,'Oysters - Smoked',76.88),(98,'Dasheen',66.53),(99,'Towel - Roll White',78.06),(100,'Couscous',40.95),(101,'Sprouts - Baby Pea Tendrils',75.60),(102,'Carbonated Water - Strawberry',26.59),(103,'Crab Brie In Phyllo',47.29),(104,'Chicken - Diced, Cooked',64.61),(105,'Vaccum Bag 10x13',58.02),(106,'Trueblue - Blueberry',9.44),(107,'Coffee Beans - Chocolate',21.62),(108,'Apple - Delicious, Red',90.29),(109,'Tray - 12in Rnd Blk',69.74),(110,'Cocoa Powder - Dutched',82.46),(111,'Carroway Seed',71.54),(112,'Evaporated Milk - Skim',40.27),(113,'Muskox - French Rack',89.36),(114,'Sherbet - Raspberry',3.12),(115,'Food Colouring - Red',58.26),(116,'Sausage - Liver',2.29),(117,'Cream - 10%',44.16),(118,'Coconut - Whole',62.86),(119,'Soup - Campbells, Minestrone',51.30),(120,'Compound - Raspberry',14.17),(121,'Lid - 10,12,16 Oz',90.58),(122,'Lettuce - Boston Bib - Organic',55.86),(123,'Miso Paste White',95.54),(124,'Container Clear 8 Oz',67.55),(125,'Sour Puss - Tangerine',92.27),(126,'Ice Cream Bar - Oreo Sandwich',53.66),(127,'Nacho Chips',43.41),(128,'Beef - Cooked, Corned',30.71),(129,'Ham - Smoked, Bone - In',16.21),(130,'Yukon Jack',83.51),(131,'Okra',35.53),(132,'Beef - Tenderlion, Center Cut',55.58),(133,'Ecolab - Hobart Upr Prewash Arm',85.39),(134,'Sauce - Demi Glace',42.10),(135,'Energy - Boo - Koo',86.74),(136,'Bread - Petit Baguette',0.99),(137,'Ginsing - Fresh',66.18),(138,'Breakfast Quesadillas',80.90),(139,'Wine - Sauvignon Blanc',9.36),(140,'Shrimp - 100 / 200 Cold Water',61.23),(141,'Coffee Cup 12oz 5342cd',65.78),(142,'Fireball Whisky',65.42),(143,'Butter Sweet',56.74),(144,'Cheese - Bakers Cream Cheese',8.26),(145,'Compound - Raspberry',72.18),(146,'Energy Drink - Franks Original',95.17),(147,'Flour - Semolina',85.10),(148,'Mix - Cocktail Strawberry Daiquiri',35.28),(149,'Milk - 2%',22.80),(150,'French Pastries',87.26),(151,'Carrots - Mini, Stem On',58.58),(152,'Bread - Bistro Sour',4.11),(153,'Tortillas - Flour, 8',6.44),(154,'Sauce - Soy Low Sodium - 3.87l',79.04),(155,'Cookies - Englishbay Wht',79.31),(156,'Olives - Kalamata',28.06),(157,'Eggplant - Asian',46.50),(158,'Cardamon Ground',49.89),(159,'Napkin - Dinner, White',73.54),(160,'Bar - Granola Trail Mix Fruit Nut',86.85),(161,'Phyllo Dough',16.07),(162,'Mushroom - Chanterelle, Dry',48.52),(163,'Water - Spring Water 500ml',47.62),(164,'Turkey - Oven Roast Breast',29.31),(165,'Coffee - Beans, Whole',58.50),(166,'Wine - Riesling Dr. Pauly',45.50),(167,'Amaretto',61.55),(168,'Bread - Kimel Stick Poly',55.10),(169,'Pasta - Fettuccine, Dry',79.65),(170,'Bread - Sour Batard',3.09),(171,'Ham - Cooked Italian',82.51),(172,'Wine - Rubyport',64.93),(173,'Wanton Wrap',41.46),(174,'Carrots - Mini, Stem On',16.04),(175,'Beer - Tetleys',37.26),(176,'Dill - Primerba, Paste',31.54),(177,'Wine - Placido Pinot Grigo',49.82),(178,'Sprouts - Alfalfa',89.68),(179,'Pepper - Black, Whole',22.99),(180,'Bread - Pumpernickle, Rounds',92.06),(181,'Soup - Campbells Chicken',55.62),(182,'Wine - Red, Cooking',50.44),(183,'Kaffir Lime Leaves',19.57),(184,'Chivas Regal - 12 Year Old',35.62),(185,'Bread - Flat Bread',65.10),(186,'Blueberries',33.69),(187,'Star Fruit',61.19),(188,'Iced Tea - Lemon, 340ml',58.43),(189,'Kumquat',30.81),(190,'Veal - Kidney',13.79),(191,'V8 Splash Strawberry Banana',9.02),(192,'Sesame Seed',4.88),(193,'Chicken Breast Wing On',57.06),(194,'Eggplant - Baby',70.46),(195,'Rabbit - Frozen',37.40),(196,'Lighter - Bbq',46.13),(197,'Magnotta Bel Paese Red',62.26),(198,'Salmon - Whole, 4 - 6 Pounds',81.65),(199,'Pepper - Scotch Bonnet',63.70),(200,'Water - Aquafina Vitamin',20.43),(201,'Energy Drink Red Bull',87.74),(202,'Paper Cocktail Umberlla 80 - 180',22.95),(203,'Chocolate - Milk, Callets',21.82),(204,'Wine - Puligny Montrachet A.',46.66),(205,'Mayonnaise',30.86),(206,'Fudge - Cream Fudge',49.83),(207,'Beef - Rib Roast, Cap On',17.42),(208,'Soy Protein',4.14),(209,'Island Oasis - Wildberry',87.36),(210,'Soup - Campbells Pasta Fagioli',45.74),(211,'Bread - Roll, Canadian Dinner',29.34),(212,'Oil - Food, Lacquer Spray',28.69),(213,'Chicken - White Meat With Tender',75.57),(214,'Godiva White Chocolate',61.53),(215,'Oil - Truffle, White',45.61),(216,'Pasta - Lasagne, Fresh',5.46),(217,'Sprouts - Corn',69.58),(218,'Sugar - Sweet N Low, Individual',42.26),(219,'Couscous',14.70),(220,'Fork - Plastic',95.27),(221,'Shrimp - Prawn',79.35),(222,'Swordfish Loin Portions',17.57),(223,'Bread - Corn Muffaletta',19.67),(224,'Mushroom - White Button',27.60),(225,'Bread Roll Foccacia',57.92),(226,'Wine - Puligny Montrachet A.',75.31),(227,'Tomatoes Tear Drop Yellow',21.15),(228,'Cabbage - Green',19.26),(229,'Dome Lid Clear P92008h',59.48),(230,'Shrimp - 21/25, Peel And Deviened',81.34),(231,'Wine - White, Antinore Orvieto',22.29),(232,'Wine - Vidal Icewine Magnotta',10.30),(233,'Pastry - Apple Muffins - Mini',18.73),(234,'Sultanas',82.59),(235,'Artichokes - Jerusalem',95.89),(236,'Mushroom - Portebello',85.43),(237,'Pork - Bacon, Sliced',40.46),(238,'Bagel - Ched Chs Presliced',90.73),(239,'Mushroom - Crimini',87.74),(240,'Carbonated Water - Peach',75.08),(241,'Pastry - Apple Muffins - Mini',47.29),(242,'Wine - Stoneliegh Sauvignon',43.88),(243,'Lotus Leaves',61.20),(244,'Chicken - Breast, 5 - 7 Oz',20.06),(245,'Cookie Dough - Oatmeal Rasin',15.66),(246,'Sauce - Oyster',23.33),(247,'Flour - Buckwheat, Dark',73.78),(248,'Ham - Cooked Italian',32.68),(249,'Ecolab - Hand Soap Form Antibac',22.72),(250,'Pastry - Trippleberry Muffin - Mini',94.42),(251,'Pastry - Lemon Danish - Mini',48.63),(252,'Cake Circle, Foil, Scallop',39.90),(253,'Chicken - Whole Fryers',5.95),(254,'Broom - Angled',65.15),(255,'Sauce - Salsa',55.44),(256,'The Pop Shoppe Pinapple',12.18),(257,'Liqueur - Melon',51.74),(258,'Pastry - Apple Large',29.82),(259,'Beef - Prime Rib Aaa',81.55),(260,'Bread - Sour Sticks With Onion',27.37),(261,'Salt - Rock, Course',17.46),(262,'Bandage - Finger Cots',50.30),(263,'Bacardi Breezer - Tropical',30.47),(264,'Longos - Chicken Curried',14.12),(265,'Bread - Bagels, Plain',83.12),(266,'Cake - Night And Day Choclate',90.10),(267,'Pork - Back, Long Cut, Boneless',48.01),(268,'Wine - Fino Tio Pepe Gonzalez',50.34),(269,'Mussels - Frozen',48.06),(270,'Lemon Balm - Fresh',80.72),(271,'Pepper - White, Whole',81.78),(272,'Jameson Irish Whiskey',35.42),(273,'Pear - Asian',12.42),(274,'Corn Kernels - Frozen',82.69),(275,'Lamb - Racks, Frenched',44.22),(276,'Aspic - Clear',4.70),(277,'Carrots - Jumbo',12.54),(278,'Cookies Almond Hazelnut',17.53),(279,'Ice Cream Bar - Oreo Cone',74.18),(280,'Flower - Leather Leaf Fern',74.06),(281,'Cake Sheet Combo Party Pack',92.74),(282,'Bread - Olive Dinner Roll',1.60),(283,'Bar Nature Valley',9.15),(284,'Mussels - Cultivated',3.35),(285,'Wine - Alicanca Vinho Verde',47.58),(286,'Yoghurt Tubes',3.31),(287,'Shrimp - 21/25, Peel And Deviened',78.98),(288,'Oysters - Smoked',67.82),(289,'Dome Lid Clear P92008h',40.13),(290,'Flour - Whole Wheat',80.97),(291,'Salt - Kosher',77.85),(292,'Hickory Smoke, Liquid',95.94),(293,'Steam Pan - Half Size Deep',30.51),(294,'Chevril',57.22),(295,'Cheese - Swiss',37.95),(296,'Apple - Royal Gala',29.72),(297,'Cheese - Camembert',43.14),(298,'Calvados - Boulard',13.28),(299,'Coffee - Irish Cream',32.10),(300,'Beer - Paulaner Hefeweisse',57.37),(301,'Soup - French Onion',79.76),(302,'Cheese - St. Paulin',95.54),(303,'Ecolab Crystal Fusion',1.66),(304,'Table Cloth 54x54 White',38.92),(305,'Persimmons',51.69),(306,'Sauce - Demi Glace',85.55),(307,'Wine - Kwv Chenin Blanc South',9.64),(308,'Tomatoes',29.12),(309,'Steel Wool S.o.s',80.70),(310,'Cheese - Cambozola',29.81),(311,'Wonton Wrappers',4.53),(312,'Anchovy In Oil',47.70),(313,'Steam Pan - Half Size Deep',41.62),(314,'Gatorade - Cool Blue Raspberry',12.76),(315,'Blackberries',45.89),(316,'Cleaner - Comet',12.66),(317,'Grand Marnier',77.66),(318,'Mcgillicuddy Vanilla Schnap',45.04),(319,'Mushrooms - Black, Dried',73.01),(320,'Pasta - Tortellini, Fresh',14.63),(321,'Baking Soda',9.02),(322,'Lettuce Romaine Chopped',64.86),(323,'Wine - Alicanca Vinho Verde',93.80),(324,'Passion Fruit',14.45),(325,'Wine - Alicanca Vinho Verde',91.87),(326,'Lamb Tenderloin Nz Fr',48.21),(327,'Snails - Large Canned',19.38),(328,'Puff Pastry - Sheets',17.66),(329,'Juice Peach Nectar',25.93),(330,'Island Oasis - Cappucino Mix',38.86),(331,'Soup - Campbells Chicken',59.22),(332,'Soup - Campbells Beef Noodle',11.01),(333,'Wine - Cousino Macul Antiguas',10.14),(334,'Cake - Mini Potato Pancake',14.50),(335,'Lid Coffeecup 12oz D9542b',49.90),(336,'Snapple Lemon Tea',28.59),(337,'Oil - Margarine',42.87),(338,'Wine - Duboeuf Beaujolais',74.58),(339,'Juice - Ocean Spray Kiwi',18.95),(340,'Longos - Cheese Tortellini',25.64),(341,'Beans - Fava Fresh',13.36),(342,'Sauce - Salsa',35.14),(343,'Wine - White, Concha Y Toro',31.43),(344,'Everfresh Products',6.67),(345,'Salami - Genova',21.08),(346,'Sesame Seed',65.76),(347,'Petit Baguette',35.53),(348,'Snapple Raspberry Tea',33.21),(349,'Alize Red Passion',78.14),(350,'Ice Cream - Chocolate',45.66),(351,'Wine - Rioja Campo Viejo',14.36),(352,'Bag Clear 10 Lb',50.42),(353,'Chocolate Bar - Reese Pieces',77.43),(354,'Salsify, Organic',74.96),(355,'Cake - Cheese Cake 9 Inch',20.16),(356,'Dooleys Toffee',95.49),(357,'Sweet Pea Sprouts',52.77),(358,'Muffin - Mix - Creme Brule 15l',93.35),(359,'Clams - Canned',29.50),(360,'The Pop Shoppe Pinapple',55.31),(361,'Mayonnaise',78.19),(362,'Pastry - Baked Scones - Mini',91.44),(363,'Table Cloth 54x54 White',22.75),(364,'Container Clear 8 Oz',93.66),(365,'Table Cloth 53x69 White',1.53),(366,'Sprite, Diet - 355ml',33.94),(367,'Duck - Whole',13.30),(368,'Ham - Smoked, Bone - In',42.40),(369,'Crab - Back Fin Meat, Canned',14.22),(370,'Ginger - Crystalized',85.50),(371,'Wine - Cava Aria Estate Brut',91.44),(372,'Country Roll',55.28),(373,'Chervil - Fresh',73.54),(374,'Tomatoes - Cherry, Yellow',14.43),(375,'Filo Dough',22.45),(376,'Pasta - Rotini, Dry',34.93),(377,'Island Oasis - Strawberry',69.76),(378,'Pimento - Canned',31.54),(379,'Strawberries - California',82.70),(380,'Pork - Ham Hocks - Smoked',51.98),(381,'Lettuce - Romaine, Heart',11.52),(382,'Cookies Cereal Nut',61.33),(383,'Jameson - Irish Whiskey',8.58),(384,'Steamers White',23.06),(385,'Pork - Loin, Boneless',6.25),(386,'Water - Mineral, Carbonated',83.96),(387,'Brownies - Two Bite, Chocolate',21.58),(388,'Oil - Olive',28.03),(389,'Beef Wellington',59.44),(390,'Soup - Campbells, Minestrone',5.98),(391,'Crab - Dungeness, Whole, live',22.14),(392,'Potatoes - Idaho 100 Count',22.14),(393,'White Baguette',30.21),(394,'Longos - Chicken Curried',31.43),(395,'Lemon Pepper',32.34);
/*!40000 ALTER TABLE `produit` ENABLE KEYS */;
UNLOCK TABLES;

--
-- Table structure for table `produit_commande`
--

DROP TABLE IF EXISTS `produit_commande`;


CREATE TABLE `produit_commande` (
  `idcommande` mediumint NOT NULL,
  `idproduit` mediumint NOT NULL,
  `qte` int DEFAULT NULL,
  PRIMARY KEY (`idcommande`,`idproduit`),
  KEY `FK_produit_idproduit` (`idproduit`),
  CONSTRAINT `FK_commande_idcommande` FOREIGN KEY (`idcommande`) REFERENCES `commande` (`idcommande`) ON DELETE CASCADE ON UPDATE CASCADE,
  CONSTRAINT `FK_produit_idproduit` FOREIGN KEY (`idproduit`) REFERENCES `produit` (`idproduit`) ON DELETE CASCADE ON UPDATE CASCADE
) ENGINE=InnoDB;


--
-- Dumping data for table `produit_commande`
--

LOCK TABLES `produit_commande` WRITE;
/*!40000 ALTER TABLE `produit_commande` DISABLE KEYS */;
INSERT INTO `produit_commande` VALUES (1,440,19),(2,648,12),(3,224,2),(4,382,8),(5,366,5),(5,976,12),(5,997,23),(6,284,25),(6,447,43),(6,650,47),(7,597,27),(8,199,44),(8,587,30),(8,769,40),(8,836,39),(8,855,50),(9,200,34),(10,14,11),(10,220,46),(10,520,45),(10,584,30),(11,637,14),(11,877,12),(12,179,25),(12,299,18),(12,339,6),(12,852,9),(13,983,49),(14,203,25),(15,14,27),(15,241,27),(15,539,1),(16,337,35),(16,674,22),(17,384,21),(19,28,46),(19,605,28),(19,752,41),(20,376,14),(20,637,4),(20,873,50),(20,909,34),(21,395,17),(22,196,23),(22,403,30),(22,730,31),(23,173,41),(23,969,4),(24,23,12),(24,73,14),(24,487,48),(24,944,15),(25,124,19),(25,378,33),(26,250,18),(27,15,43),(27,245,26),(27,518,9),(28,801,4),(28,979,41),(30,46,33),(30,90,40),(30,314,33),(30,925,49),(30,947,5),(31,137,23),(31,188,42),(31,223,34),(31,497,17),(31,846,30),(32,207,4),(33,38,32),(33,899,50),(33,999,8),(35,12,16),(35,283,47),(35,876,10),(36,385,6),(37,617,28),(39,738,18),(39,937,28),(40,528,42),(40,752,10),(41,297,24),(41,444,1),(42,46,36),(42,346,28),(42,477,36),(42,857,5),(43,157,23),(43,745,47),(43,840,12),(45,301,27),(45,391,23),(45,652,31),(45,841,34),(46,90,11),(46,462,29),(47,338,2),(49,437,29),(49,721,46),(51,304,41),(51,403,20),(51,549,8),(52,347,16),(53,84,8),(53,596,5),(54,669,12),(54,686,25),(55,510,28),(55,918,25),(57,32,30),(57,242,47),(57,671,19),(58,110,48),(58,129,9),(58,725,37),(59,9,29),(59,803,31),(62,603,14),(62,911,20),(63,998,15),(64,233,15),(64,422,30),(64,498,20),(64,770,36),(65,259,29),(65,784,29),(65,872,25),(67,769,19),(68,221,10),(69,217,9),(69,218,41),(69,328,19),(70,201,47),(70,334,15),(70,463,46),(70,580,20),(70,763,6),(73,405,38),(73,580,4),(74,151,5),(74,544,18),(76,874,17),(77,172,22),(77,235,34),(78,70,47),(80,114,31),(80,581,28),(81,29,11),(81,495,13),(82,906,21),(83,5,41),(83,860,46),(84,463,38),(86,263,16),(86,378,12),(86,816,19),(86,888,35),(87,443,18),(88,315,7),(88,984,48),(89,370,13),(90,58,19),(90,175,40),(90,580,32),(91,322,10),(94,107,44),(95,214,45),(96,226,20),(96,311,11),(96,763,6),(97,698,23),(98,291,10),(98,340,4),(99,499,48),(99,901,40),(100,290,38),(101,720,48),(102,659,46),(102,828,26),(102,969,34),(103,337,17),(104,243,14),(104,450,28),(104,516,32),(105,273,19),(105,774,47),(106,224,8),(107,300,17),(108,117,10),(108,435,30),(108,877,7),(109,102,40),(109,682,32),(109,736,43),(109,873,1),(109,929,39),(109,949,7),(109,987,9),(110,257,3),(110,453,24),(111,194,18),(111,718,18),(112,140,2),(112,193,44),(112,197,31),(112,705,18),(112,708,23),(113,95,21),(113,322,8),(113,415,37),(113,442,36),(113,543,43),(114,208,23),(114,228,25),(114,260,33),(114,684,15),(114,802,24),(115,245,2),(115,442,41),(115,884,35),(116,621,28),(116,771,18),(116,796,6),(117,597,28),(117,749,25),(118,57,10),(119,23,21),(120,146,36),(120,168,46),(120,987,6),(121,443,45),(121,534,35),(122,93,9),(122,145,48),(122,984,28),(123,106,39),(123,674,23),(124,908,5),(125,239,15),(125,584,43),(126,281,3),(126,399,21),(127,432,41),(127,788,39),(128,342,40),(128,683,48),(129,644,39),(130,95,25),(130,152,26),(130,299,32),(130,683,42),(131,302,43),(131,563,1),(131,842,9),(131,894,26),(132,699,26),(132,844,40),(133,116,48),(133,517,35),(134,26,15),(134,144,22),(134,854,36),(134,903,43),(135,1,13),(135,136,13),(135,247,22),(135,617,42),(135,942,27),(136,170,30),(136,798,16),(136,964,4),(137,126,38),(137,181,17),(137,322,48),(137,433,27),(137,674,30),(138,156,14),(138,535,10),(138,626,25),(138,772,49),(139,517,23),(139,731,10),(140,395,31),(140,753,44),(141,402,13),(141,415,22),(142,93,20),(143,380,16),(143,477,46),(143,483,46),(144,791,21),(146,354,22),(146,597,35),(146,641,1),(146,923,44),(147,18,50),(147,65,5),(147,169,37),(147,285,35),(148,354,34),(148,371,46),(150,805,40),(152,650,33),(153,591,29),(154,404,34),(154,863,22),(155,36,11),(155,449,30),(155,633,17),(155,647,17),(155,665,8),(156,645,15),(157,249,36),(157,582,25),(157,842,7),(157,946,25),(158,293,22),(158,897,26),(158,989,12),(159,543,23),(159,707,30),(161,990,41),(162,385,47),(162,475,10),(162,488,19),(164,81,18),(164,553,12),(165,999,23),(166,88,23),(166,271,22),(166,304,42),(166,595,29),(167,227,5),(167,569,6),(167,604,10),(167,626,50),(168,194,37),(168,484,25),(169,201,49),(169,645,6),(169,753,23),(170,212,38),(170,906,27),(171,653,11),(171,904,3),(172,561,21),(173,407,15),(173,571,35),(173,765,20),(173,782,21),(173,994,12),(174,469,33),(174,664,44),(174,669,9),(175,22,49),(175,417,6),(175,507,43),(176,32,35),(177,759,49),(179,247,25),(180,208,34),(180,281,9),(181,25,48),(181,822,46),(182,277,27),(182,384,33),(183,377,38),(183,945,31),(184,606,25),(184,831,24),(185,131,43),(185,163,41),(186,35,26),(186,179,42),(186,252,21),(187,597,4),(189,351,26),(189,384,20),(189,415,7),(189,809,42),(190,145,49),(190,520,46),(190,709,47),(191,75,42),(191,575,10),(192,17,49),(192,22,15),(192,93,7),(192,451,31),(193,752,35),(195,335,21),(195,943,18),(196,21,7),(196,84,7),(197,51,40),(197,347,11),(197,678,47),(197,702,42),(198,262,40),(199,245,40),(201,297,14),(201,329,3),(201,362,46),(201,378,7),(202,149,19),(202,595,20),(203,445,6),(203,1000,48),(205,463,33),(206,663,24),(206,691,26),(206,967,5),(208,98,31),(208,130,12),(208,308,44),(208,396,28),(208,870,20),(210,252,4),(210,371,37),(210,668,27),(210,753,42),(211,27,10),(211,556,34),(212,559,10),(212,588,36),(212,679,27),(212,888,42),(213,188,41),(213,643,50),(215,392,27),(216,456,47),(217,62,46),(217,102,45),(217,294,41),(217,536,17),(217,547,44),(217,843,43),(217,864,4),(217,897,47),(218,528,32),(220,637,42),(220,795,18),(220,817,50),(221,672,40),(222,188,43),(223,105,14),(223,839,34),(224,243,37),(225,163,49),(225,270,8),(226,527,21),(226,543,35),(227,439,5),(228,247,29),(228,491,40),(228,638,5),(228,859,21),(228,902,35),(229,667,21),(229,855,45),(230,595,40),(231,127,36),(231,680,37),(231,820,2),(232,332,30),(232,355,35),(232,688,13),(233,423,18),(233,795,25),(234,167,48),(234,235,41),(234,497,9),(234,717,14),(235,164,35),(235,342,50),(235,389,48),(235,677,27),(236,569,3),(236,686,24),(237,239,33),(238,724,10),(238,931,19),(238,939,44),(239,342,31),(240,12,24),(240,19,39),(241,24,23),(241,66,30),(241,463,18),(241,733,21),(241,998,15),(242,118,39),(242,311,43),(242,406,18),(242,584,23),(242,940,17),(243,968,43),(243,973,49),(244,56,44),(244,346,39),(244,460,23),(244,530,11),(245,206,7),(245,238,14),(245,602,40),(245,970,33),(246,516,8),(246,677,16),(247,973,28),(248,85,49),(248,103,27),(248,741,50),(248,903,17),(249,8,26),(250,746,29),(251,62,25),(251,93,32),(251,333,26),(252,455,26),(252,457,41),(253,2,37),(253,209,28),(253,509,43),(253,528,13),(254,6,13),(254,463,13),(255,848,2),(255,874,8),(256,257,17),(257,166,50),(257,683,28),(257,873,24),(258,311,6),(258,924,22),(259,258,11),(259,363,48),(259,581,44),(260,201,21),(261,385,17),(261,971,47),(262,31,25),(263,272,32),(263,872,38),(264,704,33),(265,136,32),(265,315,35),(265,407,7),(266,102,25),(266,249,3),(266,755,24),(266,785,27),(267,552,25),(268,91,1),(268,325,2),(269,34,1),(270,779,21),(270,852,17),(270,897,49),(271,153,29),(271,412,17),(271,496,46),(272,163,28),(272,505,23),(272,961,7),(273,180,50),(273,446,21),(274,136,33),(274,290,47),(274,381,19),(275,120,37),(275,126,33),(275,312,19),(275,575,36),(275,609,21),(275,892,45),(276,377,6),(276,399,15),(276,979,38),(277,76,4),(277,906,35),(278,385,8),(278,496,2),(279,346,34),(281,698,24),(281,769,23),(281,905,5),(282,53,12),(282,108,20),(282,192,50),(282,759,22),(284,290,20),(284,795,31),(285,16,36),(286,126,6),(286,601,23),(286,849,29),(286,882,35),(288,443,3),(288,533,26),(288,581,6),(288,899,5),(290,413,28),(290,541,39),(290,831,45),(290,849,50),(291,97,11),(291,424,8),(292,278,34),(292,459,43),(292,893,27),(292,965,4),(293,372,25),(294,259,23),(294,586,43),(294,616,1),(295,144,36),(295,391,12),(296,216,8),(296,540,50),(297,104,29),(297,391,40),(297,773,22),(297,917,34),(299,761,50),(299,876,35),(300,569,24),(302,192,35),(302,495,1),(303,850,24),(304,769,45),(304,863,44),(305,490,36),(306,168,1),(306,512,33),(308,506,46),(309,755,24),(309,964,4),(310,188,19),(310,431,41),(311,512,40),(312,404,48),(312,905,29),(313,155,50),(313,558,33),(313,913,8),(314,4,43),(314,480,1),(316,359,21),(317,512,4),(318,684,46),(319,9,4),(319,928,47),(320,130,1),(320,272,6),(320,407,30),(320,618,10),(320,812,4),(321,392,36),(321,753,44),(322,147,25),(322,154,10),(322,230,31),(323,927,7),(324,95,46),(324,166,31),(324,329,5),(324,574,43),(326,759,24),(328,77,5),(328,532,46),(329,717,13),(330,810,20),(330,911,11),(331,39,37),(331,244,44),(331,482,29),(331,835,44),(332,349,19),(332,468,50),(332,498,29),(332,749,5),(332,793,21),(333,159,40),(333,576,37),(333,728,16),(334,564,21),(335,321,33),(336,67,1),(336,896,10),(337,643,21),(337,875,16),(339,621,20),(339,695,23),(339,758,24),(339,867,2),(339,870,43),(339,917,33),(340,32,10),(340,439,28),(340,441,7),(341,76,26),(341,614,11),(342,561,18),(342,684,22),(342,959,32),(343,443,12),(344,79,26),(344,578,3),(344,601,1),(345,172,13),(345,939,15),(347,737,3),(348,18,43),(348,532,9),(348,865,6),(349,514,47),(349,784,1),(349,978,18),(350,13,22),(350,633,21),(350,800,25),(351,256,45),(352,222,21),(352,283,14),(352,304,34),(352,356,42),(352,400,4),(352,452,3),(352,563,43),(352,876,39),(353,650,12),(353,820,30),(353,852,35),(353,878,10),(354,2,36),(354,636,33),(354,962,13),(355,305,33),(355,422,36),(356,179,47),(357,705,6),(358,15,5),(358,409,49),(358,497,34),(359,591,48),(359,742,36),(360,490,43),(360,987,43),(361,564,13),(361,810,8),(362,448,11),(362,549,12),(362,804,44),(364,503,36),(365,578,8),(367,256,47),(367,313,41),(367,963,15),(368,738,34),(369,678,17),(369,800,28),(369,968,30),(370,840,48),(371,260,20),(371,366,21),(372,444,30),(372,766,23),(373,120,46),(373,286,40),(373,911,28),(374,185,29),(374,372,47),(375,145,29),(375,240,3),(375,560,13),(375,565,6),(376,411,5),(376,924,32),(377,6,10),(377,852,23),(377,882,34),(378,80,40),(379,576,46),(379,643,47),(380,195,39),(380,950,20),(382,40,12),(382,84,43),(382,627,19),(382,998,20),(383,358,13),(383,991,13),(384,249,46),(384,860,4),(385,250,6),(385,597,40),(386,399,25),(386,764,45),(386,818,4),(388,702,10),(389,604,15),(389,661,23),(389,965,23),(390,464,7),(390,847,2),(391,534,16),(393,669,4),(393,992,42),(395,825,35),(396,721,21),(397,8,38),(397,373,7),(397,398,48),(397,819,20),(398,712,37),(398,800,1),(398,807,40),(398,928,26),(399,212,10),(399,870,21),(400,952,28),(401,37,11),(401,622,37),(403,325,36),(403,331,42),(403,553,8),(403,564,37),(403,588,29),(403,854,38),(403,856,35),(406,187,21),(406,778,36),(407,102,14),(408,959,33),(409,704,3),(410,473,4),(410,713,24),(411,332,15),(411,735,46),(412,117,41),(412,336,34),(412,501,24),(413,368,48),(413,874,42),(414,95,34),(415,337,45),(415,347,3),(415,422,6),(415,704,17),(416,76,7),(416,367,21),(416,661,10),(418,57,14),(418,379,47),(418,502,28),(418,595,17),(418,629,3),(419,365,41),(419,486,43),(420,184,43),(420,905,31),(421,834,31),(421,897,36),(421,908,47),(423,164,31),(423,350,28),(423,840,35),(424,807,33),(426,213,33),(426,597,27),(427,251,32),(427,556,21),(428,419,9),(428,790,7),(429,673,1),(429,982,1),(431,202,2),(432,367,41),(432,558,50),(432,620,37),(432,684,14),(433,305,23),(433,432,8),(433,483,8),(433,570,37),(433,855,43),(433,907,5),(434,157,34),(434,566,50),(434,625,5),(434,810,48),(435,774,48),(436,366,28),(437,443,16),(437,504,40),(437,925,4),(438,55,11),(438,72,20),(438,289,46),(438,367,17),(438,980,35),(439,158,8),(439,308,47),(439,629,38),(439,993,40),(440,15,34),(441,855,29),(442,138,22),(442,317,1),(442,621,48),(444,346,27),(444,490,9),(444,771,13),(445,212,49),(445,245,12),(445,901,40),(446,723,37),(447,329,38),(447,870,13),(448,173,24),(448,375,18),(448,759,17),(449,224,25),(449,766,29),(449,820,11),(450,209,11),(450,235,8),(450,853,32),(450,920,47),(451,473,14),(452,35,12),(452,183,13),(453,540,16),(453,653,11),(453,1000,1),(454,320,42),(454,575,49),(454,646,11),(455,133,30),(456,680,35),(456,684,50),(456,957,12),(457,176,18),(457,305,30),(457,568,2),(458,284,50),(458,586,10),(459,361,44),(459,991,9),(460,55,28),(460,600,50),(460,684,17),(462,742,36),(463,313,47),(464,177,15),(464,216,30),(465,13,30),(466,79,26),(466,306,21),(466,614,44),(466,871,31),(467,551,3),(467,804,45),(468,123,9),(468,790,32),(469,932,38),(470,120,3),(470,333,48),(470,528,46),(470,530,32),(470,867,2),(471,319,41),(471,345,48),(471,881,5),(471,970,50),(473,122,20),(473,306,8),(473,331,1),(473,697,7),(473,788,36),(473,884,13),(474,8,30),(474,403,17),(474,674,30),(474,966,42),(475,753,17),(477,468,46),(477,680,35),(477,778,44),(478,296,14),(478,405,31),(478,476,4),(478,514,50),(478,517,15),(478,605,1),(479,277,17),(479,327,24),(479,692,23),(480,286,3),(481,181,13),(481,259,33),(482,127,5),(482,160,35),(482,409,15),(482,489,35),(483,533,7),(484,286,35),(484,315,25),(484,424,44),(485,665,12),(487,195,33),(487,236,16),(487,438,37),(488,66,50),(488,143,4),(488,434,21),(488,464,15),(488,644,30),(488,680,25),(488,693,11),(488,704,34),(489,672,19),(489,933,37),(490,620,32),(491,99,21),(491,269,40),(491,474,8),(491,630,42),(491,755,26),(492,723,12),(492,975,13),(493,307,4),(494,443,31),(494,451,28),(494,578,1),(495,541,5),(495,901,24),(496,550,41),(497,435,17),(497,619,44),(497,840,29),(497,907,11),(497,922,24),(498,333,48),(499,248,5),(499,369,35),(499,852,43),(500,109,37),(500,521,48),(501,405,17),(502,309,10),(502,637,4),(502,664,12),(502,695,48),(502,752,39),(502,818,31),(503,202,45),(503,267,41),(503,445,9),(503,598,25),(504,134,36),(504,281,6),(504,578,50),(506,626,49),(506,667,9),(506,901,3),(507,42,27),(507,117,45),(507,486,43),(508,101,21),(510,69,26),(511,466,37),(512,85,46),(512,126,23),(512,230,3),(512,658,38),(512,986,9),(513,374,20),(513,682,22),(514,134,27),(514,515,22),(515,52,13),(515,174,8),(515,322,9),(516,193,3),(516,782,26),(517,393,19),(517,565,24),(517,679,34),(517,919,43),(518,214,15),(518,553,34),(519,65,28),(519,837,13),(520,616,10),(521,229,27),(521,863,40),(522,467,4),(524,32,49),(525,38,47),(528,64,47),(528,90,47),(529,479,47),(529,482,35),(529,516,3),(529,606,48),(529,952,30),(530,120,25),(530,136,49),(530,539,37),(530,829,25),(530,888,27),(531,148,14),(531,411,37),(531,473,22),(531,511,3),(531,656,37),(531,972,12),(532,514,9),(532,640,14),(532,694,45),(532,987,31),(533,884,40),(534,99,24),(534,321,41),(535,118,49),(535,508,26),(535,581,8),(535,967,21),(536,85,13),(536,170,11),(536,936,6),(537,266,31),(537,274,20),(537,867,27),(537,997,4),(538,103,36),(538,289,25),(538,444,11),(538,792,15),(539,669,36),(540,38,24),(540,724,41),(540,972,21),(541,619,27),(541,981,5),(541,987,36),(542,228,32),(542,682,17),(542,987,33),(543,22,20),(543,207,26),(543,270,4),(544,556,13),(544,958,36),(544,983,33),(545,686,31),(547,104,34),(547,278,43),(547,997,23),(548,73,37),(548,397,43),(549,204,18),(549,333,14),(550,47,38),(550,594,32),(550,669,49),(550,709,8),(550,720,22),(551,873,41),(552,1,19),(552,111,32),(552,286,10),(553,394,34),(553,742,47),(554,553,49),(554,962,3),(555,367,2),(556,467,28),(556,486,7),(556,739,26),(557,420,15),(557,427,33),(557,600,44),(557,953,42),(558,979,13),(559,871,5),(560,21,20),(560,999,21),(561,785,6),(561,977,34),(563,361,7),(564,55,46),(564,490,42),(564,759,25),(565,11,33),(565,14,21),(565,564,46),(567,280,41),(567,383,28),(568,75,1),(568,210,48),(568,814,38),(568,839,32),(570,176,20),(570,241,36),(571,24,34),(571,73,43),(572,39,36),(572,332,43),(572,337,33),(572,385,36),(572,423,30),(572,471,1),(572,877,14),(573,389,10),(574,280,40),(575,186,4),(575,246,24),(575,357,25),(575,751,34),(576,796,41),(577,607,25),(577,865,25),(577,917,4),(578,252,32),(578,372,2),(579,518,7),(579,520,45),(580,32,46),(580,158,13),(581,768,46),(583,35,15),(583,567,49),(584,206,1),(584,891,1),(584,938,34),(585,946,34),(586,225,26),(587,129,3),(587,198,18),(587,435,21),(587,473,8),(587,708,27),(590,656,37),(591,618,14),(591,757,3),(593,130,17),(593,304,31),(593,955,34),(594,759,16),(594,925,50),(595,59,19),(595,201,41),(595,495,48),(596,113,25),(597,239,36),(597,821,25),(598,197,46),(598,472,12),(598,787,40),(599,630,40),(600,378,50),(600,431,27),(600,483,24),(601,195,30),(601,579,11),(602,13,30),(602,47,13),(602,395,8),(602,481,14),(602,606,27),(602,790,17),(602,931,11),(603,244,37),(603,399,28),(603,947,20),(604,884,32),(605,50,29),(605,595,49),(605,643,50),(605,751,39),(605,755,24),(606,9,31),(606,720,17),(607,71,49),(607,78,32),(607,644,43),(608,349,27),(609,184,16),(609,192,44),(609,679,39),(609,701,42),(610,190,8),(610,221,19),(610,358,24),(610,393,22),(610,621,45),(611,147,6),(612,563,28),(612,616,8),(613,676,27),(614,780,48),(615,164,22),(616,415,27),(618,348,23),(618,653,26),(619,308,38),(619,646,40),(619,847,11),(620,681,25),(620,695,35),(621,724,47),(622,371,1),(622,932,27),(623,254,15),(623,490,49),(623,636,23),(625,56,31),(625,181,47),(627,936,6),(628,180,32),(629,456,37),(631,437,47),(632,570,16),(632,915,20),(634,892,41),(635,49,3),(635,139,30),(635,381,35),(635,396,39),(636,236,42),(637,17,38),(637,881,3),(638,188,8),(638,193,9),(638,693,17),(640,584,43),(640,638,2),(641,147,44),(641,180,27),(641,547,44),(641,612,9),(641,892,16),(642,80,1),(642,327,1),(642,481,25),(642,602,12),(642,735,18),(643,7,2),(644,223,31),(644,600,35),(644,648,14),(645,791,9),(646,880,33),(647,456,11),(649,416,34),(650,401,46),(650,682,25),(650,885,30),(650,939,22),(651,410,38),(651,680,23),(652,438,34),(653,21,49),(653,207,32),(653,434,23),(653,621,49),(654,397,23),(655,452,4),(655,857,43),(656,34,22),(656,103,7),(656,115,2),(656,223,42),(658,111,35),(658,242,11),(658,353,18),(659,359,35),(659,668,45),(659,850,32),(660,704,4),(660,711,3),(660,725,30),(661,119,34),(661,305,12),(662,34,44),(663,153,19),(663,175,2),(665,89,43),(665,114,37),(665,809,22),(665,976,7),(666,172,25),(666,964,30),(667,135,39),(667,177,38),(668,190,11),(668,791,44),(669,45,24),(669,85,7),(669,424,14),(670,296,50),(670,370,21),(671,376,32),(671,583,23),(671,670,24),(672,186,30),(673,305,35),(673,422,7),(673,628,7),(673,658,1),(673,892,44),(674,388,8),(675,204,30),(675,793,45),(677,145,26),(677,327,8),(677,371,15),(677,570,47),(677,663,47),(677,749,47),(678,364,35),(678,548,28),(678,866,28),(678,976,36),(679,396,36),(679,812,14),(680,870,47),(680,876,27),(681,486,29),(681,600,4),(682,595,37),(682,817,28),(683,672,39),(684,467,23),(684,797,45),(686,92,9),(686,993,38),(687,42,35),(687,229,17),(687,280,1),(687,799,49),(688,218,26),(688,629,5),(688,743,46),(690,191,3),(690,621,9),(691,396,11),(691,987,22),(692,664,12),(693,393,34),(693,590,23),(693,902,32),(694,455,12),(695,211,46),(696,938,49),(697,218,12),(697,443,38),(697,732,6),(698,291,26),(698,1000,37),(699,81,46),(699,116,3),(699,732,46),(699,991,24),(700,417,44),(700,607,31),(701,226,19),(701,416,46),(702,608,46),(702,644,27),(704,684,49),(704,895,37),(705,131,21),(705,523,23),(705,768,33),(706,244,11),(706,518,49),(706,577,27),(707,140,4),(707,496,43),(707,686,44),(707,977,31),(708,34,26),(708,547,6),(708,741,5),(708,959,36),(709,270,45),(710,370,29),(710,710,11),(710,830,8),(712,43,46),(712,428,22),(712,621,3),(713,348,10),(713,398,11),(713,468,20),(713,593,49),(713,724,8),(714,293,42),(714,303,5),(716,114,15),(716,235,47),(717,613,28),(717,993,17),(718,117,19),(719,572,21),(720,568,16),(720,955,12),(721,34,11),(722,86,6),(722,160,15),(724,662,8),(725,62,6),(725,89,19),(725,613,17),(725,704,4),(726,260,48),(726,340,10),(726,937,11),(728,131,36),(728,417,46),(728,515,39),(728,602,33),(728,686,22),(728,991,6),(729,382,7),(729,388,24),(729,891,46),(729,941,7),(730,27,38),(730,712,6),(730,891,13),(730,957,10),(731,201,10),(732,265,9),(732,909,34),(733,319,33),(733,426,34),(734,588,42),(734,831,47),(735,488,8),(735,633,46),(736,656,26),(737,331,27),(737,351,16),(738,58,15),(738,940,49),(739,401,5),(739,782,22),(740,62,6),(740,682,26),(740,838,40),(743,44,6),(743,283,10),(743,854,6),(745,148,19),(745,736,34),(745,759,28),(746,825,32),(747,81,44),(747,517,49),(747,603,20),(747,743,1),(747,898,49),(748,411,42),(748,457,6),(749,643,11),(750,244,44),(750,442,30),(751,168,28),(751,576,3),(751,836,42),(751,883,36),(752,645,23),(754,896,21),(754,987,19),(756,409,19),(757,87,29),(758,215,10),(758,227,37),(758,639,22),(759,636,44),(760,13,41),(760,180,6),(760,709,50),(760,958,21),(761,35,5),(761,613,12),(761,940,22),(762,186,4),(762,473,29),(763,202,34),(763,397,47),(763,721,4),(764,663,21),(764,689,40),(765,168,5),(765,394,26),(765,427,32),(766,403,5),(767,689,4),(769,187,25),(769,706,34),(769,716,16),(769,835,16),(770,597,17),(770,756,26),(770,770,25),(771,618,42),(772,788,22),(773,826,24),(774,509,7),(775,330,38),(775,798,32),(776,717,26),(779,188,9),(779,471,39),(779,695,38),(780,200,20),(780,675,15),(781,396,39),(781,938,26),(782,440,16),(782,625,45),(782,760,44),(782,881,27),(783,901,37),(785,597,31),(785,684,4),(786,427,46),(786,927,49),(787,931,19),(790,436,33),(790,608,31),(790,658,40),(792,60,35),(792,335,39),(793,865,25),(794,110,22),(794,395,31),(794,658,4),(795,199,1),(795,386,11),(795,927,18),(797,786,43),(797,910,13),(799,430,3),(800,252,45),(801,410,10),(801,556,34),(802,766,9),(803,661,33),(803,755,50),(803,811,46),(803,921,41),(804,427,6),(804,551,38),(805,173,35),(806,129,36),(806,689,23),(806,920,21),(808,939,43),(809,487,20),(809,576,33),(809,873,49),(810,127,15),(810,508,42),(810,882,39),(811,291,18),(811,941,5),(812,448,47),(813,223,22),(813,398,8),(813,422,30),(813,461,3),(814,351,44),(814,768,30),(814,788,16),(814,863,31),(815,116,1),(815,650,24),(816,623,46),(816,656,12),(817,510,35),(818,553,19),(818,567,49),(819,466,49),(819,621,9),(820,411,1),(820,572,11),(820,826,42),(821,39,21),(821,556,50),(822,386,3),(822,391,2),(822,661,5),(823,160,37),(823,309,3),(823,944,12),(824,116,33),(824,405,14),(824,871,16),(825,720,16),(825,725,36),(826,381,47),(827,101,6),(827,381,8),(827,524,8),(827,550,8),(827,665,27),(827,720,19),(828,102,18),(828,599,12),(828,840,45),(831,54,46),(832,217,32),(832,494,24),(832,705,2),(836,155,25),(836,242,6),(836,783,43),(837,393,20),(837,694,15),(838,289,3),(838,556,24),(840,246,3),(840,911,19),(841,13,4),(841,499,39),(843,206,33),(843,419,8),(843,703,35),(843,848,14),(845,161,41),(845,881,22),(845,902,34),(847,242,36),(847,860,39),(848,610,23),(848,948,43),(849,352,14),(849,402,46),(849,637,30),(850,33,3),(850,592,28),(851,576,47),(851,643,6),(852,276,19),(854,364,18),(854,883,42),(855,253,19),(856,22,28),(857,377,42),(857,482,20),(857,815,46),(858,572,35),(858,888,18),(859,4,18),(859,48,40),(859,776,26),(859,783,29),(860,715,1),(861,91,33),(861,984,27),(862,368,34),(863,557,18),(863,756,15),(863,829,42),(864,153,41),(864,229,40),(864,233,28),(864,334,15),(864,599,4),(865,576,32),(865,717,50),(865,737,32),(866,201,13),(866,883,49),(867,188,4),(868,48,29),(868,518,6),(868,766,32),(868,911,49),(869,710,43),(871,271,49),(872,564,21),(872,682,38),(872,802,4),(873,69,12),(873,364,31),(873,726,3),(874,63,29),(874,98,18),(874,505,24),(874,879,31),(875,32,33),(875,97,6),(878,604,40),(879,329,49),(879,807,4),(879,889,23),(881,32,33),(883,101,18),(883,298,45),(883,740,27),(883,918,22),(883,981,26),(885,189,26),(885,347,4),(885,401,19),(885,877,6),(886,725,16),(887,693,9),(888,255,47),(888,297,1),(889,387,39),(889,608,14),(890,177,33),(890,289,13),(890,487,30),(891,495,13),(892,489,36),(892,561,28),(892,968,41),(893,31,15),(893,45,9),(893,377,29),(894,42,30),(894,452,10),(894,761,5),(895,195,27),(896,168,18),(897,145,9),(898,195,38),(898,201,43),(898,228,14),(898,369,21),(898,697,7),(899,230,39),(899,785,41),(899,952,19),(900,162,32),(900,558,26),(901,589,27),(901,738,29),(902,638,5),(904,584,10),(905,48,14),(905,214,3),(905,260,28),(906,979,49),(907,477,49),(908,904,22),(909,34,41),(909,84,24),(909,108,2),(910,136,18),(910,300,20),(910,570,18),(910,931,17),(911,190,37),(912,859,38),(913,154,27),(913,654,4),(914,324,41),(914,928,20),(915,796,36),(916,876,10),(917,125,16),(917,349,18),(917,384,27),(917,703,6),(917,905,24),(918,80,8),(919,807,40),(919,830,36),(920,6,14),(920,357,48),(920,833,32),(920,841,10),(921,265,38),(922,497,9),(922,645,8),(923,243,30),(924,312,34),(926,873,45),(927,42,1),(927,435,21),(928,379,42),(928,631,46),(929,711,48),(930,128,27),(930,139,5),(930,394,2),(930,818,18),(931,504,11),(931,597,42),(931,786,21),(932,378,20),(932,455,40),(933,533,11),(934,498,7),(934,688,11),(934,839,45),(935,65,15),(935,450,45),(936,759,12),(936,775,10),(936,908,15),(937,72,9),(938,150,35),(938,487,24),(938,642,10),(939,706,1),(940,432,6),(940,735,12),(941,941,15),(942,425,8),(942,675,8),(944,511,38),(944,565,5),(945,532,6),(946,363,23),(947,102,7),(947,219,25),(947,686,16),(949,306,44),(949,714,21),(950,15,15),(950,321,17),(951,208,46),(951,358,31),(951,503,22),(951,593,3),(951,971,33),(952,20,3),(952,136,5),(952,812,41),(952,875,5),(953,197,38),(953,254,30),(953,298,31),(953,793,46),(954,33,40),(954,93,12),(954,904,29),(954,941,41),(956,415,41),(957,256,28),(957,766,17),(958,18,15),(958,63,28),(959,90,22),(959,363,15),(960,57,44),(960,109,2),(960,152,20),(960,421,43),(960,454,23),(960,907,49),(961,975,20),(962,344,9),(962,484,25),(962,678,19),(962,808,38),(964,342,34),(964,498,7),(964,535,5),(965,89,29),(968,610,27),(969,56,3),(970,290,14),(971,193,39),(971,214,39),(972,16,28),(972,297,17),(973,33,1),(974,8,39),(974,366,36),(974,544,24),(974,690,27),(975,7,21),(976,297,5),(976,526,6),(976,602,33),(976,653,30),(976,916,33),(979,117,14),(979,949,19),(980,351,19),(980,948,37),(981,58,47),(982,790,1),(982,805,13),(983,316,39),(984,374,36),(986,551,19),(987,323,19),(987,507,25),(987,753,11),(988,929,10),(989,356,11),(989,712,19),(990,145,17),(990,156,49),(990,390,9),(990,447,21),(990,677,13),(991,235,26),(991,256,30),(991,769,41),(991,778,20),(992,363,33),(992,466,50),(993,92,17),(993,232,38),(993,416,48),(994,49,32),(995,94,3),(995,122,12),(997,46,8),(997,251,33),(998,993,26),(1000,664,18),(1000,848,30),(1001,63,3),(1001,642,10),(1002,129,29),(1002,277,46),(1002,434,48),(1002,611,5),(1003,242,34),(1003,308,2),(1004,204,11),(1004,485,21),(1004,801,35),(1004,852,36),(1005,83,13),(1005,827,21),(1006,193,25),(1006,531,42),(1007,182,40),(1007,706,23),(1008,613,7),(1008,657,35),(1008,706,38),(1008,932,18),(1009,98,11),(1009,151,27),(1009,265,31),(1010,193,50),(1010,566,36),(1010,785,43),(1011,679,26),(1012,616,23),(1012,886,2),(1013,528,43),(1013,738,47),(1014,446,12),(1016,366,21),(1016,419,25),(1016,715,44),(1017,536,11),(1018,109,8),(1018,399,13),(1018,600,15),(1020,649,38),(1020,723,17),(1020,726,39),(1021,472,42),(1021,615,4),(1022,865,46),(1023,415,22),(1023,445,26),(1024,215,2),(1024,238,46),(1024,634,12),(1025,812,2),(1027,174,33),(1027,548,3),(1028,567,24),(1029,129,44),(1029,499,45),(1029,890,38),(1030,299,42),(1030,470,3),(1030,655,8),(1031,182,28),(1031,705,49),(1032,375,21),(1033,119,10),(1033,202,23),(1033,332,14),(1033,802,25),(1034,128,34),(1034,227,1),(1035,580,26),(1035,708,35),(1036,382,26),(1036,491,38),(1037,692,32),(1038,73,32),(1038,148,5),(1038,664,24),(1038,708,20),(1038,935,9),(1039,73,4),(1039,77,50),(1039,756,32),(1040,359,20),(1040,448,5),(1040,993,18),(1041,26,28),(1041,969,17),(1042,243,15),(1042,603,33),(1043,34,22),(1043,890,45),(1043,929,9),(1044,368,41),(1044,373,50),(1044,635,18),(1047,329,29),(1048,173,2),(1048,610,25),(1050,80,18),(1050,154,33),(1051,316,35),(1051,959,35),(1053,174,12),(1054,476,27),(1055,190,24),(1055,414,38),(1055,768,14),(1055,872,19),(1056,195,1),(1056,553,44),(1056,913,39),(1057,31,49),(1059,574,37),(1059,953,46),(1061,98,3),(1061,640,6),(1062,696,14),(1062,787,3),(1063,73,17),(1063,248,27),(1063,309,4),(1063,610,21),(1064,760,2),(1066,956,41),(1067,893,45),(1068,212,26),(1068,312,43),(1068,376,2),(1068,899,29),(1069,192,18),(1069,554,20),(1070,323,38),(1071,339,22),(1071,910,14),(1072,487,50),(1072,497,24),(1073,535,2),(1073,602,46),(1073,680,49),(1075,573,49),(1076,355,20),(1076,583,44),(1077,784,7),(1077,799,30),(1078,36,41),(1078,867,5),(1079,4,24),(1081,269,32),(1081,337,6),(1081,884,19),(1082,85,43),(1082,284,8),(1083,376,6),(1083,750,35),(1083,755,28),(1083,927,25),(1084,250,2),(1084,546,2),(1088,939,22),(1089,20,16),(1089,343,49),(1091,686,47),(1092,895,27),(1094,309,24),(1094,494,15),(1095,419,50),(1096,413,21),(1096,625,8),(1096,651,44),(1096,810,41),(1097,44,8),(1097,822,36),(1097,973,27),(1098,117,21),(1098,664,24),(1098,693,24),(1099,89,29),(1099,332,27),(1099,354,1),(1099,983,32),(1100,359,34),(1100,524,4),(1100,879,31),(1100,909,17),(1101,86,37),(1101,189,7),(1101,551,26),(1101,652,27),(1102,54,6),(1102,69,23),(1102,213,48),(1102,789,12),(1103,805,32),(1104,59,14),(1104,661,33),(1105,93,30),(1105,560,48),(1106,394,36),(1106,867,7),(1106,944,13),(1107,194,14),(1108,21,47),(1108,163,36),(1108,722,3),(1110,157,18),(1110,175,36),(1110,680,31),(1111,179,26),(1111,329,24),(1112,469,42),(1113,898,46),(1114,941,1),(1115,277,19),(1116,588,47),(1116,708,40),(1117,740,18),(1117,754,30),(1121,516,11),(1121,686,10),(1122,150,24),(1122,267,46),(1122,310,29),(1122,403,47),(1122,727,3),(1122,814,31),(1123,29,2),(1123,40,36),(1123,193,24),(1123,817,44),(1123,970,43),(1124,47,28),(1124,371,38),(1124,422,33),(1124,447,30),(1124,852,48),(1125,270,5),(1125,833,28),(1126,196,48),(1126,917,12),(1126,923,7),(1127,1000,47),(1128,734,15),(1128,851,25),(1129,369,1),(1129,527,3),(1129,547,11),(1129,900,20),(1129,923,40),(1130,967,23),(1132,155,15),(1132,210,28),(1133,238,46),(1134,771,49),(1135,79,29),(1136,182,40),(1136,190,38),(1137,52,12),(1137,712,33),(1137,722,47),(1137,918,44),(1138,52,43),(1138,271,11),(1138,498,1),(1138,886,48),(1138,934,4),(1138,982,16),(1139,373,1),(1139,831,48),(1140,250,2),(1140,559,20),(1142,378,4),(1142,421,37),(1142,596,43),(1142,992,33),(1143,7,41),(1143,794,25),(1144,348,45),(1144,488,48),(1145,858,34),(1146,893,27),(1147,329,21),(1147,451,25),(1148,28,45),(1148,472,8),(1149,229,19),(1149,700,5),(1151,414,19),(1151,869,27),(1152,776,19),(1152,886,27),(1153,38,41),(1153,275,43),(1154,62,7),(1154,209,42),(1154,564,39),(1154,765,10),(1155,585,47),(1156,522,12),(1157,861,26),(1158,460,20),(1158,487,41),(1158,709,47),(1159,775,43),(1159,902,32),(1160,312,5),(1160,454,17),(1160,790,32),(1161,75,26),(1161,611,4),(1161,698,20),(1161,943,13),(1162,511,26),(1162,677,12),(1162,856,28),(1163,83,2),(1163,408,24),(1164,394,24),(1164,840,46),(1165,399,25),(1165,727,2),(1165,937,32),(1166,226,26),(1166,251,12),(1166,584,13),(1166,746,23),(1167,519,45),(1167,780,10),(1168,449,39),(1168,592,33),(1169,610,26),(1169,704,12),(1170,179,3),(1170,587,21),(1170,718,12),(1170,837,22),(1171,198,21),(1171,288,33),(1171,386,48),(1171,411,27),(1171,427,29),(1171,749,1),(1172,508,21),(1172,578,39),(1172,686,2),(1172,720,37),(1173,537,19),(1174,12,10),(1174,21,35),(1174,779,29),(1174,876,35),(1175,637,26),(1175,906,5),(1177,173,33),(1177,483,8),(1177,605,26),(1178,880,3),(1178,979,38),(1179,456,23),(1179,931,10),(1180,890,9),(1181,390,38),(1181,577,26),(1181,751,4),(1182,39,20),(1182,455,7),(1183,467,28),(1183,484,15),(1183,551,27),(1183,662,48),(1184,833,10),(1185,220,40),(1185,293,1),(1185,974,50),(1186,164,21),(1187,300,16),(1187,339,5),(1187,757,50),(1188,282,32),(1191,328,40),(1191,504,37),(1191,715,40),(1191,978,46),(1194,29,37),(1194,375,34),(1194,875,5),(1195,576,23),(1195,869,21),(1196,250,7),(1196,945,44),(1197,266,39),(1197,274,5),(1197,938,46),(1198,28,5),(1198,297,40),(1199,220,24),(1199,928,37),(1200,774,33),(1200,950,49),(1201,84,49),(1201,623,40),(1201,862,10),(1201,955,2),(1202,188,34),(1202,777,9),(1203,330,42),(1203,562,35),(1204,413,20),(1204,426,26),(1204,977,7),(1205,74,10),(1205,158,35),(1205,200,18),(1207,255,17),(1207,631,4),(1207,900,31),(1208,991,50),(1209,748,41),(1209,840,12),(1210,92,50),(1210,256,27),(1210,270,24),(1210,289,27),(1210,321,48),(1210,506,24),(1210,516,49),(1210,773,50),(1211,419,5),(1211,932,11),(1212,27,28),(1212,175,1),(1212,513,33),(1212,835,42),(1213,410,15),(1213,918,41),(1214,192,4),(1214,435,16),(1214,620,19),(1216,99,40),(1216,920,14),(1217,526,50),(1218,110,42),(1219,180,13),(1219,385,46),(1219,962,49),(1220,230,22),(1221,641,5),(1221,826,26),(1222,224,22),(1222,393,42),(1222,493,18),(1222,562,32),(1222,895,15),(1223,260,43),(1224,376,35),(1225,430,22),(1225,453,21),(1226,91,12),(1227,228,37),(1228,387,16),(1229,35,50),(1229,232,36),(1229,410,13),(1229,516,45),(1230,434,36),(1231,114,25),(1231,219,29),(1231,510,7),(1231,617,49),(1231,901,44),(1231,999,31),(1232,821,39),(1233,201,21),(1233,267,29),(1233,849,29),(1234,159,15),(1234,308,29),(1234,330,35),(1234,473,6),(1234,812,15),(1234,902,40),(1235,141,19),(1235,511,3),(1235,637,6),(1235,830,8),(1236,815,36),(1237,129,26),(1238,7,41),(1238,459,7),(1239,514,24),(1241,322,28),(1241,967,13),(1242,203,26),(1242,265,9),(1242,388,31),(1242,543,48),(1242,694,44),(1243,520,41),(1243,999,48),(1244,790,17),(1245,234,28),(1245,352,19),(1246,25,39),(1246,317,8),(1247,276,9),(1248,31,20),(1248,283,29),(1249,216,1),(1249,632,18),(1249,761,12),(1251,126,7),(1252,658,12),(1252,749,18),(1252,995,33),(1253,29,29),(1253,822,47),(1254,71,33),(1254,227,2),(1254,313,23),(1254,518,14),(1254,615,30),(1254,801,45),(1255,878,40),(1255,899,10),(1255,998,23),(1256,169,45),(1256,240,24),(1256,702,43),(1257,171,2),(1257,389,13),(1257,510,12),(1257,992,7),(1258,131,29),(1258,945,17),(1259,706,10),(1259,744,3),(1260,189,1),(1261,195,29),(1261,322,21),(1261,407,8),(1261,509,4),(1261,716,43),(1262,20,11),(1262,126,24),(1262,315,37),(1262,660,42),(1263,8,26),(1263,26,41),(1263,131,9),(1263,493,8),(1263,497,9),(1263,911,34),(1264,204,46),(1264,487,10),(1264,549,35),(1265,149,40),(1265,207,14),(1265,359,37),(1265,421,41),(1265,602,25),(1266,992,46),(1267,446,10),(1267,760,40),(1268,70,27),(1268,476,19),(1268,565,18),(1269,965,41),(1270,154,45),(1271,146,13),(1271,173,8),(1271,866,32),(1272,189,13),(1272,815,50),(1273,332,32),(1273,337,22),(1273,710,45),(1273,982,2),(1274,106,20),(1274,706,48),(1275,42,14),(1275,259,2),(1276,32,21),(1276,278,15),(1277,32,28),(1277,715,24),(1277,875,38),(1279,914,19),(1281,312,19),(1281,383,22),(1281,742,36),(1281,807,12),(1281,992,15),(1282,905,32),(1283,95,9),(1283,125,25),(1284,115,12),(1284,599,16),(1285,497,26),(1285,603,32),(1285,778,49),(1286,176,22),(1286,362,18),(1286,846,36),(1286,965,2),(1287,185,7),(1287,506,7),(1287,566,11),(1288,202,19),(1288,427,49),(1289,197,3),(1289,406,13),(1290,25,6),(1290,179,22),(1290,485,1),(1290,947,4),(1291,212,33),(1291,871,39),(1292,456,41),(1292,482,20),(1293,328,45),(1294,404,47),(1294,507,10),(1294,576,34),(1294,590,34),(1294,848,41),(1295,637,21),(1296,202,3),(1296,989,16),(1297,774,46),(1299,984,30),(1300,711,45),(1300,931,19),(1301,954,11),(1302,389,46),(1303,126,50),(1305,353,20),(1305,492,47),(1307,318,37),(1308,214,31),(1308,263,10),(1308,287,20),(1308,456,35),(1308,935,17),(1309,347,34),(1309,506,48),(1310,6,6),(1310,856,23),(1312,569,41),(1313,489,36),(1314,261,6),(1314,807,17),(1316,633,11),(1316,758,4),(1317,266,1),(1317,363,40),(1317,965,42),(1318,640,45),(1318,872,42),(1319,253,28),(1319,707,30),(1322,186,10),(1322,678,2),(1322,867,14),(1323,242,20),(1323,522,25),(1323,782,11),(1323,816,12),(1324,52,29),(1324,90,31),(1324,489,18),(1325,328,49),(1325,436,23),(1325,591,25),(1325,876,14),(1326,172,10),(1326,858,25),(1327,172,45),(1327,561,24),(1328,105,45),(1328,251,10),(1328,616,35),(1329,174,29),(1329,686,8),(1329,756,44),(1330,480,15),(1330,810,10),(1332,124,46),(1332,197,32),(1332,471,16),(1333,199,37),(1333,499,13),(1333,666,37),(1334,359,15),(1334,462,47),(1335,537,5),(1336,582,29),(1336,745,49),(1336,860,44),(1338,417,45),(1338,680,6),(1338,740,36),(1341,101,14),(1341,596,31),(1341,921,1),(1342,746,14),(1343,307,43),(1343,591,41),(1344,631,3),(1345,122,21),(1345,230,1),(1345,582,9),(1345,623,28),(1346,227,10),(1346,307,40),(1347,131,39),(1348,760,7),(1348,866,25),(1350,469,38),(1350,716,7),(1351,370,19),(1351,670,14),(1351,684,29),(1351,891,17),(1352,35,8),(1354,38,9),(1354,339,14),(1354,429,17),(1355,881,19),(1356,653,26),(1356,759,9),(1358,181,49),(1359,397,34),(1359,462,8),(1359,580,3),(1360,299,45),(1360,667,34),(1361,768,28),(1361,986,10),(1362,119,23),(1362,255,1),(1362,668,2),(1363,445,26),(1363,903,34),(1364,173,13),(1364,458,20),(1365,433,12),(1365,443,20),(1365,609,33),(1366,49,2),(1366,168,25),(1366,469,49),(1366,619,13),(1366,818,43),(1366,945,18),(1366,995,17),(1367,42,47),(1367,400,19),(1368,60,20),(1368,702,42),(1368,966,40),(1369,371,35),(1370,696,10),(1370,879,1),(1371,131,8),(1371,323,8),(1371,572,11),(1372,368,42),(1372,584,27),(1373,224,49),(1373,479,44),(1374,353,18),(1374,994,18),(1375,4,21),(1375,49,9),(1375,323,17),(1375,398,30),(1375,563,41),(1375,847,34),(1375,867,3),(1376,531,29),(1376,803,29),(1378,680,37),(1379,723,42),(1379,820,10),(1379,834,42),(1379,953,44),(1379,967,14),(1380,492,24),(1381,56,47),(1381,278,7),(1381,366,50),(1381,378,50),(1381,779,29),(1382,401,16),(1383,90,20),(1383,941,48),(1384,395,36),(1384,830,4),(1385,240,41),(1385,599,44),(1385,758,22),(1385,895,39),(1385,996,17),(1386,56,39),(1388,140,11),(1388,428,41),(1388,615,28),(1388,920,4),(1389,759,50),(1390,64,5),(1390,521,46),(1390,586,44),(1390,786,9),(1391,465,22),(1392,557,4),(1394,970,45),(1395,523,7),(1396,26,10),(1396,400,19),(1396,600,42),(1397,14,3),(1397,108,10),(1397,158,44),(1397,167,41),(1397,397,6),(1397,595,10),(1397,704,38),(1397,762,34),(1397,788,16),(1398,179,5),(1398,666,28),(1398,723,48),(1398,754,33),(1400,110,46),(1400,204,27),(1400,352,2),(1400,437,29),(1400,761,4),(1401,915,48),(1403,954,2),(1404,308,3),(1404,395,9),(1404,521,40),(1404,977,8),(1405,320,25),(1405,401,7),(1406,126,30),(1406,578,35),(1406,648,29),(1407,473,10),(1408,166,34),(1408,264,20),(1408,299,4),(1408,403,6),(1409,19,21),(1409,498,11),(1410,179,34),(1410,483,23),(1410,547,14),(1410,767,10),(1411,183,12),(1412,592,4),(1412,669,40),(1413,467,6),(1413,468,48),(1413,809,24),(1414,972,2),(1415,330,18),(1416,107,28),(1416,244,16),(1416,659,32),(1416,803,36),(1417,268,25),(1418,640,47),(1418,764,48),(1419,426,20),(1419,570,46),(1419,629,43),(1419,878,6),(1419,937,13),(1420,299,27),(1420,502,47),(1421,706,35),(1421,778,23),(1422,219,35),(1422,327,1),(1422,838,1),(1423,578,1),(1424,22,39),(1424,198,45),(1424,903,14),(1425,283,6),(1425,521,30),(1425,534,48),(1425,813,38),(1426,165,21),(1428,43,32),(1428,422,36),(1429,141,37),(1429,439,19),(1429,787,9),(1429,805,40),(1430,30,42),(1430,765,27),(1431,113,47),(1431,168,5),(1431,345,33),(1431,956,24),(1432,156,22),(1433,331,23),(1433,479,28),(1433,542,4),(1433,782,5),(1434,338,1),(1434,552,18),(1435,569,2),(1436,291,14),(1438,392,21),(1438,599,2),(1439,283,32),(1439,291,7),(1439,313,22),(1439,342,40),(1439,540,23),(1439,658,17),(1440,478,42),(1440,892,31),(1440,916,21),(1441,656,11),(1441,938,1),(1442,996,9),(1443,433,46),(1444,161,45),(1444,953,18),(1445,201,42),(1446,478,40),(1446,900,15),(1447,98,9),(1448,3,10),(1448,600,44),(1448,752,46),(1450,581,16),(1451,9,33),(1451,55,28),(1451,797,47),(1451,947,24),(1452,257,22),(1452,520,6),(1452,551,15),(1453,59,14),(1453,173,38),(1453,235,12),(1454,125,15),(1454,506,5),(1454,664,9),(1455,160,43),(1456,121,26),(1456,214,11),(1456,884,32),(1457,58,33),(1457,439,24),(1457,501,25),(1458,539,35),(1459,303,6),(1461,271,3),(1461,557,33),(1461,558,29),(1461,889,30),(1462,337,14),(1462,462,15),(1462,792,17),(1463,140,36),(1463,235,14),(1464,24,46),(1464,186,14),(1464,562,12),(1465,136,24),(1467,563,32),(1467,877,15),(1468,475,5),(1469,515,27),(1469,705,19),(1469,839,20),(1470,262,9),(1472,145,16),(1472,174,29),(1472,239,5),(1472,268,6),(1472,320,37),(1472,605,48),(1474,351,32),(1474,648,44),(1474,687,17),(1474,717,49),(1474,926,33),(1474,927,23),(1475,115,46),(1475,248,25),(1475,270,33),(1475,330,12),(1475,893,50),(1475,902,46),(1478,326,49),(1479,141,29),(1479,808,27),(1480,321,19),(1480,712,40),(1482,119,28),(1482,595,39),(1483,248,24),(1484,147,31),(1484,152,10),(1484,322,24),(1484,930,29),(1485,788,29),(1485,931,31),(1486,244,25),(1487,520,19),(1488,561,23),(1488,638,6),(1488,701,30),(1489,116,15),(1489,156,10),(1489,193,49),(1489,744,26),(1490,259,32),(1490,539,29),(1491,412,27),(1492,139,50),(1492,489,2),(1492,642,7),(1492,991,8),(1493,89,41),(1493,204,16),(1493,773,5),(1494,325,4),(1494,708,20),(1495,902,31),(1496,514,19),(1497,919,37),(1497,963,20),(1498,909,23),(1499,560,47),(1501,137,50),(1501,392,44),(1501,450,44),(1502,306,33),(1504,430,8),(1505,301,8),(1505,326,34),(1505,590,20),(1505,622,5),(1505,867,6),(1506,918,10),(1506,959,31),(1507,8,12),(1508,611,17),(1508,672,47),(1509,25,16),(1509,269,34),(1509,481,8),(1509,879,19),(1509,908,33),(1510,76,29),(1510,273,11),(1510,569,31),(1510,848,11),(1511,37,32),(1511,960,10),(1512,640,33),(1513,164,36),(1516,55,33),(1516,253,39),(1517,622,1),(1520,698,28),(1521,402,27),(1521,407,14),(1521,685,23),(1521,720,42),(1522,44,39),(1523,36,40),(1523,354,47),(1523,782,47),(1524,271,19),(1524,324,38),(1524,678,4),(1525,265,10),(1525,601,35),(1525,855,23),(1526,219,1),(1526,388,6),(1527,142,42),(1527,914,1),(1528,647,25),(1528,805,5),(1529,220,32),(1529,885,21),(1530,531,35),(1532,117,39),(1532,675,11),(1532,741,24),(1532,993,14),(1533,154,46),(1533,294,27),(1534,551,21),(1535,537,20),(1535,652,17),(1535,936,26),(1536,58,19),(1537,533,20),(1537,574,26),(1537,608,38),(1538,100,41),(1539,270,28),(1539,750,14),(1539,966,37),(1540,198,37),(1540,250,18),(1541,25,2),(1541,66,29),(1541,298,29),(1542,742,33),(1542,885,25),(1544,115,15),(1544,870,36),(1545,518,32),(1546,160,30),(1546,851,18),(1547,95,36),(1547,693,31),(1548,69,1),(1548,782,21),(1549,139,32),(1549,518,46),(1550,243,37),(1551,750,11),(1552,27,1),(1552,83,37),(1552,395,47),(1552,857,15),(1552,986,13),(1553,836,45),(1554,346,31),(1554,514,37),(1554,926,17),(1555,743,40),(1556,742,5),(1556,940,45),(1557,48,23),(1557,175,34),(1558,63,35),(1558,890,35),(1559,882,9),(1559,900,9),(1560,589,48),(1561,449,35),(1562,183,8),(1563,265,8),(1563,430,45),(1564,673,4),(1565,285,44),(1565,555,48),(1565,789,25),(1566,561,9),(1566,568,40),(1567,43,5),(1568,612,44),(1568,738,41),(1569,608,40),(1569,732,10),(1570,255,27),(1570,515,5),(1570,593,17),(1570,762,38),(1570,988,14),(1571,753,16),(1571,795,33),(1571,841,35),(1572,513,19),(1572,659,13),(1573,84,30),(1573,363,20),(1574,41,37),(1574,786,39),(1575,89,7),(1575,947,47),(1576,333,5),(1576,521,43),(1576,732,27),(1576,800,48),(1576,965,33),(1577,114,27),(1577,832,31),(1578,528,41),(1579,870,45),(1580,18,17),(1580,916,12),(1581,57,38),(1581,744,37),(1582,872,30),(1583,697,41),(1583,999,30),(1584,811,6),(1584,996,27),(1585,470,22),(1585,558,3),(1585,599,19),(1586,52,25),(1586,334,20),(1586,440,30),(1586,574,32),(1588,247,29),(1588,349,11),(1588,846,39),(1588,998,13),(1589,262,24),(1589,316,39),(1589,697,1),(1590,243,13),(1591,200,40),(1591,397,4),(1592,439,50),(1592,565,3),(1593,31,47),(1593,113,19),(1593,143,33),(1594,63,13),(1594,736,10),(1594,934,42),(1596,150,8),(1596,598,47),(1596,650,49),(1596,768,34),(1596,852,49),(1597,214,46),(1597,621,22),(1597,983,38),(1598,243,39),(1598,281,15),(1599,541,41),(1599,708,18),(1602,452,29),(1602,833,36),(1603,187,4),(1604,336,42),(1604,548,24),(1605,918,9),(1606,577,25),(1606,760,40),(1606,995,6),(1607,214,2),(1607,581,47),(1608,420,15),(1609,36,32),(1609,792,45),(1609,995,1),(1610,4,26),(1610,412,19),(1610,482,49),(1610,506,7),(1610,510,14),(1611,206,10),(1611,455,28),(1612,192,24),(1612,995,6),(1612,997,14),(1613,513,25),(1613,805,2),(1614,640,23),(1615,7,48),(1615,120,12),(1615,327,13),(1616,113,47),(1616,239,41),(1616,316,31),(1616,807,1),(1616,825,42),(1617,678,45),(1617,928,23),(1617,964,30),(1618,766,23),(1618,890,26),(1619,617,14),(1619,990,27),(1621,343,1),(1621,401,23),(1621,887,23),(1622,744,35),(1623,19,20),(1625,285,8),(1625,366,29),(1625,627,6),(1625,909,49),(1626,117,15),(1626,267,49),(1626,430,36),(1627,88,15),(1627,487,14),(1628,815,40),(1629,222,15),(1629,233,16),(1629,285,31),(1629,375,21),(1629,765,19),(1630,399,22),(1631,281,18),(1631,536,14),(1632,475,46),(1632,688,43),(1632,891,9),(1633,5,28),(1635,300,49),(1635,893,28),(1636,97,40),(1636,205,48),(1638,22,30),(1638,352,21),(1638,821,44),(1639,56,18),(1639,191,27),(1639,344,6),(1639,461,45),(1640,94,42),(1640,329,32),(1640,549,28),(1642,128,6),(1642,383,3),(1642,799,32),(1642,975,37),(1642,984,38),(1643,437,18),(1643,893,18),(1644,820,45),(1645,14,30),(1645,326,13),(1645,689,19),(1645,793,45),(1645,924,12),(1646,182,13),(1646,204,9),(1646,405,30),(1646,882,26),(1647,484,38),(1647,513,43),(1649,250,30),(1649,293,5),(1649,352,13),(1649,356,18),(1649,561,47),(1649,669,22),(1650,720,14),(1652,115,23),(1652,162,48),(1652,361,31),(1652,574,28),(1652,963,47),(1653,43,25),(1653,161,38),(1654,291,6),(1655,86,20),(1655,132,9),(1655,280,21),(1655,430,3),(1655,532,43),(1655,879,35),(1656,337,13),(1656,520,9),(1657,243,37),(1657,641,46),(1658,8,23),(1661,253,39),(1662,744,45),(1663,567,37),(1664,276,13),(1665,244,41),(1666,656,45),(1666,668,9),(1667,83,25),(1667,503,50),(1668,677,41),(1669,486,12),(1669,494,44),(1670,44,29),(1671,175,4),(1671,503,14),(1671,688,40),(1672,315,23),(1672,479,34),(1672,775,7),(1672,888,36),(1673,507,24),(1674,81,5),(1675,368,8),(1675,614,5),(1676,840,14),(1676,993,7),(1677,98,5),(1678,52,12),(1678,447,32),(1678,638,31),(1679,334,36),(1679,549,44),(1679,568,21),(1679,823,48),(1679,878,11),(1679,917,34),(1680,51,15),(1680,410,14),(1680,799,21),(1681,792,43),(1682,40,47),(1683,186,26),(1683,333,25),(1683,381,33),(1684,299,30),(1684,382,28),(1685,2,3),(1685,473,15),(1685,600,19),(1686,541,20),(1686,777,6),(1687,950,42),(1688,438,17),(1688,540,24),(1688,924,26),(1691,317,38),(1692,4,13),(1692,312,9),(1692,885,22),(1692,973,44),(1693,333,15),(1693,592,18),(1693,635,48),(1694,464,15),(1694,544,27),(1694,736,34),(1695,839,2),(1696,482,18),(1697,421,40),(1698,209,44),(1698,546,23),(1699,398,30),(1699,453,4),(1699,769,24),(1700,683,7),(1701,3,32),(1701,427,15),(1701,519,3),(1701,590,33),(1702,24,2),(1702,656,46),(1703,67,11),(1703,792,27),(1704,518,7),(1704,733,34),(1705,339,31),(1705,778,35),(1706,36,12),(1706,893,45),(1709,534,19),(1709,690,22),(1710,208,47),(1710,876,34),(1711,975,6),(1713,28,5),(1713,561,2),(1713,721,47),(1714,51,7),(1714,52,12),(1715,42,30),(1715,788,31),(1715,841,8),(1716,348,2),(1716,603,2),(1717,291,28),(1717,603,10),(1718,333,24),(1718,813,11),(1719,64,1),(1719,375,30),(1719,978,4),(1720,43,15),(1720,581,26),(1721,10,19),(1722,922,5),(1722,926,29),(1722,965,6),(1723,440,50),(1723,707,7),(1723,975,26),(1724,939,1),(1726,287,36),(1729,131,42),(1729,172,3),(1729,955,50),(1730,344,37),(1730,535,25),(1730,943,44),(1731,166,48),(1731,597,5),(1732,590,39),(1732,608,9),(1732,811,9),(1735,44,3),(1735,83,23),(1735,713,39),(1736,124,45),(1736,397,8),(1736,597,44),(1737,771,31),(1738,172,44),(1738,555,23),(1738,736,35),(1740,852,31),(1741,292,19),(1742,181,20),(1742,200,30),(1743,38,34),(1743,302,39),(1743,960,39),(1743,996,25),(1744,283,13),(1744,447,50),(1744,768,22),(1745,118,43),(1745,337,18),(1746,50,4),(1746,271,34),(1746,276,6),(1748,314,9),(1749,242,3),(1749,381,6),(1750,573,45),(1750,897,38),(1751,234,19),(1751,596,44),(1752,479,28),(1752,947,10),(1753,699,8),(1754,111,1),(1754,624,4),(1754,730,38),(1755,207,38),(1756,613,36),(1757,803,36),(1757,813,16),(1758,391,37),(1758,877,41),(1758,953,10),(1759,585,43),(1760,173,36),(1760,188,16),(1760,367,14),(1761,103,11),(1762,59,41),(1762,212,5),(1764,282,10),(1764,390,24),(1765,53,6),(1765,334,38),(1765,929,23),(1765,997,10),(1766,575,13),(1767,66,2),(1767,700,46),(1767,811,28),(1768,15,44),(1768,745,37),(1769,354,29),(1770,730,26),(1771,328,35),(1772,400,11),(1773,5,15),(1773,327,3),(1773,968,2),(1774,369,29),(1775,198,32),(1775,387,11),(1775,786,4),(1776,643,17),(1776,883,43),(1777,120,7),(1777,383,19),(1777,613,40),(1777,806,20),(1778,69,29),(1778,78,10),(1778,355,48),(1778,800,19),(1779,85,3),(1779,233,41),(1780,91,31),(1780,154,40),(1781,321,44),(1781,688,49),(1781,719,1),(1781,764,17),(1781,961,18),(1782,144,8),(1782,745,7),(1782,828,17),(1785,357,12),(1785,362,28),(1785,411,1),(1785,713,19),(1787,375,32),(1787,482,15),(1787,869,22),(1789,59,14),(1789,356,15),(1791,626,32),(1792,869,42),(1793,14,36),(1793,329,1),(1794,34,39),(1794,132,15),(1794,543,22),(1794,611,31),(1794,619,16),(1795,26,35),(1795,988,16),(1796,576,6),(1798,299,18),(1798,477,4),(1799,712,43),(1799,821,44),(1800,88,16),(1800,409,32),(1800,596,24),(1800,1000,34),(1801,357,50),(1801,829,7),(1801,831,48),(1802,489,6),(1803,142,48),(1803,144,22),(1803,539,42),(1804,539,26),(1805,139,7),(1805,214,2),(1807,12,48),(1809,476,47),(1809,792,12),(1810,253,40),(1810,480,25),(1811,400,13),(1812,291,17),(1812,305,6),(1813,436,31),(1814,459,36),(1814,920,27),(1815,892,18),(1816,694,12),(1817,27,27),(1817,310,33),(1817,536,1),(1818,20,33),(1818,903,17),(1820,355,27),(1822,506,37),(1823,646,25),(1823,666,47),(1823,892,18),(1824,171,49),(1825,969,37),(1826,62,23),(1826,257,36),(1826,949,42),(1827,158,12),(1827,942,20),(1829,518,6),(1830,517,19),(1830,737,10),(1830,856,36),(1832,103,26),(1832,157,10),(1832,240,42),(1832,703,48),(1832,798,34),(1833,275,21),(1833,560,24),(1834,112,40),(1834,350,40),(1834,909,7),(1835,301,35),(1835,641,46),(1836,651,25),(1837,602,49),(1837,879,46),(1838,76,24),(1838,400,39),(1838,438,38),(1838,527,43),(1838,620,36),(1839,140,23),(1839,212,49),(1839,277,4),(1839,667,33),(1839,853,14),(1840,4,31),(1841,247,12),(1841,903,47),(1842,30,24),(1842,342,50),(1842,692,17),(1843,321,49),(1843,864,7),(1844,335,47),(1844,634,4),(1844,834,44),(1844,966,5),(1845,165,8),(1845,372,46),(1845,389,23),(1846,117,50),(1846,530,36),(1846,839,25),(1847,539,27),(1847,554,13),(1847,716,4),(1847,763,5),(1848,602,16),(1848,836,37),(1850,303,40),(1850,580,48),(1851,135,31),(1851,181,36),(1851,269,25),(1851,901,44),(1852,114,7),(1853,210,40),(1853,304,34),(1853,566,6),(1854,750,48),(1855,322,39),(1855,357,36),(1855,422,27),(1856,210,44),(1856,332,11),(1856,692,46),(1856,757,10),(1857,345,39),(1858,153,29),(1859,93,48),(1859,615,19),(1861,981,15),(1862,276,10),(1862,327,31),(1862,646,20),(1862,798,14),(1863,187,24),(1863,235,50),(1863,305,12),(1863,406,14),(1863,938,29),(1864,42,20),(1864,647,39),(1865,601,36),(1866,675,6),(1866,808,29),(1867,175,13),(1867,190,33),(1867,618,13),(1867,637,37),(1868,813,13),(1868,897,28),(1869,88,23),(1869,559,7),(1869,607,50),(1869,754,9),(1870,634,35),(1871,650,47),(1872,361,22),(1872,872,26),(1873,927,36),(1873,946,25),(1874,771,31),(1874,862,21),(1874,868,15),(1875,305,32),(1876,150,27),(1876,939,7),(1877,795,35),(1878,203,44),(1878,298,19),(1879,143,27),(1879,341,28),(1880,213,3),(1880,553,5),(1880,727,28),(1881,496,1),(1882,252,43),(1883,18,16),(1883,618,25),(1883,704,6),(1884,335,15),(1884,609,7),(1884,641,2),(1885,223,49),(1885,499,21),(1885,697,14),(1885,970,43),(1886,154,3),(1886,499,3),(1887,212,10),(1887,719,7),(1888,233,42),(1888,592,32),(1892,533,50),(1893,463,47),(1894,152,43),(1894,356,1),(1894,774,36),(1894,969,50),(1895,294,10),(1895,905,48),(1896,308,20),(1896,701,49),(1896,990,32),(1897,143,34),(1897,532,16),(1897,674,17),(1898,637,19),(1898,773,21),(1899,200,43),(1899,248,35),(1899,300,20),(1899,984,7),(1900,518,11),(1901,518,20),(1901,644,37),(1902,579,46),(1903,84,11),(1904,300,32),(1904,678,3),(1905,210,4),(1905,754,1),(1906,589,34),(1907,394,42),(1908,555,44),(1908,898,35),(1909,231,30),(1909,922,15),(1910,225,11),(1911,19,47),(1911,278,49),(1911,457,19),(1913,270,42),(1913,317,28),(1913,334,11),(1913,346,31),(1915,135,23),(1915,160,23),(1915,408,5),(1915,947,23),(1916,236,10),(1916,410,30),(1916,738,43),(1916,787,47),(1916,879,50),(1917,771,46),(1918,130,49),(1918,424,10),(1918,475,12),(1918,589,7),(1919,192,22),(1919,584,31),(1920,239,1),(1920,876,32),(1921,210,14),(1921,250,40),(1922,790,28),(1922,853,8),(1923,805,31),(1924,532,28),(1925,312,35),(1925,383,18),(1925,597,42),(1926,202,46),(1926,329,13),(1926,486,17),(1926,727,33),(1927,340,27),(1927,536,9),(1927,649,41),(1928,156,18),(1928,604,37),(1928,890,18),(1929,261,39),(1929,618,17),(1929,995,5),(1930,588,36),(1930,594,6),(1931,242,4),(1932,227,35),(1932,323,36),(1932,514,44),(1933,193,36),(1933,557,22),(1933,654,44),(1933,687,37),(1933,827,5),(1933,977,31),(1936,155,39),(1936,313,49),(1936,587,33),(1936,645,37),(1936,921,13),(1938,292,20),(1939,650,3),(1941,25,9),(1942,331,38),(1942,777,11),(1943,4,25),(1943,295,19),(1944,670,25),(1944,686,5),(1944,988,2),(1945,948,31),(1946,615,5),(1946,632,10),(1947,141,49),(1947,543,9),(1947,678,30),(1947,695,42),(1948,609,10),(1948,802,7),(1949,965,32),(1950,231,12),(1951,48,15),(1951,237,41),(1951,416,27),(1951,516,27),(1952,257,41),(1952,747,25),(1953,552,11),(1955,134,23),(1955,977,20),(1956,204,13),(1956,966,2),(1958,814,43),(1959,360,20),(1959,402,16),(1959,739,13),(1960,61,7),(1960,322,5),(1960,498,13),(1961,290,26),(1961,633,14),(1961,849,20),(1962,38,33),(1963,202,43),(1963,225,22),(1964,379,35),(1964,992,23),(1965,206,20),(1965,370,27),(1965,504,42),(1965,545,12),(1966,501,43),(1966,597,20),(1966,744,42),(1966,815,22),(1967,161,22),(1970,460,22),(1971,603,22),(1971,605,21),(1971,901,6),(1972,219,22),(1973,68,41),(1973,403,42),(1974,768,19),(1974,769,33),(1976,470,19),(1976,634,17),(1977,840,16),(1978,634,15),(1978,811,28),(1979,443,44),(1979,460,30),(1979,533,30),(1980,345,50),(1981,1,11),(1981,413,47),(1981,463,36),(1981,816,34),(1982,747,38),(1983,333,34),(1984,983,46),(1985,545,26),(1986,88,38),(1986,226,9),(1986,899,1),(1987,905,15),(1988,603,28),(1989,34,12),(1989,226,5),(1989,425,24),(1989,472,16),(1989,835,6),(1991,56,23),(1991,203,47),(1991,344,48),(1991,988,34),(1992,271,6),(1992,885,10),(1993,383,11),(1993,425,21),(1993,847,29),(1994,250,33),(1994,439,16),(1995,195,41),(1996,54,32),(1996,739,50),(1996,926,39),(1997,465,14),(1997,555,37),(1997,603,7),(1997,614,6),(1997,703,43),(1997,934,17),(1998,189,23),(1998,831,12),(1999,441,39),(1999,648,49),(1999,727,45),(1999,861,30),(2000,450,33),(2001,34,43),(2001,269,13),(2001,362,32),(2001,393,27),(2003,246,44),(2003,951,36),(2004,151,36),(2004,596,23),(2005,194,23),(2005,575,8),(2005,861,23),(2006,6,16),(2007,361,34),(2008,341,29),(2008,943,49),(2011,126,24),(2011,128,49),(2011,292,35),(2011,604,33),(2011,704,36),(2012,30,16),(2012,924,37),(2013,443,28),(2014,796,21),(2015,505,3),(2015,829,2),(2016,633,18),(2017,883,20),(2018,102,19),(2018,503,33),(2018,649,14),(2020,461,6),(2021,36,42),(2022,669,26),(2022,892,38),(2023,818,26),(2024,221,25),(2024,333,40),(2025,42,16),(2025,575,45),(2026,67,36),(2026,107,42),(2026,270,23),(2026,420,13),(2027,124,27),(2027,469,14),(2027,641,28),(2028,160,10),(2028,199,5),(2028,640,46),(2029,892,28),(2030,221,15),(2030,677,17),(2030,806,9),(2030,855,21),(2031,312,19),(2031,476,18),(2031,795,9),(2032,149,50),(2032,330,6),(2032,590,10),(2032,815,21),(2033,179,44),(2033,641,40),(2033,846,2),(2034,322,49),(2034,351,10),(2034,418,42),(2034,425,49),(2035,274,12),(2035,305,28),(2035,591,49),(2036,427,1),(2036,604,50),(2037,205,8),(2037,275,17),(2037,621,30),(2038,35,33),(2038,408,27),(2038,460,38),(2038,897,34),(2038,963,39),(2039,633,48),(2039,687,36),(2039,721,27),(2040,367,26),(2040,411,32),(2040,491,44),(2041,418,25),(2041,576,45),(2041,588,43),(2041,921,16),(2042,694,5),(2042,700,32),(2044,292,20),(2044,348,50),(2044,792,12),(2044,799,37),(2045,176,37),(2045,425,50),(2045,745,8),(2046,104,14),(2046,422,24),(2046,475,43),(2046,521,1),(2047,5,2),(2048,270,17),(2048,296,29),(2048,744,41),(2050,639,26),(2050,883,41),(2051,311,6),(2051,960,48),(2052,629,47),(2054,30,33),(2054,219,43),(2055,667,26),(2056,111,20),(2056,293,13),(2056,416,33),(2057,229,40),(2057,287,40),(2057,947,28),(2058,76,49),(2058,782,21),(2059,131,7),(2059,464,4),(2059,487,14),(2059,703,22),(2060,59,26),(2060,969,37),(2061,638,34),(2063,329,26),(2063,366,9),(2064,454,8),(2065,66,2),(2065,149,7),(2065,332,28),(2065,618,11),(2066,401,16),(2066,757,13),(2068,121,48),(2068,854,48),(2069,764,23),(2069,816,29),(2070,792,11),(2071,19,7),(2071,814,21),(2072,527,10),(2072,645,27),(2072,646,28),(2073,736,16),(2073,951,17),(2074,452,35),(2075,415,47),(2075,439,17),(2075,802,15),(2076,246,42),(2077,784,10),(2077,978,29),(2078,752,31),(2078,855,49),(2080,745,30),(2080,812,14),(2080,879,31),(2081,880,33),(2082,196,16),(2082,349,38),(2082,407,22),(2082,804,29),(2083,60,29),(2083,445,18),(2083,707,20),(2084,180,36),(2084,307,32),(2084,588,24),(2084,720,16),(2084,919,21),(2084,946,22),(2084,974,31),(2085,64,27),(2085,145,47),(2085,789,20),(2085,936,13),(2087,150,33),(2087,514,49),(2087,702,14),(2088,144,28),(2088,514,8),(2090,413,11),(2090,414,14),(2091,150,42),(2092,52,45),(2092,887,39),(2093,202,17),(2093,749,15),(2094,954,10),(2095,968,7),(2096,242,34),(2097,716,15),(2097,843,33),(2098,171,22),(2100,365,19),(2101,18,13),(2102,161,47),(2102,516,38),(2103,52,4),(2103,121,33),(2103,520,32),(2105,97,6),(2105,118,25),(2105,633,17),(2106,191,23),(2106,234,1),(2107,432,9),(2107,702,19),(2108,116,16),(2108,369,7),(2108,461,6),(2109,12,20),(2109,498,46),(2109,947,7),(2110,407,20),(2110,415,29),(2110,854,14),(2112,65,15),(2112,410,9),(2113,90,17),(2113,606,8),(2114,197,6),(2114,678,10),(2114,820,6),(2114,960,5),(2116,372,33),(2118,32,20),(2118,150,26),(2118,316,15),(2118,404,49),(2118,616,49),(2119,300,10),(2120,32,25),(2121,697,36),(2122,304,6),(2122,599,36),(2122,793,50),(2123,217,45),(2123,305,38),(2123,623,12),(2123,632,38),(2125,134,45),(2125,565,12),(2127,34,42),(2127,46,31),(2128,223,33),(2128,908,41),(2129,771,25),(2130,153,18),(2130,248,42),(2131,381,27),(2132,223,24),(2132,258,44),(2132,1000,20),(2133,288,34),(2134,291,5),(2135,146,45),(2135,882,20),(2136,92,17),(2136,770,34),(2138,358,6),(2138,553,49),(2139,27,7),(2139,897,12),(2139,918,45),(2141,5,11),(2141,755,29),(2142,549,43),(2143,677,10),(2145,1,39),(2145,555,22),(2146,148,44),(2147,461,27),(2148,247,38),(2148,506,33),(2148,688,11),(2149,889,40),(2149,922,1),(2149,969,5),(2151,59,33),(2151,100,47),(2152,584,41),(2154,639,16),(2154,838,17),(2155,534,47),(2155,752,26),(2156,306,10),(2157,253,39),(2157,435,34),(2157,646,27),(2157,779,27),(2158,124,37),(2158,342,24),(2158,449,29),(2159,668,50),(2160,262,35),(2160,318,47),(2160,372,2),(2160,692,24),(2160,761,37),(2160,839,7),(2160,971,19),(2161,352,25),(2161,939,37),(2162,435,28),(2163,209,32),(2163,453,41),(2164,175,44),(2164,234,2),(2164,910,34),(2165,580,12),(2165,994,8),(2166,250,6),(2166,252,35),(2166,349,15),(2166,403,36),(2166,633,41),(2166,929,5),(2168,371,6),(2168,508,37),(2168,683,7),(2170,846,37),(2171,217,15),(2171,243,30),(2172,38,13),(2172,216,44),(2172,620,8),(2173,994,39),(2174,296,16),(2175,24,37),(2175,567,35),(2175,589,32),(2175,659,36),(2175,751,49),(2176,3,35),(2176,282,34),(2176,313,4),(2176,861,37),(2178,619,15),(2178,938,2),(2179,2,28),(2179,461,42),(2179,524,36),(2180,576,37),(2181,845,48),(2182,416,47),(2183,74,27),(2183,132,42),(2184,34,45),(2184,107,29),(2184,117,16),(2184,139,16),(2186,641,50),(2187,246,34),(2187,290,43),(2187,545,36),(2187,914,12),(2188,36,20),(2188,90,4),(2188,209,13),(2188,546,22),(2188,790,25),(2189,849,44),(2190,26,38),(2190,216,10),(2190,707,45),(2192,922,13),(2193,56,24),(2193,671,39),(2193,852,26),(2193,884,47),(2194,11,13),(2194,213,10),(2194,531,28),(2194,729,8),(2195,491,40),(2195,715,40),(2196,9,16),(2196,287,17),(2197,93,13),(2197,109,10),(2197,127,20),(2197,831,29),(2198,412,35),(2198,636,23),(2198,740,27),(2198,771,11),(2199,166,36),(2200,124,10),(2201,73,47),(2201,697,33),(2202,635,23),(2203,225,31),(2204,538,12),(2204,670,23),(2205,206,19),(2205,648,42),(2205,886,18),(2206,489,11),(2207,128,39),(2208,990,30),(2209,236,18),(2209,830,31),(2210,737,40),(2211,668,36),(2212,918,7),(2213,198,6),(2213,285,43),(2215,650,23),(2216,196,41),(2216,554,39),(2216,842,12),(2217,481,41),(2218,499,39),(2218,846,5),(2219,585,40),(2220,203,30),(2220,401,41),(2220,427,27),(2221,210,19),(2221,982,45),(2222,441,7),(2222,670,12),(2222,710,46),(2222,881,7),(2223,126,41),(2224,84,43),(2224,99,26),(2224,211,42),(2225,716,23),(2226,79,16),(2227,384,39),(2228,113,38),(2229,95,23),(2229,152,24),(2229,622,19),(2230,479,27),(2230,750,5),(2231,113,1),(2231,177,49),(2231,188,47),(2231,787,28),(2232,352,2),(2232,594,42),(2232,599,37),(2233,233,42),(2233,672,32),(2234,881,18),(2234,955,39),(2236,539,14),(2236,737,49),(2237,76,50),(2237,320,37),(2237,538,11),(2237,765,49),(2238,23,8),(2238,36,13),(2238,200,14),(2238,679,8),(2239,562,23),(2239,952,5),(2240,337,47),(2240,592,17),(2241,254,27),(2243,608,17),(2243,851,49),(2243,871,24),(2244,143,5),(2244,585,20),(2244,761,8),(2244,875,50),(2245,703,6),(2246,243,38),(2246,646,50),(2247,448,17),(2247,748,11),(2247,877,17),(2248,33,32),(2249,814,24),(2251,298,36),(2251,344,21),(2252,540,10),(2254,265,16),(2255,51,48),(2255,74,46),(2255,238,19),(2255,290,2),(2255,609,29),(2256,139,23),(2256,640,25),(2257,537,48),(2257,859,21),(2258,398,35),(2258,414,35),(2258,542,25),(2258,562,20),(2258,866,47),(2259,769,7),(2259,912,35),(2264,80,30),(2264,571,32),(2265,437,3),(2265,636,11),(2266,520,44),(2266,698,26),(2267,556,20),(2268,664,41),(2269,10,19),(2269,834,24),(2270,313,8),(2270,557,17),(2270,979,4),(2270,984,34),(2271,166,9),(2271,257,46),(2271,385,11),(2273,422,23),(2274,23,35),(2275,143,24),(2275,536,31),(2277,22,50),(2277,699,22),(2278,943,6),(2278,966,24),(2279,478,23),(2280,181,49),(2280,309,1),(2280,361,13),(2281,75,24),(2282,98,46),(2282,364,2),(2282,473,31),(2282,601,19),(2282,924,45),(2283,503,38),(2284,499,16),(2285,2,17),(2285,327,26),(2285,389,20),(2285,490,30),(2285,671,21),(2286,22,11),(2286,468,40),(2286,672,44),(2286,890,28),(2287,502,45),(2287,780,50),(2287,966,12),(2289,493,29),(2289,854,20),(2290,959,20),(2292,302,42),(2292,364,28),(2292,817,17),(2293,596,45),(2293,640,8),(2295,252,42),(2296,133,30),(2296,612,17),(2297,322,5),(2297,963,13),(2298,667,36),(2298,859,45),(2300,260,39),(2300,269,6),(2300,470,10),(2300,910,46),(2302,628,20),(2302,719,39),(2303,442,38),(2304,488,29),(2304,969,46),(2305,395,43),(2305,769,6),(2306,11,15),(2306,278,17),(2306,529,33),(2306,621,47),(2307,174,36),(2307,526,30),(2307,679,47),(2309,215,36),(2309,881,9),(2311,203,12),(2311,297,3),(2311,395,38),(2312,714,30),(2312,784,37),(2313,218,5),(2313,600,12),(2314,630,14),(2315,432,35),(2316,169,1),(2316,332,43),(2316,393,2),(2316,452,25),(2317,360,31),(2317,481,24),(2317,665,47),(2317,878,22),(2317,972,38),(2318,253,37),(2318,439,50),(2318,653,29),(2319,195,29),(2319,684,26),(2319,781,1),(2319,816,20),(2321,134,20),(2321,799,49),(2322,409,48),(2322,447,36),(2322,542,49),(2322,544,18),(2323,422,20),(2324,231,50),(2324,314,6),(2324,699,35),(2325,122,18),(2325,653,5),(2325,826,46),(2326,116,24),(2326,698,1),(2326,715,15),(2326,841,49),(2327,131,10),(2328,220,8),(2329,3,21),(2329,103,39),(2329,516,34),(2329,532,25),(2329,574,32),(2329,810,24),(2329,959,7),(2331,308,14),(2331,865,43),(2332,140,35),(2332,404,14),(2333,7,40),(2333,294,1),(2333,703,47),(2333,760,12),(2333,802,13),(2334,31,46),(2335,130,20),(2336,40,8),(2336,348,16),(2336,722,34),(2338,194,33),(2338,262,44),(2338,275,2),(2338,861,19),(2339,49,12),(2339,774,36),(2341,400,39),(2341,462,1),(2342,909,1),(2342,919,26),(2343,319,22),(2343,458,10),(2343,593,45),(2344,361,14),(2345,100,21),(2345,787,11),(2345,874,50),(2346,318,31),(2346,491,12),(2346,723,49),(2348,316,3),(2348,587,45),(2349,69,46),(2349,246,49),(2349,375,28),(2349,854,11),(2350,430,34),(2350,452,45),(2350,633,21),(2350,855,32),(2352,991,13),(2353,146,10),(2353,640,9),(2354,147,7),(2355,534,33),(2355,639,5),(2358,12,27),(2358,359,37),(2358,759,9),(2359,79,19),(2359,991,32),(2360,977,28),(2362,94,4),(2362,213,17),(2362,283,11),(2362,463,3),(2362,990,14),(2363,737,47),(2364,116,9),(2364,336,19),(2366,570,43),(2366,610,24),(2366,882,38),(2367,716,30),(2368,224,49),(2368,349,15),(2368,576,42),(2369,198,48),(2369,252,16),(2370,59,43),(2370,736,27),(2370,994,30),(2371,458,37),(2374,130,16),(2374,352,3),(2374,857,26),(2374,944,33),(2375,537,22),(2376,523,11),(2376,831,29),(2377,707,49),(2378,227,3),(2379,57,3),(2380,54,50),(2380,212,42),(2380,606,23),(2380,625,45),(2380,691,50),(2380,963,8),(2381,843,27),(2382,176,22),(2382,393,19),(2382,481,38),(2382,562,21),(2383,135,45),(2383,235,5),(2383,312,23),(2383,414,24),(2383,821,43),(2384,292,31),(2384,797,40),(2385,214,41),(2385,293,37),(2386,36,1),(2386,386,28),(2388,860,9),(2389,679,27),(2389,795,10),(2389,801,15),(2390,346,24),(2390,641,37),(2392,618,44),(2393,160,12),(2393,170,8),(2393,700,23),(2393,971,4),(2394,121,8),(2396,210,20),(2396,647,41),(2396,909,18),(2396,936,3),(2397,101,3),(2397,280,15),(2398,284,1),(2398,498,45),(2398,727,31),(2399,39,13),(2399,154,39),(2399,392,45),(2400,51,34),(2400,682,7),(2401,9,42),(2401,853,13),(2402,688,43),(2402,996,3),(2403,373,46),(2403,414,44),(2404,112,36),(2404,377,46),(2404,580,19),(2404,786,25),(2407,98,21),(2407,412,2),(2410,234,23),(2410,323,48),(2410,545,23),(2410,745,25),(2411,358,11),(2411,939,31),(2412,724,19),(2412,956,6),(2413,675,6),(2414,267,31),(2414,819,47),(2414,975,42),(2415,237,39),(2415,472,14),(2415,602,43),(2415,937,22),(2416,14,31),(2416,138,45),(2416,758,14),(2418,137,40),(2418,472,20),(2418,575,24),(2419,4,9),(2419,856,11),(2419,923,49),(2420,509,28),(2421,691,47),(2421,846,5),(2421,902,45),(2422,442,48),(2423,81,15),(2424,199,20),(2424,644,16),(2424,702,16),(2425,535,36),(2426,755,35),(2427,302,25),(2427,312,27),(2428,933,15),(2429,202,16),(2429,814,31),(2430,467,50),(2430,552,10),(2431,438,39),(2431,460,25),(2432,902,18),(2432,963,27),(2433,39,38),(2433,337,19),(2433,793,8),(2433,795,45),(2434,181,7),(2434,197,31),(2435,370,27),(2435,427,15),(2435,929,16),(2437,83,40),(2437,525,33),(2437,557,22),(2437,995,46),(2438,51,12),(2438,745,32),(2440,634,13),(2441,104,49),(2441,240,34),(2441,298,20),(2441,555,3),(2443,615,41),(2443,856,2),(2443,1000,3),(2444,576,18),(2445,125,46),(2445,578,31),(2446,254,7),(2448,686,34),(2451,690,21),(2452,753,14),(2452,794,43),(2454,737,44),(2456,834,46),(2457,241,19),(2457,649,14),(2458,68,50),(2458,364,10),(2460,654,1),(2460,851,12),(2461,122,46),(2461,204,9),(2461,675,31),(2462,421,13),(2462,665,3),(2463,74,19),(2463,836,41),(2465,639,36),(2465,774,40),(2465,780,12),(2466,140,2),(2466,210,16),(2466,576,19),(2466,862,28),(2467,296,4),(2468,327,37),(2468,613,22),(2468,959,39),(2469,138,40),(2469,188,10),(2469,588,6),(2470,678,21),(2470,713,34),(2471,258,43),(2471,498,11),(2471,628,11),(2471,787,6),(2472,187,8),(2472,532,31),(2473,33,1),(2473,879,13),(2473,984,15),(2474,397,34),(2474,904,5),(2475,33,26),(2476,121,43),(2476,415,19),(2476,673,17),(2477,290,24),(2477,734,23),(2477,796,1),(2478,641,43),(2479,365,5),(2479,834,29),(2480,790,28),(2480,996,31),(2481,777,14),(2481,779,11),(2481,788,35),(2482,145,3),(2483,574,25),(2485,274,3),(2485,391,18),(2485,663,19),(2486,28,29),(2486,182,49),(2486,647,20),(2487,363,28),(2487,857,15),(2487,990,38),(2488,987,5),(2489,645,36),(2489,663,18),(2489,793,33),(2490,102,45),(2490,171,18),(2490,221,42),(2490,918,39),(2491,224,19),(2491,236,9),(2491,380,15),(2491,707,5),(2491,727,46),(2493,96,46),(2493,527,22),(2493,641,1),(2493,804,25),(2494,469,34),(2494,495,25),(2494,824,21),(2495,196,8),(2495,292,44),(2495,674,33),(2496,271,20),(2496,691,37),(2496,740,23),(2496,917,5),(2497,357,34),(2497,398,1),(2497,504,48),(2498,442,4),(2498,629,33),(2498,730,40),(2498,897,6),(2500,24,15),(2500,715,29),(2501,482,9),(2502,171,10),(2502,182,8),(2502,288,20),(2502,492,17),(2503,766,3),(2503,871,47),(2504,234,48),(2504,745,1),(2504,775,20),(2504,818,18),(2505,135,46),(2505,734,4),(2506,847,21),(2507,330,1),(2507,985,48),(2508,487,32),(2509,141,11),(2509,152,48),(2510,97,10),(2510,611,45),(2511,43,24),(2511,177,18),(2511,928,34),(2512,197,38),(2512,509,41),(2512,883,31),(2513,994,27),(2514,529,8),(2515,333,15),(2516,49,26),(2516,103,3),(2516,403,21),(2517,250,19),(2517,356,20),(2517,731,45),(2518,721,17),(2519,93,32),(2520,330,16),(2521,777,34),(2522,588,29),(2523,360,17),(2524,911,29),(2524,945,48),(2525,812,31),(2525,859,28),(2525,969,2),(2527,317,49),(2527,639,40),(2527,777,4),(2527,931,33),(2529,604,6),(2531,583,39),(2531,847,34),(2532,342,37),(2533,218,21),(2533,477,40),(2534,400,30),(2534,738,21),(2534,752,13),(2536,439,21),(2536,455,20),(2536,562,14),(2538,952,34),(2538,983,5),(2539,33,3),(2539,308,20),(2539,912,29),(2539,938,29),(2540,940,13),(2541,685,24),(2544,498,12),(2545,462,10),(2545,494,42),(2545,506,1),(2545,899,11),(2546,47,14),(2546,377,28),(2546,689,34),(2548,275,1),(2549,389,30),(2549,934,42),(2550,148,35),(2550,933,32),(2551,231,37),(2551,678,40),(2551,962,22),(2552,7,11),(2552,681,15),(2553,321,1),(2554,404,11),(2554,768,26),(2555,112,5),(2555,249,39),(2555,458,21),(2556,144,24),(2556,361,28),(2556,431,22),(2556,474,46),(2556,848,21),(2556,895,37),(2557,651,36),(2560,220,15),(2560,309,12),(2561,578,25),(2562,110,46),(2562,371,28),(2562,981,44),(2564,538,1),(2565,738,24),(2565,814,21),(2566,48,10),(2566,64,18),(2566,903,25),(2567,27,31),(2567,411,25),(2567,425,32),(2568,43,26),(2568,591,29),(2568,924,16),(2568,965,48),(2569,128,27),(2570,209,8),(2572,29,10),(2572,685,47),(2572,718,30),(2572,739,21),(2574,172,39),(2576,334,12),(2576,393,47),(2576,461,14),(2576,536,35),(2576,747,19),(2578,948,31),(2579,546,11),(2579,745,45),(2579,872,35),(2580,118,12),(2580,347,36),(2580,577,22),(2580,748,50),(2581,454,15),(2582,485,36),(2582,562,44),(2582,640,17),(2582,966,28),(2583,248,26),(2583,359,39),(2584,119,13),(2584,801,50),(2584,864,30),(2585,213,46),(2585,303,9),(2585,520,42),(2585,563,8),(2585,646,8),(2586,40,28),(2586,330,36),(2587,623,47),(2587,627,12),(2588,87,25),(2589,302,30),(2589,719,49),(2590,390,26),(2591,209,50),(2591,286,29),(2592,873,19),(2594,191,40),(2594,614,1),(2595,419,34),(2595,932,7),(2596,547,16),(2597,261,32),(2597,382,4),(2597,705,39),(2597,835,9),(2598,422,38),(2598,664,41),(2598,790,13),(2599,61,45),(2599,111,11),(2599,224,50),(2599,862,44),(2601,712,37),(2601,801,20),(2602,972,25),(2603,248,35),(2603,413,41),(2603,958,21),(2605,321,1),(2605,329,46),(2605,437,26),(2605,678,15),(2606,9,36),(2606,71,15),(2606,150,16),(2606,462,33),(2607,92,9),(2607,537,35),(2607,997,44),(2610,216,45),(2610,310,45),(2611,638,24),(2611,945,45),(2612,361,28),(2613,168,21),(2613,405,46),(2614,322,15),(2614,611,45),(2615,683,30),(2615,740,45),(2615,817,46),(2615,943,5),(2616,53,26),(2616,286,5),(2617,230,8),(2617,232,21),(2617,428,16),(2618,676,3),(2618,810,10),(2619,277,5),(2619,864,50),(2620,289,20),(2620,397,3),(2621,243,10),(2621,302,23),(2621,874,49),(2622,633,50),(2622,643,42),(2622,832,13),(2623,222,21),(2624,100,24),(2625,267,28),(2626,351,32),(2626,437,15),(2626,995,41),(2627,578,23),(2628,713,44),(2628,953,23),(2628,964,23),(2629,767,2),(2629,824,24),(2629,890,2),(2630,248,8),(2630,987,48),(2631,587,2),(2632,656,38),(2632,680,42),(2633,104,3),(2635,482,3),(2635,641,34),(2636,193,41),(2636,611,44),(2637,521,3),(2637,589,3),(2637,810,45),(2638,113,9),(2638,120,18),(2638,344,27),(2638,368,23),(2638,550,46),(2639,308,29),(2639,775,35),(2641,455,32),(2642,121,23),(2642,848,48),(2642,852,4),(2643,836,30),(2644,969,44),(2645,98,31),(2645,330,24),(2645,671,5),(2645,740,23),(2645,804,14),(2646,311,22),(2647,5,9),(2647,311,8),(2647,414,15),(2647,445,43),(2648,928,49),(2649,259,5),(2649,320,2),(2649,474,2),(2650,97,1),(2652,326,12),(2652,371,50),(2652,789,2),(2652,943,8),(2653,155,21),(2653,628,28),(2653,922,34),(2654,428,17),(2655,250,16),(2655,288,32),(2655,683,17),(2655,940,25),(2656,93,47),(2656,355,10),(2656,833,2),(2656,914,38),(2657,200,35),(2658,614,31),(2658,730,50),(2658,836,2),(2659,114,38),(2660,208,18),(2660,261,4),(2660,380,29),(2661,85,13),(2661,165,24),(2661,597,15),(2661,680,48),(2662,717,22),(2664,105,18),(2664,112,26),(2664,427,11),(2665,777,38),(2666,12,11),(2666,870,6),(2667,727,29),(2668,648,21),(2669,236,36),(2669,667,35),(2669,782,26),(2669,893,42),(2670,524,19),(2671,460,30),(2671,614,21),(2672,105,45),(2673,60,32),(2674,7,29),(2675,145,26),(2675,470,10),(2676,407,34),(2677,256,2),(2677,625,42),(2677,673,35),(2678,45,15),(2678,153,15),(2678,319,37),(2678,343,34),(2678,583,34),(2678,743,49),(2679,225,13),(2679,626,6),(2679,837,35),(2679,933,40),(2680,27,8),(2681,451,31),(2682,57,49),(2682,382,50),(2682,905,16),(2683,515,37),(2683,620,5),(2684,182,8),(2684,215,2),(2684,911,47),(2688,472,18),(2688,541,21),(2688,660,1),(2690,572,28),(2690,652,1),(2690,728,19),(2690,995,28),(2691,596,46),(2692,398,43),(2692,485,34),(2693,802,3),(2693,938,37),(2694,368,38),(2694,661,24),(2695,73,36),(2695,151,21),(2695,548,30),(2695,903,37),(2697,128,8),(2697,229,33),(2697,320,10),(2697,859,24),(2699,130,5),(2700,388,5),(2700,542,11),(2701,427,24),(2701,578,32),(2701,677,26),(2702,648,34),(2703,99,45),(2703,783,43),(2703,842,10),(2704,278,6),(2704,785,12),(2705,238,44),(2705,419,17),(2705,786,37),(2706,450,34),(2706,584,43),(2707,963,30),(2708,628,44),(2709,20,27),(2709,273,30),(2709,775,49),(2711,318,6),(2711,563,39),(2713,606,13),(2714,148,1),(2714,369,5),(2715,32,15),(2715,281,30),(2715,690,8),(2715,731,47),(2715,751,32),(2715,951,26),(2716,290,25),(2716,414,12),(2716,488,40),(2716,626,44),(2716,777,45),(2716,992,20),(2717,90,42),(2717,767,50),(2718,302,23),(2718,584,49),(2718,597,39),(2718,823,30),(2718,997,30),(2719,549,48),(2719,602,23),(2720,71,44),(2720,234,21),(2721,733,10),(2722,117,2),(2724,107,41),(2724,748,33),(2725,259,8),(2725,370,47),(2726,498,2),(2726,940,43),(2727,642,25),(2727,919,22),(2728,145,8),(2728,456,33),(2728,498,12),(2729,266,9),(2729,731,49),(2730,677,20),(2730,724,6),(2731,392,13),(2731,735,30),(2731,746,36),(2733,420,30),(2734,763,14),(2735,388,28),(2735,909,20),(2736,2,3),(2736,467,21),(2738,133,43),(2738,614,48),(2739,79,49),(2739,114,22),(2739,339,18),(2739,414,14),(2739,428,35),(2739,533,25),(2739,835,45),(2740,708,45),(2741,418,33),(2741,907,26),(2742,284,8),(2743,4,3),(2743,13,10),(2743,171,26),(2743,438,26),(2743,688,16),(2744,86,16),(2744,345,26),(2745,935,10),(2746,297,31),(2746,415,28),(2746,606,14),(2746,858,50),(2747,4,3),(2747,314,19),(2747,436,3),(2747,985,48),(2749,151,37),(2749,211,22),(2749,677,13),(2751,275,11),(2751,646,22),(2752,618,2),(2752,683,1),(2753,83,35),(2753,133,24),(2754,221,46),(2756,573,37),(2756,615,42),(2757,242,40),(2757,739,37),(2757,744,41),(2758,133,1),(2758,303,8),(2758,481,41),(2758,665,32),(2758,743,9),(2759,271,36),(2759,849,49),(2759,945,16),(2760,224,48),(2760,285,49),(2760,779,4),(2760,914,38),(2760,961,39),(2761,573,43),(2762,5,20),(2762,186,7),(2763,78,26),(2763,87,26),(2763,447,36),(2763,936,4),(2764,140,14),(2764,424,18),(2764,677,41),(2764,955,44),(2765,328,24),(2765,345,34),(2765,987,6),(2766,546,14),(2766,614,22),(2766,663,33),(2766,688,21),(2766,810,21),(2767,43,1),(2767,124,37),(2767,434,37),(2767,907,21),(2769,694,21),(2769,975,39),(2770,512,30),(2770,796,28),(2770,832,41),(2770,876,35),(2772,20,22),(2772,217,20),(2772,340,48),(2773,140,7),(2773,399,20),(2773,507,36),(2773,578,15),(2773,715,32),(2773,969,42),(2774,308,37),(2774,905,36),(2775,542,41),(2775,881,24),(2776,165,22),(2776,324,2),(2776,995,40),(2777,407,1),(2778,566,41),(2779,209,10),(2779,547,37),(2779,594,19),(2779,707,36),(2780,312,26),(2781,182,10),(2781,755,20),(2781,843,46),(2782,270,22),(2784,96,49),(2784,278,24),(2784,936,37),(2785,265,36),(2785,538,3),(2786,57,25),(2786,260,23),(2786,731,50),(2787,368,21),(2787,485,43),(2788,3,13),(2788,823,14),(2789,511,50),(2789,580,22),(2789,672,33),(2789,841,25),(2789,843,4),(2790,260,34),(2790,679,25),(2791,641,46),(2792,696,11),(2792,971,32),(2793,857,9),(2793,860,30),(2793,936,48),(2794,131,15),(2794,349,6),(2794,519,49),(2795,338,34),(2795,553,22),(2795,742,29),(2796,683,34),(2797,393,47),(2797,589,17),(2798,22,50),(2798,557,10),(2798,676,7),(2798,861,10),(2799,317,17),(2799,555,9),(2799,881,45),(2799,951,24),(2801,157,45),(2802,53,46),(2802,903,37),(2803,899,27),(2804,804,39),(2805,750,28),(2806,402,32),(2806,584,47),(2806,645,25),(2806,687,45),(2806,756,44),(2807,966,37),(2808,777,32),(2809,502,38),(2809,546,22),(2810,183,19),(2810,333,44),(2810,560,40),(2811,901,25),(2812,840,13),(2813,750,48),(2813,832,42),(2813,937,49),(2814,430,39),(2814,977,19),(2815,66,46),(2815,362,22),(2815,687,2),(2816,82,42),(2816,510,24),(2816,812,5),(2816,860,49),(2817,941,41),(2818,277,27),(2819,186,12),(2819,314,14),(2820,762,8),(2820,915,48),(2821,407,39),(2821,532,11),(2821,933,32),(2821,941,25),(2822,283,2),(2822,455,2),(2822,526,19),(2823,85,7),(2823,908,8),(2824,315,1),(2824,432,25),(2824,443,37),(2824,921,12),(2825,19,4),(2825,178,45),(2825,609,1),(2825,812,47),(2826,11,50),(2828,262,11),(2828,265,11),(2828,542,28),(2828,595,35),(2828,806,18),(2828,815,43),(2829,673,3),(2830,218,20),(2831,160,5),(2831,378,47),(2833,290,46),(2833,409,21),(2833,841,33),(2835,524,3),(2835,715,2),(2836,58,46),(2836,182,26),(2836,213,16),(2836,444,34),(2836,683,15),(2836,811,17),(2836,846,11),(2837,207,43),(2838,462,20),(2838,994,17),(2839,942,48),(2841,365,11),(2842,237,44),(2843,241,30),(2843,825,38),(2843,952,38),(2844,285,16),(2845,258,46),(2845,614,50),(2846,384,11),(2846,524,1),(2846,527,15),(2846,881,4),(2847,25,30),(2847,706,35),(2848,85,8),(2848,381,34),(2848,740,33),(2848,765,30),(2849,811,11),(2849,837,3),(2849,917,36),(2850,424,44),(2851,263,13),(2851,662,40),(2852,29,22),(2852,42,39),(2852,497,17),(2853,115,39),(2854,16,19),(2855,515,18),(2855,550,39),(2856,6,40),(2856,199,6),(2856,889,7),(2856,920,24),(2856,991,47),(2857,19,49),(2857,565,48),(2857,867,4),(2858,142,37),(2858,407,43),(2859,215,29),(2859,466,47),(2861,456,21),(2862,70,20),(2862,567,8),(2862,953,32),(2863,398,42),(2863,572,7),(2863,816,3),(2864,418,45),(2865,298,3),(2865,368,18),(2865,386,24),(2865,859,11),(2865,953,29),(2866,355,48),(2866,393,37),(2866,879,39),(2866,932,26),(2866,988,41),(2867,2,14),(2867,84,38),(2867,146,26),(2867,552,28),(2867,806,45),(2867,961,20),(2869,697,9),(2869,874,50),(2870,157,11),(2870,577,1),(2871,379,41),(2871,453,40),(2871,889,8),(2872,46,13),(2872,92,42),(2872,387,22),(2872,758,31),(2874,726,3),(2875,248,12),(2875,889,26),(2877,107,16),(2877,532,2),(2878,446,40),(2878,509,33),(2879,227,3),(2879,372,38),(2879,481,44),(2879,983,17),(2880,818,48),(2881,15,45),(2881,276,10),(2882,686,25),(2883,299,11),(2884,149,26),(2885,84,13),(2887,583,41),(2888,974,20),(2889,135,40),(2889,289,3),(2889,500,33),(2890,256,34),(2891,558,4),(2891,561,36),(2891,958,40),(2892,226,17),(2892,238,28),(2892,377,16),(2892,626,42),(2894,126,30),(2894,497,15),(2895,46,2),(2895,62,43),(2895,208,4),(2895,961,44),(2896,846,34),(2898,43,33),(2898,489,31),(2898,960,18),(2899,551,44),(2900,69,43),(2900,419,17),(2900,747,33),(2901,296,32),(2901,528,40),(2902,69,5),(2902,321,41),(2903,252,45),(2903,894,38),(2904,401,25),(2905,415,37),(2906,38,15),(2906,97,23),(2906,195,47),(2906,369,38),(2906,375,24),(2906,646,43),(2907,23,35),(2907,792,45),(2909,130,8),(2909,773,41),(2910,376,17),(2910,402,30),(2910,462,22),(2911,220,8),(2911,231,44),(2912,582,48),(2912,940,47),(2913,51,41),(2913,155,22),(2913,377,7),(2913,690,26),(2914,302,29),(2914,681,14),(2915,303,27),(2915,336,23),(2915,625,15),(2916,712,3),(2918,156,3),(2919,373,20),(2920,151,30),(2920,455,23),(2921,573,3),(2922,160,9),(2922,200,19),(2922,847,47),(2924,188,18),(2924,738,50),(2924,937,17),(2925,778,8),(2925,982,16),(2926,235,42),(2926,502,23),(2926,636,47),(2928,931,40),(2929,418,21),(2932,73,25),(2932,791,46),(2933,756,48),(2933,895,36),(2933,975,35),(2934,812,43),(2934,853,43),(2936,395,32),(2936,540,1),(2936,969,20),(2937,872,44),(2937,989,1),(2938,200,44),(2938,819,29),(2939,173,11),(2940,679,27),(2941,27,9),(2941,132,29),(2942,189,3),(2942,342,27),(2942,727,21),(2943,74,31),(2943,232,17),(2943,370,42),(2945,176,9),(2945,359,45),(2945,905,1),(2946,60,28),(2946,98,32),(2946,502,24),(2947,150,20),(2947,319,8),(2947,498,31),(2948,241,4),(2948,295,31),(2949,138,1),(2949,613,28),(2950,509,43),(2951,186,2),(2951,437,15),(2951,448,31),(2952,421,3),(2952,508,27),(2954,563,48),(2955,127,6),(2955,283,1),(2955,399,39),(2956,800,33),(2957,125,47),(2957,871,49),(2958,395,22),(2958,691,21),(2958,874,10),(2959,181,49),(2961,347,12),(2962,485,35),(2962,549,25),(2963,41,46),(2963,811,18),(2965,408,18),(2965,934,28),(2966,627,13),(2966,888,26),(2966,961,44),(2967,343,14),(2967,740,29),(2970,294,39),(2970,895,8),(2971,348,13),(2971,447,13),(2971,570,36),(2972,717,9),(2974,562,12),(2975,599,8),(2977,682,32),(2978,343,7),(2978,466,30),(2978,805,43),(2979,515,50),(2979,808,1),(2980,975,14),(2981,674,2),(2982,203,11),(2982,340,2),(2982,689,17),(2982,739,2),(2983,490,20),(2983,521,49),(2983,684,19),(2983,870,33),(2984,3,7),(2984,8,24),(2984,517,2),(2985,7,34),(2985,760,36),(2986,258,7),(2987,454,21),(2987,509,9),(2988,523,7),(2988,764,16),(2988,857,47),(2989,234,34),(2989,654,47),(2991,451,48),(2992,376,17),(2993,354,3),(2993,522,48),(2993,569,20),(2994,399,49),(2995,297,28),(2995,708,10),(2995,960,26),(2996,156,45),(2996,348,38),(2997,343,27),(2998,275,19),(2999,73,48),(2999,724,35),(3000,752,4),(3001,303,46),(3001,482,20),(3001,860,38),(3003,354,42),(3003,842,12),(3004,229,23),(3005,286,39),(3007,442,25),(3007,639,3),(3009,819,43),(3010,426,20),(3011,41,38),(3012,326,14),(3012,987,2),(3014,288,10),(3015,266,32),(3015,341,9),(3015,458,13),(3015,643,14),(3016,892,20),(3018,94,43),(3018,557,50),(3018,987,23),(3019,48,22),(3019,121,43),(3019,139,36),(3019,755,4),(3020,22,34),(3020,216,26),(3020,393,45),(3021,16,35),(3021,275,10),(3021,300,18),(3021,657,36),(3021,936,24),(3022,54,41),(3022,932,26),(3023,933,20),(3024,381,44),(3025,945,32),(3026,168,25),(3026,371,17),(3026,725,4),(3026,950,17),(3027,422,26),(3029,163,41),(3029,232,33),(3029,309,31),(3030,241,31),(3031,225,19),(3031,423,12),(3031,614,40),(3031,928,44),(3032,268,1),(3032,315,11),(3032,372,45),(3032,508,46),(3034,617,30),(3034,770,29),(3035,101,47),(3035,171,1),(3035,416,37),(3036,352,46),(3036,845,46),(3037,181,47),(3037,350,46),(3037,738,45),(3037,840,32),(3038,305,13),(3038,395,49),(3038,691,33),(3038,837,37),(3039,622,43),(3040,85,2),(3040,112,20),(3041,523,39),(3043,477,8),(3043,739,2),(3044,749,36),(3045,188,37),(3046,356,35),(3046,839,7),(3048,270,5),(3048,406,5),(3048,759,41),(3048,837,37),(3049,57,45),(3049,141,15),(3049,163,8),(3049,298,36),(3049,754,36),(3049,943,43),(3053,746,42),(3054,686,8),(3054,947,20),(3055,31,28),(3055,241,15),(3055,563,35),(3056,491,15),(3056,501,23),(3057,224,12),(3057,261,1),(3057,470,34),(3057,817,39),(3057,942,34),(3058,260,4),(3059,78,41),(3059,81,20),(3059,206,19),(3059,232,39),(3059,450,10),(3060,696,14),(3060,705,30),(3060,962,15),(3062,662,34),(3064,18,32),(3064,313,9),(3064,370,50),(3064,426,8),(3065,22,2),(3066,284,30),(3067,168,7),(3067,686,18),(3067,924,24),(3069,69,2),(3070,192,5),(3070,979,38),(3072,6,38),(3072,595,44),(3073,229,7),(3073,772,38),(3074,861,13),(3075,520,24),(3075,697,2),(3075,861,31),(3077,23,46),(3078,201,36),(3078,560,33),(3080,332,1),(3080,477,34),(3080,929,1),(3081,338,20),(3081,950,40),(3082,117,25),(3082,200,31),(3083,513,34),(3083,829,20),(3084,589,9),(3084,787,1),(3085,345,15),(3088,816,34),(3089,235,13),(3089,934,31),(3090,901,6),(3092,372,25),(3093,48,6),(3093,92,33),(3093,620,25),(3093,867,20),(3094,173,49),(3094,570,27),(3094,606,40),(3095,258,39),(3095,286,42),(3099,60,18),(3099,399,28),(3099,604,48),(3100,117,26),(3100,180,35),(3100,243,14),(3100,379,24),(3100,558,7),(3100,717,17),(3101,496,36),(3101,946,10),(3101,992,19),(3102,986,15),(3103,814,8),(3103,945,47),(3104,681,44),(3105,86,19),(3105,228,10),(3105,754,1),(3107,725,29),(3108,107,33),(3108,488,23),(3109,796,35),(3111,20,31),(3111,900,2),(3112,533,27),(3112,628,49),(3112,768,29),(3112,788,2),(3112,982,7),(3114,175,8),(3114,994,45),(3115,65,28),(3115,676,31),(3115,763,33),(3115,957,47),(3116,186,14),(3118,117,30),(3118,687,33),(3118,880,38),(3119,348,13),(3119,884,18),(3120,166,15),(3120,718,41),(3123,711,19),(3124,100,20),(3124,767,3),(3125,641,4),(3125,740,42),(3125,801,40),(3126,117,33),(3126,361,1),(3126,523,39),(3126,664,22),(3127,21,46),(3127,279,16),(3127,668,36),(3128,84,12),(3128,420,18),(3129,553,25),(3129,677,4),(3129,919,33),(3130,72,26),(3130,995,25),(3131,66,44),(3131,569,50),(3131,597,31),(3133,215,23),(3133,553,3),(3133,746,39),(3134,235,18),(3134,264,39),(3135,411,18),(3135,483,5),(3135,659,28),(3137,143,15),(3137,422,44),(3137,667,23),(3138,458,16),(3138,870,40),(3139,390,23),(3139,589,25),(3139,865,23),(3140,268,18),(3140,707,21),(3141,144,1),(3141,218,41),(3141,236,43),(3141,354,32),(3142,619,30),(3143,203,48),(3145,658,36),(3146,806,20),(3147,281,12),(3147,856,5),(3148,366,26),(3149,853,13),(3150,440,40),(3150,680,18),(3150,772,11),(3150,884,12),(3151,292,38),(3151,751,46),(3151,864,18),(3152,120,42),(3152,377,44),(3152,733,12),(3152,833,27),(3152,934,30),(3153,43,29),(3153,99,37),(3153,351,22),(3154,709,15),(3155,408,35),(3155,494,39),(3156,375,20),(3156,440,12),(3156,606,33),(3157,496,5),(3158,150,17),(3158,383,43),(3158,475,26),(3158,858,43),(3160,195,26),(3160,565,15),(3161,127,46),(3161,276,50),(3161,413,16),(3162,237,25),(3162,517,21),(3162,903,22),(3164,13,1),(3164,858,8),(3164,955,29),(3165,645,5),(3166,328,43),(3166,400,48),(3167,326,15),(3167,912,7),(3167,914,33),(3168,804,24),(3169,413,48),(3169,604,38),(3169,794,10),(3170,704,31),(3171,118,38),(3171,419,29),(3171,767,27),(3171,850,6),(3172,178,18),(3172,636,45),(3172,691,29),(3174,202,14),(3174,736,12),(3174,846,15),(3174,897,34),(3175,536,40),(3175,846,1),(3176,154,27),(3176,182,38),(3177,106,2),(3178,164,48),(3179,20,18),(3180,591,26),(3181,285,8),(3181,338,6),(3181,947,33),(3181,997,26),(3182,21,13),(3182,253,18),(3182,516,24),(3182,964,44),(3182,990,50),(3183,19,50),(3183,159,19),(3183,624,34),(3183,686,46),(3184,588,22),(3184,680,22),(3186,133,12),(3187,231,32),(3188,658,23),(3188,910,40),(3189,584,43),(3190,131,48),(3190,202,48),(3190,320,14),(3190,333,25),(3190,749,31),(3191,541,5),(3191,812,24),(3191,823,36),(3192,197,43),(3192,591,13),(3193,1,12),(3193,430,47),(3193,849,29),(3194,602,2),(3194,816,24),(3195,323,42),(3195,812,42),(3196,197,9),(3196,228,30),(3196,527,16),(3196,882,27),(3197,48,48),(3197,957,43),(3197,966,27),(3198,28,38),(3199,584,4),(3199,617,3),(3200,11,37),(3200,100,31),(3200,138,7),(3200,181,3),(3201,13,31),(3201,664,35),(3202,410,2),(3202,618,48),(3202,740,35),(3202,867,27),(3203,68,50),(3203,223,36),(3203,418,23),(3203,619,50),(3205,132,18),(3205,389,33),(3205,937,4),(3206,851,3),(3207,221,28),(3207,233,36),(3207,403,23),(3207,407,42),(3208,133,43),(3208,161,1),(3208,349,35),(3208,774,34),(3209,185,2),(3209,929,35),(3209,950,46),(3210,417,9),(3211,290,11),(3211,311,33),(3211,593,5),(3212,746,37),(3214,966,24),(3215,47,18),(3215,148,12),(3215,949,35),(3219,702,38),(3220,636,22),(3221,800,12),(3222,309,5),(3222,632,11),(3222,665,29),(3222,696,16),(3222,747,45),(3222,768,2),(3223,639,22),(3223,720,28),(3224,442,2),(3225,53,37),(3225,138,21),(3227,360,30),(3227,607,36),(3228,535,21),(3228,546,29),(3228,799,14),(3229,103,29),(3229,104,7),(3229,417,7),(3229,802,13),(3229,869,43),(3230,310,18),(3230,576,4),(3230,909,14),(3231,430,12),(3231,535,31),(3231,841,3),(3231,869,5),(3232,53,48),(3232,429,39),(3232,950,15),(3233,942,28),(3234,83,14),(3234,203,27),(3235,388,32),(3235,482,9),(3236,21,50),(3236,268,25),(3236,391,3),(3236,620,50),(3236,989,5),(3237,331,8),(3237,657,1),(3238,379,26),(3238,757,30),(3239,979,18),(3241,622,31),(3242,162,1),(3242,748,29),(3242,927,45),(3242,963,43),(3244,770,50),(3244,867,35),(3244,926,5),(3246,489,26),(3246,567,38),(3246,619,5),(3247,255,26),(3247,757,16),(3248,496,11),(3248,523,50),(3249,854,40),(3249,958,48),(3250,456,20),(3250,471,28),(3253,35,9),(3253,738,37),(3255,813,50),(3256,88,4),(3256,190,36),(3256,657,33),(3256,754,26),(3257,579,9),(3257,761,33),(3257,808,42),(3258,736,29),(3259,36,28),(3259,93,17),(3259,175,36),(3259,444,25),(3259,870,41),(3260,17,31),(3260,385,12),(3260,506,3),(3261,73,18),(3261,542,21),(3262,586,2),(3263,666,36),(3263,858,7),(3264,144,14),(3264,361,45),(3264,705,25),(3264,823,26),(3264,897,12),(3265,313,41),(3265,614,18),(3266,456,21),(3266,620,41),(3266,634,48),(3266,755,29),(3270,57,26),(3270,591,38),(3270,956,19),(3271,810,17),(3272,553,43),(3274,286,17),(3275,54,42),(3275,211,47),(3276,642,50),(3276,818,36),(3277,464,40),(3278,907,29),(3280,18,7),(3280,626,42),(3281,932,20),(3282,98,42),(3282,708,21),(3282,825,15),(3283,803,20),(3283,870,18),(3284,7,46),(3284,251,3),(3284,585,13),(3285,139,45),(3285,244,13),(3285,871,29),(3285,900,42),(3286,817,40),(3286,968,30),(3287,258,18),(3287,687,9),(3288,403,33),(3289,687,49),(3290,53,29),(3290,228,48),(3290,463,21),(3290,890,41),(3290,995,13),(3291,664,15),(3291,778,15),(3292,961,32),(3293,552,1),(3294,545,37),(3294,707,3),(3294,877,36),(3295,83,46),(3295,487,14),(3295,727,17),(3295,841,18),(3296,203,14),(3296,313,18),(3296,661,42),(3297,832,29),(3297,944,17),(3298,348,14),(3298,387,32),(3298,518,20),(3298,826,6),(3299,459,2),(3299,487,14),(3299,943,28),(3301,55,19),(3301,721,17),(3301,773,23),(3301,980,24),(3302,86,45),(3302,301,49),(3303,697,49),(3304,168,32),(3306,757,6),(3308,203,50),(3308,268,43),(3308,400,30),(3308,997,13),(3309,33,34),(3309,855,15),(3310,336,24),(3311,781,16),(3312,202,7),(3312,230,50),(3313,88,47),(3316,256,3),(3316,580,36),(3317,450,14),(3317,823,27),(3318,467,35),(3319,116,23),(3319,722,8),(3320,32,33),(3320,121,30),(3320,331,38),(3320,764,32),(3321,867,29),(3321,897,8),(3322,632,25),(3324,475,1),(3325,470,33),(3327,346,36),(3327,667,20),(3327,947,6),(3328,433,7),(3328,560,3),(3328,821,32),(3329,479,6),(3329,601,39),(3329,900,47),(3330,400,40),(3330,469,3),(3330,782,36),(3330,956,14),(3331,568,35),(3331,790,4),(3332,335,41),(3332,403,9),(3332,415,15),(3332,491,50),(3333,441,24),(3334,693,20),(3335,465,28),(3336,296,49),(3337,306,25),(3337,952,49),(3338,294,13),(3339,313,32),(3339,597,14),(3340,109,46),(3340,289,6),(3340,693,11),(3341,338,13),(3342,196,35),(3342,410,47),(3342,609,19),(3344,125,49),(3344,255,14),(3345,158,50),(3345,196,43),(3345,548,42),(3345,658,48),(3346,90,36),(3346,369,5),(3346,418,25),(3346,578,46),(3347,841,19),(3348,708,4),(3349,684,40),(3350,540,9),(3350,550,38),(3350,670,18),(3351,548,41),(3352,61,49),(3352,230,18),(3352,333,44),(3353,55,38),(3353,96,3),(3353,913,40),(3355,708,20),(3356,294,23),(3356,476,49),(3356,603,15),(3357,140,19),(3357,378,35),(3357,383,28),(3357,636,30),(3358,506,30),(3359,269,37),(3359,680,46),(3360,366,20),(3361,326,38),(3361,343,10),(3361,733,31),(3362,359,32),(3362,383,7),(3362,629,48),(3363,370,15),(3363,603,28),(3364,715,18),(3366,530,48),(3367,434,49),(3367,461,50),(3368,365,13),(3368,404,10),(3368,999,12),(3369,136,22),(3369,822,46),(3369,829,13),(3370,481,38),(3372,455,34),(3373,26,4),(3373,102,36),(3373,289,49),(3373,384,23),(3373,921,31),(3374,803,49),(3374,941,42),(3375,106,39),(3375,450,29),(3375,567,24),(3375,630,44),(3376,613,11),(3376,631,49),(3377,300,17),(3377,841,21),(3378,109,49),(3379,241,23),(3379,267,15),(3379,601,20),(3379,695,47),(3379,842,36),(3380,229,49),(3380,321,5),(3381,159,35),(3382,787,25),(3383,76,7),(3383,999,22),(3385,212,36),(3385,510,2),(3385,796,30),(3385,887,3),(3386,72,21),(3386,598,12),(3386,831,15),(3387,261,8),(3387,452,47),(3387,773,15),(3388,596,23),(3388,857,15),(3388,954,22),(3388,998,20),(3390,103,41),(3390,457,41),(3390,462,1),(3390,969,32),(3391,205,3),(3391,257,45),(3391,323,45),(3391,924,40),(3392,253,35),(3393,99,12),(3393,988,23),(3394,64,45),(3394,399,6),(3394,434,32),(3394,497,36),(3394,897,14),(3394,915,26),(3395,613,38),(3395,732,39),(3395,744,3),(3395,855,46),(3396,25,8),(3396,292,10),(3396,848,32),(3397,7,46),(3398,891,48),(3399,78,45),(3399,993,40),(3401,76,5),(3401,729,23),(3401,786,13),(3401,928,8),(3402,172,3),(3403,348,43),(3403,651,1),(3403,870,47),(3404,614,13),(3404,725,21),(3404,898,16),(3405,628,21),(3406,244,26),(3406,275,3),(3406,386,16),(3406,578,38),(3406,991,28),(3409,120,6),(3409,623,5),(3409,641,46),(3409,951,39),(3410,286,47),(3411,380,38),(3412,33,32),(3413,589,28),(3413,952,4),(3414,168,22),(3414,595,27),(3414,768,15),(3415,160,26),(3415,987,20),(3415,998,45),(3417,221,5),(3417,280,46),(3417,468,3),(3417,659,23),(3417,960,21),(3418,136,36),(3418,297,24),(3418,544,6),(3418,763,17),(3418,916,49),(3419,290,5),(3420,256,30),(3421,74,8),(3421,75,37),(3421,110,22),(3421,575,36),(3421,602,49),(3422,9,49),(3422,662,23),(3423,76,19),(3424,10,46),(3424,216,31),(3424,421,3),(3424,495,49),(3424,574,9),(3424,744,16),(3425,39,20),(3426,16,40),(3426,489,31),(3426,591,28),(3426,655,20),(3427,126,23),(3427,992,36),(3428,438,49),(3428,451,16),(3428,980,13),(3429,272,8),(3429,753,49),(3429,823,28),(3429,871,46),(3430,562,32),(3431,376,50),(3433,162,28),(3433,325,32),(3433,413,16),(3433,456,14),(3433,467,32),(3434,37,36),(3434,47,48),(3434,640,42),(3434,698,20),(3435,341,38),(3436,231,10),(3436,424,2),(3436,731,13),(3437,146,41),(3437,330,10),(3437,863,35),(3437,878,44),(3438,691,38),(3439,23,23),(3439,425,25),(3441,81,30),(3441,642,7),(3442,29,16),(3442,654,29),(3443,61,33),(3443,729,9),(3444,173,23),(3445,185,14),(3445,217,29),(3446,174,28),(3446,271,38),(3446,979,30),(3447,93,47),(3447,120,24),(3447,146,25),(3447,264,10),(3447,650,26),(3448,474,32),(3448,927,19),(3449,612,7),(3449,955,41),(3450,76,32),(3450,207,9),(3451,51,39),(3452,303,2),(3453,145,26),(3453,310,7),(3453,424,23),(3453,548,9),(3453,844,50),(3453,988,32),(3454,18,9),(3455,583,5),(3455,603,29),(3456,439,7),(3456,648,16),(3457,409,6),(3458,353,36),(3458,870,31),(3460,2,49),(3460,243,48),(3460,780,11),(3461,221,15),(3462,308,30),(3462,509,48),(3463,204,21),(3463,444,37),(3463,560,34),(3463,950,29),(3464,558,14),(3464,837,28),(3465,57,30),(3465,635,14),(3465,931,1),(3466,471,2),(3467,849,5),(3468,944,40),(3469,703,49),(3469,716,17),(3470,457,37),(3471,212,20),(3473,83,18),(3473,232,27),(3473,269,36),(3473,972,3),(3473,992,38),(3474,167,49),(3474,686,23),(3475,73,16),(3475,272,16),(3475,488,30),(3476,136,35),(3476,470,5),(3477,815,36),(3477,839,8),(3478,612,50),(3479,196,3),(3479,599,37),(3479,636,41),(3481,87,29),(3481,263,15),(3481,495,39),(3481,650,23),(3482,432,19),(3483,962,2),(3486,189,29),(3486,972,4),(3487,118,47),(3487,590,31),(3487,982,15),(3488,19,29),(3488,251,20),(3489,235,13),(3490,138,50),(3490,204,6),(3490,268,17),(3490,678,44),(3490,1000,49),(3491,955,43),(3492,375,23),(3492,959,1),(3493,111,5),(3493,364,39),(3493,776,1),(3493,843,37),(3494,266,2),(3494,482,11),(3495,268,16),(3496,874,46),(3497,203,22),(3497,570,20),(3498,163,23),(3498,332,15),(3498,373,24),(3500,141,13),(3500,659,10),(3500,785,36),(3501,79,5),(3501,722,23),(3502,9,50),(3503,641,50),(3504,422,29),(3504,661,13),(3504,871,29),(3505,395,8),(3506,244,9),(3507,197,9),(3507,518,38),(3508,13,42),(3508,182,26),(3509,192,25),(3509,846,2),(3511,83,15),(3511,664,40),(3512,481,49),(3512,484,14),(3512,620,28),(3513,128,21),(3514,654,36),(3514,950,48),(3516,137,38),(3516,418,14),(3516,520,43),(3517,233,29),(3518,56,19),(3518,574,30),(3519,297,35),(3519,676,17),(3520,453,43),(3521,399,32),(3521,481,3),(3522,325,39),(3523,749,3),(3525,109,31),(3525,347,15),(3525,364,6),(3525,652,36),(3526,18,37),(3526,103,27),(3526,847,44),(3527,662,24),(3527,740,16),(3527,988,2),(3528,370,40),(3528,504,32),(3528,537,17),(3529,584,49),(3529,762,43),(3529,801,24),(3529,844,5),(3530,111,45),(3530,312,49),(3532,97,3),(3532,855,28),(3533,14,16),(3533,221,17),(3533,272,10),(3535,386,48),(3535,869,25),(3536,218,14),(3536,359,21),(3537,381,23),(3538,307,35),(3538,452,3),(3538,555,2),(3538,681,35),(3539,76,43),(3540,98,40),(3540,414,7),(3540,560,10),(3541,375,21),(3541,567,39),(3541,836,50),(3542,80,30),(3542,277,48),(3542,580,6),(3542,583,14),(3542,688,45),(3543,570,39),(3543,764,32),(3543,838,17),(3543,914,34),(3544,865,5),(3545,132,40),(3546,469,22),(3546,895,38),(3547,62,47),(3547,785,40),(3547,983,49),(3548,417,1),(3548,556,28),(3548,601,48),(3548,998,24),(3550,23,3),(3551,270,13),(3551,619,17),(3552,259,12),(3554,285,25),(3554,954,2),(3555,522,19),(3555,737,24),(3556,263,17),(3556,317,41),(3556,823,3),(3557,724,20),(3558,152,27),(3559,837,3),(3560,581,38),(3561,752,29),(3562,137,17),(3562,304,31),(3563,363,33),(3563,866,11),(3564,470,30),(3565,968,19),(3566,155,20),(3566,398,34),(3566,885,31),(3567,32,31),(3567,77,10),(3567,322,33),(3568,147,31),(3568,564,18),(3569,355,29),(3569,418,19),(3569,549,33),(3570,94,25),(3570,372,50),(3570,508,3),(3570,570,18),(3570,629,39),(3571,377,25),(3571,644,15),(3571,749,37),(3572,668,22),(3573,34,37),(3575,63,34),(3576,237,4),(3576,570,45),(3577,211,30),(3578,976,35),(3579,446,47),(3579,718,5),(3580,320,43),(3581,343,23),(3582,628,23),(3582,858,39),(3583,446,42),(3583,740,34),(3583,877,19),(3584,52,7),(3584,104,9),(3584,337,46),(3584,344,18),(3584,348,36),(3584,542,6),(3584,804,15),(3585,93,34),(3585,410,46),(3587,517,45),(3588,168,8),(3588,494,39),(3588,632,48),(3589,188,38),(3590,11,19),(3590,191,15),(3590,465,24),(3590,582,32),(3590,658,3),(3590,758,41),(3591,794,29),(3591,994,21),(3592,405,20),(3592,414,24),(3593,395,35),(3593,787,11),(3594,249,44),(3594,410,28),(3594,994,50),(3595,394,6),(3596,401,22),(3596,412,30),(3597,192,42),(3597,282,5),(3597,766,9),(3598,162,35),(3599,436,38),(3600,411,26),(3600,574,11),(3600,925,18),(3601,307,11),(3601,668,46),(3603,25,23),(3603,713,8),(3604,21,13),(3604,114,31),(3604,989,14),(3605,609,10),(3605,978,29),(3605,986,13),(3607,602,8),(3607,654,30),(3608,468,29),(3608,656,8),(3608,710,43),(3608,965,20),(3609,225,48),(3610,840,36),(3611,405,1),(3611,814,23),(3612,645,10),(3612,800,2),(3613,305,33),(3613,860,29),(3614,267,50),(3614,845,8),(3614,952,14),(3615,150,6),(3615,577,1),(3616,222,5),(3616,557,43),(3616,662,7),(3616,914,42),(3617,432,19),(3617,625,22),(3617,643,18),(3617,656,26),(3618,12,28),(3618,79,50),(3618,346,42),(3619,604,2),(3619,731,3),(3619,937,47),(3620,62,22),(3620,626,4),(3622,359,12),(3622,455,22),(3622,467,20),(3623,522,9),(3623,650,5),(3623,796,36),(3624,902,15),(3624,939,35),(3625,304,35),(3625,583,19),(3625,755,24),(3625,844,7),(3625,878,11),(3626,290,16),(3626,353,25),(3626,685,48),(3627,369,34),(3627,385,19),(3627,485,15),(3628,160,18),(3628,647,33),(3628,658,5),(3628,895,23),(3629,23,2),(3629,349,43),(3629,515,48),(3630,42,47),(3630,548,43),(3632,885,7),(3633,196,41),(3633,347,13),(3633,767,16),(3634,400,13),(3634,882,48),(3635,318,33),(3635,622,17),(3635,695,26),(3635,996,44),(3636,453,18),(3636,679,15),(3637,5,45),(3637,457,14),(3638,153,23),(3638,163,28),(3638,457,28),(3638,661,4),(3638,680,21),(3639,450,28),(3639,742,46),(3639,869,4),(3641,213,46),(3641,439,9),(3642,207,46),(3642,265,21),(3642,649,44),(3643,21,39),(3643,853,36),(3644,473,13),(3645,166,26),(3645,424,2),(3645,477,23),(3646,280,33),(3647,128,7),(3647,251,21),(3647,338,7),(3647,481,47),(3648,254,3),(3648,428,26),(3649,16,9),(3649,57,46),(3649,536,5),(3649,942,18),(3650,506,32),(3650,734,35),(3650,766,40),(3651,741,39),(3653,659,19),(3654,379,4),(3654,872,46),(3655,318,46),(3655,330,41),(3655,611,19),(3656,114,9),(3656,758,4),(3657,429,45),(3657,451,22),(3658,287,14),(3658,400,23),(3658,910,14),(3659,105,26),(3659,109,42),(3660,43,38),(3660,928,3),(3661,97,16),(3661,111,13),(3661,230,24),(3661,289,35),(3661,410,32),(3662,39,30),(3662,190,19),(3662,191,24),(3662,414,28),(3662,919,45),(3662,986,4),(3663,197,5),(3663,201,46),(3663,826,28),(3664,7,23),(3664,201,37),(3664,952,39),(3665,235,41),(3666,419,40),(3666,708,6),(3666,780,2),(3667,119,45),(3667,301,30),(3668,486,7),(3668,943,37),(3669,241,26),(3669,702,44),(3670,937,40),(3673,534,32),(3673,974,12),(3674,43,34),(3674,422,15),(3674,647,48),(3674,748,42),(3676,305,8),(3676,499,26),(3676,746,28),(3676,867,16),(3676,1000,30),(3677,85,34),(3677,148,26),(3677,190,26),(3677,945,25),(3679,77,47),(3679,394,34),(3679,714,5),(3680,53,34),(3680,228,16),(3680,493,19),(3682,97,33),(3682,996,2),(3683,95,35),(3683,117,28),(3683,252,39),(3683,494,33),(3684,205,32),(3684,930,28),(3685,723,32),(3687,653,41),(3687,918,1),(3688,116,36),(3688,331,5),(3689,805,44),(3689,996,41),(3690,463,2),(3690,480,33),(3691,360,3),(3691,555,10),(3691,814,39),(3691,877,49),(3692,718,20),(3694,78,5),(3694,583,9),(3694,600,48),(3695,606,22),(3695,921,35),(3696,954,41),(3697,101,28),(3697,183,1),(3697,227,45),(3697,624,29),(3697,731,48),(3698,236,39),(3699,234,34),(3699,781,39),(3700,4,40),(3701,163,30),(3701,881,48),(3702,653,3),(3703,548,18),(3704,185,2),(3704,224,48),(3704,348,48),(3704,528,34),(3704,601,5),(3704,627,37),(3705,291,13),(3706,387,40),(3706,474,10),(3706,545,1),(3706,687,22),(3706,755,40),(3706,758,23),(3707,104,41),(3707,331,38),(3707,446,39),(3708,868,48),(3709,554,45),(3709,955,26),(3711,20,50),(3711,142,28),(3714,227,42),(3714,682,24),(3715,514,26),(3716,839,40),(3717,140,27),(3717,222,28),(3717,380,32),(3718,55,1),(3718,104,36),(3718,163,22),(3718,281,49),(3719,150,7),(3719,231,28),(3719,783,47),(3720,90,5),(3720,234,2),(3720,807,45),(3720,824,27),(3721,577,35),(3722,870,40),(3723,210,50),(3723,214,35),(3723,286,38),(3724,347,17),(3724,410,8),(3725,207,23),(3725,547,7),(3726,169,45),(3726,407,18),(3726,434,45),(3726,908,42),(3727,197,18),(3727,380,27),(3729,195,12),(3729,999,24),(3730,26,36),(3730,393,44),(3730,586,9),(3730,912,12),(3733,32,15),(3733,78,23),(3733,497,40),(3733,860,46),(3734,265,45),(3734,731,5),(3734,737,5),(3734,967,18),(3735,297,25),(3735,606,37),(3737,148,20),(3737,223,49),(3737,338,9),(3737,702,31),(3737,740,43),(3737,842,21),(3738,190,6),(3738,701,48),(3739,476,43),(3739,618,35),(3739,958,14),(3739,977,14),(3740,128,12),(3741,34,21),(3741,528,32),(3743,526,3),(3744,434,32),(3744,557,31),(3745,996,42),(3746,237,38),(3748,350,49),(3748,784,36),(3748,814,40),(3749,61,25),(3749,491,14),(3749,841,48),(3749,916,17),(3749,924,23),(3750,533,26),(3750,560,18),(3752,767,29),(3753,989,3),(3754,40,25),(3754,308,4),(3756,32,5),(3756,208,47),(3756,542,33),(3756,706,41),(3756,804,45),(3757,5,39),(3757,417,35),(3757,916,48),(3759,764,14),(3761,100,3),(3761,557,47),(3762,757,12),(3763,10,45),(3763,320,27),(3763,386,33),(3763,858,14),(3764,951,6),(3764,991,43),(3765,203,30),(3766,416,44),(3767,593,37),(3767,633,33),(3768,212,25),(3768,379,17),(3768,495,12),(3768,897,45),(3768,919,8),(3769,403,48),(3769,931,44),(3770,43,46),(3770,889,25),(3771,367,28),(3772,998,44),(3773,149,5),(3773,316,14),(3773,348,5),(3773,540,20),(3773,789,31),(3774,519,45),(3774,751,25),(3775,264,14),(3775,273,45),(3775,298,47),(3775,483,1),(3775,761,47),(3775,808,8),(3776,256,12),(3777,406,17),(3777,564,8),(3777,855,42),(3778,82,43),(3778,287,1),(3778,627,43),(3779,93,16),(3779,311,34),(3779,728,5),(3780,135,45),(3780,914,15),(3780,986,30),(3781,400,39),(3782,326,13),(3782,449,23),(3783,63,20),(3784,137,6),(3785,411,49),(3785,432,22),(3785,460,31),(3785,925,21),(3787,156,21),(3787,662,10),(3787,832,4),(3788,673,45),(3789,56,30),(3790,334,30),(3791,553,13),(3791,963,22),(3792,243,15),(3792,306,15),(3794,342,17),(3794,474,26),(3795,946,28),(3796,208,42),(3796,457,4),(3796,750,27),(3796,879,40),(3797,651,10),(3797,819,10),(3797,980,13),(3798,534,29),(3799,98,28),(3799,331,2),(3799,580,40),(3799,937,46),(3800,129,16),(3800,715,36),(3801,135,40),(3802,56,22),(3802,168,9),(3802,652,12),(3802,708,19),(3803,11,47),(3803,69,32),(3803,670,45),(3803,800,7),(3804,36,50),(3804,220,5),(3805,353,49),(3805,458,3),(3805,719,21),(3805,735,1),(3805,853,26),(3805,878,43),(3806,47,2),(3806,452,14),(3806,537,27),(3806,899,23),(3807,617,34),(3807,934,3),(3808,492,45),(3808,882,43),(3809,382,37),(3809,779,34),(3809,831,36),(3810,668,7),(3811,135,28),(3811,576,30),(3812,532,29),(3812,762,16),(3812,960,22),(3813,123,45),(3813,327,41),(3813,646,43),(3814,393,12),(3814,570,13),(3814,845,21),(3815,987,32),(3816,30,36),(3816,46,9),(3816,113,9),(3816,350,47),(3817,140,41),(3817,195,34),(3818,649,31),(3819,516,38),(3819,840,12),(3819,869,28),(3819,940,47),(3820,327,9),(3820,744,26),(3821,160,29),(3821,278,22),(3821,320,37),(3821,807,4),(3822,794,10),(3822,882,43),(3823,167,6),(3823,228,32),(3823,418,11),(3824,824,13),(3825,22,31),(3825,958,43),(3826,516,48),(3827,52,12),(3827,198,29),(3827,495,45),(3827,700,34),(3828,120,50),(3829,387,24),(3830,804,35),(3831,102,40),(3831,274,13),(3831,538,22),(3832,105,30),(3832,262,14),(3832,327,42),(3832,559,22),(3833,73,1),(3833,245,35),(3833,285,16),(3834,597,37),(3835,575,21),(3836,383,14),(3836,580,35),(3837,147,1),(3841,112,17),(3842,181,38),(3842,241,44),(3842,494,50),(3843,38,42),(3844,271,42),(3844,453,39),(3844,963,49),(3847,43,11),(3847,78,9),(3847,180,30),(3847,525,13),(3847,682,13),(3848,870,9),(3850,256,22),(3850,470,29),(3850,622,20),(3851,178,25),(3851,720,19),(3851,823,33),(3852,288,50),(3853,270,26),(3854,457,16),(3855,988,18),(3856,907,16),(3857,288,8),(3857,943,12),(3857,971,9),(3858,580,1),(3859,470,14),(3859,674,21),(3860,308,34),(3860,571,39),(3860,840,6),(3861,596,21),(3861,600,50),(3863,243,21),(3863,559,45),(3864,31,10),(3864,72,3),(3864,920,46),(3864,961,46),(3865,822,6),(3866,187,12),(3866,344,45),(3866,683,22),(3866,731,27),(3867,479,27),(3867,867,19),(3868,220,19),(3869,637,29),(3870,655,26),(3870,766,34),(3871,331,5),(3871,971,18),(3872,568,45),(3872,811,31),(3874,360,10),(3874,389,49),(3875,120,32),(3875,324,35),(3875,376,30),(3876,185,21),(3876,817,6),(3877,634,36),(3878,319,26),(3878,598,29),(3878,742,2),(3879,419,11),(3879,879,46),(3880,55,39),(3880,702,34),(3880,949,24),(3881,119,33),(3882,923,3),(3883,453,19),(3885,312,43),(3887,310,49),(3887,592,2),(3887,747,3),(3887,942,39),(3888,175,26),(3890,488,41),(3891,609,7),(3892,130,49),(3892,771,34),(3892,789,14),(3892,987,3),(3893,94,40),(3893,378,40),(3893,439,49),(3893,572,32),(3894,565,46),(3895,548,35),(3895,618,31),(3896,609,27),(3896,885,49),(3898,270,25),(3898,357,43),(3898,749,30),(3899,20,25),(3899,51,34),(3899,374,7),(3901,352,15),(3901,705,33),(3902,693,5),(3902,847,34),(3902,862,16),(3903,857,48),(3906,55,8),(3906,619,23),(3907,295,4),(3907,380,41),(3907,616,43),(3909,75,24),(3909,146,23),(3909,235,29),(3909,580,26),(3909,912,27),(3910,275,20),(3910,380,43),(3910,480,7),(3910,687,30),(3911,594,48),(3911,681,9),(3912,341,34),(3912,478,40),(3912,514,20),(3913,468,19),(3913,983,5),(3914,22,23),(3914,378,12),(3916,187,47),(3916,382,9),(3916,695,33),(3916,701,49),(3919,279,21),(3919,559,5),(3919,804,21),(3919,838,18),(3920,992,37),(3922,57,12),(3922,86,18),(3922,180,31),(3922,321,35),(3922,341,16),(3922,410,34),(3922,739,3),(3923,818,1),(3923,900,42),(3924,31,29),(3924,162,11),(3924,461,36),(3925,21,30),(3925,490,23),(3925,859,9),(3926,967,27),(3926,992,30),(3928,136,32),(3929,402,38),(3929,818,49),(3929,970,39),(3930,448,31),(3930,989,39),(3932,607,48),(3933,517,2),(3935,677,34),(3935,738,36),(3935,839,38),(3937,306,46),(3937,455,31),(3938,239,3),(3938,536,6),(3938,724,18),(3939,43,24),(3939,108,13),(3940,320,22),(3940,387,25),(3940,797,13),(3941,470,23),(3941,990,30),(3942,846,45),(3942,963,20),(3943,57,29),(3943,106,17),(3943,133,4),(3943,755,15),(3943,946,15),(3944,157,8),(3944,419,50),(3945,265,1),(3945,505,32),(3946,470,37),(3946,806,40),(3947,464,40),(3947,642,41),(3948,179,22),(3948,219,3),(3948,678,44),(3949,65,12),(3950,198,15),(3950,277,12),(3950,876,39),(3950,881,23),(3951,655,45),(3952,116,28),(3952,827,28),(3952,943,20),(3953,164,29),(3953,395,44),(3953,712,26),(3953,726,19),(3953,773,19),(3953,978,42),(3954,172,3),(3954,251,16),(3955,711,18),(3956,179,3),(3956,494,4),(3956,526,5),(3956,776,33),(3956,946,31),(3958,412,47),(3959,868,7),(3960,137,31),(3960,213,34),(3960,580,16),(3961,326,42),(3961,505,21),(3961,629,47),(3962,245,7),(3963,744,21),(3964,253,41),(3964,606,6),(3965,47,45),(3965,338,44),(3965,682,1),(3965,696,27),(3966,330,21),(3967,493,1),(3967,889,23),(3968,580,12),(3969,435,15),(3969,505,45),(3969,721,35),(3969,847,27),(3970,94,36),(3970,684,50),(3970,803,35),(3971,331,22),(3971,599,28),(3971,782,30),(3972,168,5),(3972,244,33),(3972,293,27),(3972,810,9),(3973,149,20),(3973,384,25),(3973,735,28),(3973,974,9),(3974,784,3),(3975,35,14),(3975,196,13),(3977,44,24),(3977,95,7),(3977,723,36),(3977,984,14),(3978,104,29),(3978,113,49),(3978,155,25),(3978,644,47),(3979,708,20),(3980,457,38),(3981,817,33),(3981,995,37),(3983,677,16),(3984,586,40),(3984,892,7),(3984,993,30),(3985,57,35),(3985,689,32),(3986,837,30),(3987,48,27),(3987,979,17),(3988,1,18),(3990,880,18),(3992,441,43),(3992,713,12),(3993,73,49),(3993,191,29),(3993,312,9),(3993,641,45),(3994,693,11),(3996,203,18),(3996,231,20),(3996,935,39),(3997,50,36),(3997,77,17),(3997,510,11),(3997,631,37),(3997,965,37),(3998,94,49),(3998,443,4),(3998,590,30),(3998,732,49),(4000,883,37),(4000,900,14),(4001,367,36),(4002,121,1),(4003,7,7),(4003,30,13),(4003,824,44),(4003,990,1),(4004,2,24),(4004,557,9),(4005,396,5),(4006,373,34),(4007,153,9),(4007,745,42),(4007,929,43),(4009,404,13),(4010,100,16),(4010,842,32),(4012,788,24),(4013,102,31),(4013,467,7),(4013,913,38),(4015,46,12),(4015,462,33),(4015,636,13),(4015,665,9),(4017,384,22),(4018,60,11),(4018,172,26),(4018,322,47),(4018,582,35),(4018,821,45),(4018,908,8),(4019,158,46),(4019,384,18),(4019,394,36),(4019,488,8),(4019,883,50),(4020,451,31),(4020,670,49),(4021,18,4),(4021,409,18),(4021,901,23),(4022,259,30),(4022,707,18),(4022,782,50),(4022,900,49),(4023,256,17),(4023,943,25),(4024,15,20),(4024,65,39),(4024,652,47),(4024,836,19),(4025,35,8),(4025,288,14),(4025,734,22),(4026,77,5),(4026,109,50),(4026,547,14),(4027,14,33),(4027,258,5),(4027,925,19),(4028,273,47),(4028,363,22),(4028,490,38),(4028,629,33),(4029,26,31),(4029,491,24),(4029,562,12),(4030,925,23),(4031,409,36),(4031,700,4),(4032,230,20),(4032,974,25),(4033,84,29),(4033,391,10),(4033,457,16),(4033,590,1),(4034,119,9),(4036,85,14),(4036,430,26),(4037,868,43),(4037,964,33),(4040,423,20),(4040,552,25),(4041,394,16),(4042,581,15),(4042,736,6),(4043,340,28),(4043,521,18),(4043,701,30),(4043,783,29),(4043,910,42),(4044,99,17),(4044,213,9),(4045,50,16),(4045,766,50),(4045,837,41),(4046,294,23),(4046,776,7),(4047,93,39),(4047,165,23),(4047,528,38),(4047,558,13),(4048,968,31),(4049,413,20),(4049,414,10),(4049,800,48),(4050,197,12),(4050,489,48),(4050,571,42),(4050,576,17),(4050,594,16),(4050,604,1),(4050,614,14),(4051,123,27),(4051,221,45),(4051,491,23),(4051,597,24),(4051,748,41),(4051,803,38),(4052,475,50),(4052,569,13),(4052,703,3),(4052,760,27),(4053,562,5),(4053,932,37),(4054,60,4),(4054,312,41),(4054,731,35),(4055,623,2),(4055,890,36),(4056,526,50),(4057,580,49),(4058,1,19),(4058,74,36),(4058,140,31),(4058,151,8),(4058,196,21),(4058,258,12),(4059,614,33),(4059,917,8),(4060,137,45),(4060,270,47),(4060,768,17),(4061,391,39),(4061,855,25),(4061,985,6),(4063,356,39),(4064,628,49),(4064,650,15),(4065,865,19),(4066,233,15),(4066,252,8),(4066,348,29),(4066,789,50),(4067,523,40),(4067,975,30),(4068,290,6),(4068,856,49),(4069,499,34),(4071,463,35),(4071,836,5),(4071,947,31),(4072,115,23),(4072,117,35),(4072,486,33),(4072,583,1),(4072,915,25),(4073,49,37),(4074,138,47),(4075,43,37),(4075,78,10),(4075,308,8),(4075,398,11),(4075,638,9),(4075,728,39),(4075,795,31),(4076,785,5),(4077,280,8),(4079,623,19),(4080,121,29),(4080,610,39),(4080,728,34),(4081,744,48),(4081,903,21),(4081,989,12),(4082,463,9),(4083,21,42),(4083,251,49),(4083,499,34),(4083,568,5),(4083,644,5),(4084,108,5),(4084,497,24),(4084,891,36),(4085,133,18),(4085,259,30),(4086,543,24),(4086,823,5),(4088,599,9),(4088,855,9),(4090,27,4),(4090,235,39),(4091,948,42),(4092,586,47),(4092,744,47),(4093,147,9),(4094,363,28),(4094,584,40),(4094,921,21),(4095,128,1),(4095,304,46),(4095,425,22),(4095,752,2),(4096,195,40),(4096,279,11),(4096,520,7),(4099,31,1),(4099,288,31),(4099,433,36),(4099,575,23),(4100,133,4),(4100,258,23),(4100,311,20),(4100,887,6),(4101,764,16),(4101,878,35),(4102,7,30),(4102,278,8),(4102,848,49),(4103,531,38),(4104,196,17),(4104,323,39),(4106,211,47),(4106,573,26),(4107,270,22),(4107,767,18),(4107,833,40),(4108,241,10),(4108,930,22),(4109,641,14),(4109,712,43),(4110,967,11),(4111,482,21),(4112,104,9),(4112,281,32),(4112,860,50),(4112,997,10),(4113,442,37),(4113,810,32),(4114,640,7),(4115,284,34),(4115,951,13),(4116,177,19),(4116,357,8),(4116,411,7),(4116,618,14),(4118,558,26),(4119,75,41),(4119,119,19),(4119,410,16),(4119,444,7),(4119,626,24),(4120,83,37),(4120,163,29),(4120,412,42),(4121,21,46),(4121,579,44),(4121,888,44),(4122,584,29),(4123,76,25),(4123,603,4),(4124,430,37),(4124,721,30),(4124,823,1),(4125,485,22),(4125,677,49),(4126,923,36),(4127,454,39),(4128,474,17),(4128,677,36),(4129,50,46),(4129,372,35),(4129,460,9),(4130,4,23),(4131,961,42),(4132,352,22),(4134,127,2),(4136,922,34),(4138,236,41),(4138,793,38),(4138,908,12),(4139,668,40),(4139,753,17),(4139,850,35),(4139,913,34),(4139,936,44),(4140,54,46),(4140,392,36),(4140,802,20),(4140,810,22),(4141,10,8),(4141,432,21),(4141,673,27),(4142,300,9),(4142,313,38),(4143,72,38),(4143,413,34),(4143,874,40),(4143,907,49),(4145,206,23),(4145,661,50),(4146,322,35),(4146,646,19),(4146,883,47),(4147,225,42),(4148,36,47),(4148,101,36),(4148,320,33),(4148,559,21),(4149,90,39),(4150,122,37),(4150,749,41),(4151,412,29),(4152,576,30),(4152,687,28),(4152,754,20),(4153,238,14),(4157,471,3),(4157,629,34),(4158,121,37),(4158,243,24),(4159,504,1),(4159,796,31),(4159,991,13),(4160,34,4),(4160,441,10),(4160,739,1),(4161,543,14),(4162,26,36),(4162,491,10),(4163,849,38),(4163,937,44),(4164,368,39),(4164,685,42),(4164,802,1),(4164,939,23),(4165,59,11),(4165,191,12),(4165,905,10),(4166,380,26),(4166,972,13),(4167,429,8),(4167,754,31),(4168,924,39),(4169,664,19),(4170,514,35),(4171,73,4),(4171,241,20),(4171,364,13),(4171,454,29),(4171,529,2),(4171,956,12),(4172,37,3),(4172,720,7),(4172,967,23),(4173,426,11),(4173,482,44),(4174,142,8),(4174,367,27),(4174,533,43),(4174,776,8),(4175,196,34),(4175,676,23),(4177,119,40),(4178,42,18),(4179,97,43),(4179,199,34),(4179,344,14),(4179,767,47),(4180,101,1),(4180,862,49),(4180,902,10),(4180,938,4),(4181,134,6),(4181,175,2),(4181,903,41),(4182,606,45),(4182,615,19),(4182,877,19),(4183,132,15),(4183,410,8),(4183,553,47),(4184,19,34),(4185,952,7),(4186,94,43),(4186,224,20),(4187,106,34),(4187,547,44),(4188,112,10),(4188,918,21),(4189,70,28),(4189,470,26),(4190,230,24),(4190,912,23),(4190,959,6),(4192,792,35),(4193,630,3),(4193,944,14),(4197,125,44),(4198,715,44),(4199,297,5),(4200,500,18),(4202,650,32),(4202,731,22),(4203,996,43),(4204,33,34),(4204,564,43),(4204,858,4),(4205,329,45),(4206,392,27),(4206,729,36),(4206,913,44),(4207,18,27),(4207,98,18),(4207,107,39),(4207,166,13),(4207,336,47),(4207,960,28),(4208,107,15),(4208,554,33),(4209,38,16),(4209,542,38),(4209,649,4),(4209,870,28),(4210,169,1),(4210,238,42),(4210,446,27),(4211,472,15),(4211,530,40),(4211,538,30),(4212,23,32),(4212,871,14),(4213,28,47),(4213,763,48),(4213,801,10),(4213,845,7),(4214,945,25),(4215,243,21),(4215,629,26),(4216,7,18),(4216,153,12),(4217,18,43),(4217,151,42),(4217,267,30),(4217,599,34),(4217,739,35),(4217,827,17),(4218,67,50),(4218,95,31),(4220,434,40),(4221,744,20),(4221,963,24),(4222,64,39),(4222,518,7),(4223,30,1),(4223,243,18),(4223,918,32),(4224,780,39),(4225,971,1),(4225,972,47),(4226,324,19),(4227,320,17),(4227,436,28),(4228,193,25),(4228,456,45),(4229,904,14),(4230,702,40),(4231,104,34),(4231,277,41),(4232,414,7),(4234,80,41),(4234,379,27),(4234,683,26),(4235,697,10),(4236,21,35),(4237,105,48),(4237,106,23),(4237,607,27),(4237,803,47),(4239,577,32),(4239,596,28),(4239,985,13),(4239,992,3),(4240,535,46),(4241,969,28),(4242,342,4),(4242,740,4),(4243,713,19),(4244,148,16),(4244,159,24),(4244,376,18),(4245,407,13),(4245,750,10),(4246,707,17),(4247,143,39),(4247,148,44),(4248,89,16),(4248,306,17),(4248,905,26),(4249,216,28),(4250,944,25),(4251,421,27),(4251,578,45),(4251,684,11),(4252,436,21),(4252,613,41),(4253,140,17),(4254,94,7),(4254,106,45),(4254,708,4),(4255,579,3),(4256,257,17),(4256,314,14),(4256,631,38),(4257,42,36),(4257,213,42),(4257,276,49),(4257,843,35),(4259,364,21),(4259,532,44),(4262,82,7),(4262,135,9),(4262,366,9),(4262,510,9),(4264,230,35),(4264,360,24),(4265,8,29),(4265,360,28),(4265,820,24),(4265,879,48),(4266,437,2),(4267,695,13),(4267,729,49),(4267,765,8),(4268,655,26),(4268,677,2),(4268,847,49),(4269,599,27),(4269,611,42),(4269,652,31),(4270,91,9),(4271,730,30),(4271,792,6),(4273,464,22),(4273,576,2),(4274,418,11),(4275,359,36),(4275,540,43),(4275,695,44),(4276,92,20),(4276,118,25),(4276,184,18),(4277,229,5),(4278,269,17),(4278,638,10),(4279,152,45),(4279,233,42),(4279,520,41),(4280,139,11),(4280,169,12),(4280,273,9),(4280,316,40),(4281,31,47),(4282,740,23),(4283,349,15),(4283,622,40),(4283,721,40),(4283,754,33),(4284,830,2),(4287,227,35),(4287,724,49),(4287,808,28),(4287,811,34),(4288,300,12),(4288,335,43),(4288,430,50),(4289,855,33),(4290,931,50),(4291,42,49),(4292,222,33),(4292,428,6),(4293,149,36),(4293,384,11),(4293,899,28),(4294,85,15),(4294,571,22),(4294,686,48),(4295,168,43),(4295,406,47),(4296,195,18),(4296,476,40),(4297,307,42),(4297,970,50),(4298,78,10),(4298,339,31),(4298,773,20),(4299,172,30),(4299,661,35),(4299,685,40),(4299,803,47),(4300,767,29),(4300,835,38),(4300,884,49),(4301,818,9),(4302,481,17),(4302,551,8),(4302,795,15),(4303,53,5),(4303,62,48),(4304,447,21),(4304,569,21),(4304,751,12),(4305,224,12),(4305,361,7),(4305,415,45),(4305,468,46),(4306,530,4),(4306,764,5),(4307,694,41),(4309,472,20),(4309,621,11),(4310,44,2),(4310,769,31),(4310,890,38),(4312,375,41),(4312,388,28),(4312,817,27),(4313,816,42),(4315,76,29),(4316,19,36),(4316,151,13),(4316,762,48),(4316,911,7),(4317,472,15),(4318,595,29),(4319,170,38),(4320,161,43),(4321,72,34),(4321,191,32),(4321,495,37),(4322,120,8),(4322,339,43),(4322,587,37),(4323,425,20),(4324,121,17),(4324,301,23),(4325,29,19),(4325,82,3),(4325,415,6),(4325,863,21),(4326,62,31),(4326,737,2),(4326,880,2),(4327,82,35),(4327,405,28),(4327,617,29),(4328,612,5),(4329,339,6),(4329,396,29),(4329,863,32),(4329,928,12),(4330,257,48),(4330,687,25),(4331,223,4),(4332,330,23),(4333,142,45),(4333,539,15),(4333,799,12),(4333,899,42),(4334,20,5),(4334,388,1),(4334,599,42),(4335,55,20),(4335,777,25),(4336,901,37),(4337,425,27),(4338,806,45),(4339,458,10),(4339,511,21),(4340,490,4),(4340,742,26),(4341,332,31),(4341,534,41),(4341,538,36),(4341,679,13),(4341,718,6),(4343,44,38),(4343,115,10),(4343,757,14),(4343,788,10),(4344,298,25),(4345,671,37),(4346,125,14),(4347,94,47),(4347,199,39),(4347,879,23),(4348,378,14),(4348,392,37),(4348,533,45),(4348,571,38),(4348,733,27),(4348,916,46),(4349,610,7),(4349,968,24),(4350,677,22),(4351,58,31),(4352,176,32),(4352,849,32),(4354,262,38),(4354,477,5),(4356,804,12),(4356,986,50),(4359,402,41),(4359,485,50),(4360,911,13),(4361,216,14),(4362,639,37),(4362,896,37),(4363,294,9),(4363,719,15),(4364,319,32),(4364,736,37),(4365,769,13),(4366,88,20),(4366,271,41),(4366,529,48),(4367,803,12),(4371,189,19),(4371,663,40),(4372,176,18),(4373,432,22),(4373,604,9),(4373,614,13),(4375,536,7),(4376,326,40),(4377,782,34),(4378,93,40),(4379,991,17),(4380,109,38),(4380,350,18),(4380,674,15),(4381,339,16),(4381,373,1),(4381,486,21),(4381,764,35),(4382,274,29),(4382,300,4),(4383,325,22),(4383,802,39),(4384,49,22),(4384,923,17),(4385,82,26),(4385,421,11),(4385,698,10),(4387,62,43),(4387,332,38),(4387,379,20),(4387,668,43),(4387,690,19),(4388,817,21),(4388,955,1),(4390,1,18),(4390,49,20),(4390,798,18),(4390,945,4),(4391,117,33),(4392,260,13),(4393,598,44),(4393,792,18),(4393,865,35),(4394,156,37),(4394,546,9),(4394,679,40),(4396,479,4),(4397,194,15),(4397,270,37),(4397,385,47),(4397,399,27),(4398,350,11),(4398,822,50),(4398,908,25),(4399,564,26),(4399,589,33),(4399,783,21),(4399,947,8),(4400,298,15),(4400,741,40),(4400,950,4),(4401,135,27),(4401,345,3),(4401,368,35),(4401,461,30),(4402,276,46),(4402,328,34),(4402,427,12),(4402,808,16),(4402,918,32),(4403,74,46),(4403,75,33),(4403,443,37),(4403,624,21),(4403,776,47),(4404,480,23),(4404,812,43),(4406,440,15),(4406,757,29),(4406,854,22),(4407,370,14),(4407,978,1),(4408,266,32),(4408,332,10),(4409,824,25),(4409,857,44),(4410,599,32),(4410,830,7),(4410,850,14),(4411,81,42),(4412,112,15),(4412,471,33),(4413,302,5),(4415,293,9),(4415,907,19),(4415,956,23),(4416,117,21),(4416,896,32),(4417,372,8),(4418,26,33),(4419,46,17),(4419,566,16),(4420,249,36),(4422,46,47),(4422,214,47),(4422,361,43),(4422,609,30),(4423,155,11),(4423,770,47),(4424,464,35),(4424,928,37),(4425,626,24),(4425,644,14),(4425,776,4),(4426,118,39),(4426,431,44),(4426,585,47),(4428,235,27),(4428,831,9),(4429,155,49),(4430,626,4),(4431,950,47),(4432,198,28),(4432,392,11),(4432,466,23),(4432,467,19),(4432,730,27),(4433,392,37),(4434,234,38),(4435,969,31),(4436,5,30),(4436,715,45),(4436,820,28),(4437,365,45),(4437,533,27),(4437,738,45),(4437,876,12),(4438,42,10),(4438,77,7),(4439,300,28),(4439,336,23),(4439,870,15),(4440,488,16),(4440,682,22),(4440,852,24),(4440,986,10),(4441,622,22),(4442,20,37),(4444,310,12),(4444,498,13),(4444,814,50),(4445,602,22),(4445,813,37),(4447,577,37),(4447,760,1),(4447,838,43),(4448,219,43),(4448,371,45),(4449,216,17),(4450,822,30),(4451,423,2),(4451,620,40),(4452,534,40),(4453,707,17),(4453,884,24),(4454,231,47),(4454,509,13),(4456,24,39),(4456,815,44),(4458,126,8),(4458,375,48),(4458,828,20),(4459,804,17),(4460,360,7),(4460,461,18),(4461,634,27),(4462,283,35),(4462,937,50),(4463,152,32),(4463,318,18),(4463,323,8),(4464,173,9),(4464,219,4),(4464,333,12),(4464,364,16),(4464,428,7),(4465,436,30),(4466,522,16),(4466,586,25),(4468,514,22),(4469,389,43),(4470,28,2),(4470,207,46),(4470,875,12),(4470,899,27),(4471,775,31),(4472,115,26),(4472,818,9),(4473,36,24),(4473,455,41),(4474,556,17),(4474,905,7),(4475,4,12),(4475,93,6),(4476,118,13),(4476,157,4),(4476,899,40),(4477,151,15),(4477,195,47),(4477,212,10),(4477,460,16),(4477,602,42),(4477,868,36),(4478,386,25),(4478,419,46),(4478,731,50),(4478,821,13),(4479,239,40),(4479,275,19),(4479,403,27),(4479,549,20),(4480,291,24),(4480,334,28),(4480,579,11),(4480,681,48),(4481,405,43),(4481,675,8),(4481,883,31),(4482,425,20),(4482,508,9),(4482,744,3),(4482,931,34),(4484,210,35),(4484,568,34),(4484,666,32),(4485,9,27),(4485,194,20),(4485,525,48),(4485,653,4),(4486,386,6),(4486,630,8),(4486,748,40),(4486,860,46),(4486,976,49),(4487,235,40),(4487,358,36),(4487,494,7),(4487,792,42),(4488,252,32),(4488,514,16),(4488,536,2),(4490,106,47),(4490,178,29),(4492,456,47),(4492,482,26),(4492,630,38),(4493,100,50),(4493,124,50),(4493,354,25),(4494,566,40),(4496,92,45),(4497,416,25),(4497,519,4),(4497,701,46),(4497,900,4),(4498,131,33),(4498,860,10),(4499,20,38),(4499,938,48),(4500,87,45),(4500,857,15),(4501,288,7),(4502,786,35),(4503,571,22),(4504,70,45),(4504,483,30),(4504,739,41),(4505,304,42),(4505,571,44),(4507,14,47),(4507,274,47),(4508,484,48),(4509,153,43),(4509,549,21),(4509,637,48),(4510,252,19),(4510,257,44),(4510,740,48),(4510,846,35),(4511,361,7),(4511,481,41),(4511,490,26),(4511,592,37),(4511,743,40),(4513,247,6),(4514,221,35),(4514,647,18),(4515,221,8),(4515,384,38),(4515,845,14),(4516,950,7),(4517,897,9),(4518,252,35),(4519,277,41),(4519,965,41),(4521,825,20),(4522,179,18),(4522,370,14),(4522,583,22),(4522,815,16),(4523,689,32),(4524,75,13),(4525,60,27),(4525,74,35),(4525,76,22),(4525,460,38),(4525,884,46),(4526,88,21),(4526,198,21),(4526,962,24),(4527,973,36),(4528,628,42),(4528,662,45),(4529,217,37),(4529,586,41),(4529,663,18),(4529,685,20),(4529,816,17),(4530,614,46),(4530,630,20),(4530,798,9),(4530,851,12),(4530,961,14),(4531,413,22),(4532,604,34),(4532,745,25),(4533,135,32),(4533,357,23),(4533,427,5),(4533,490,26),(4534,255,27),(4534,627,39),(4534,783,4),(4535,205,25),(4536,13,19),(4536,728,24),(4537,523,45),(4538,625,8),(4538,779,32),(4538,818,49),(4538,921,28),(4539,396,35),(4539,625,5),(4539,891,6),(4539,995,28),(4539,998,18),(4540,256,15),(4540,299,37),(4540,324,32),(4540,815,35),(4540,948,44),(4541,47,24),(4542,788,47),(4543,119,45),(4543,904,36),(4544,255,25),(4544,346,9),(4544,653,25),(4544,826,11),(4545,381,10),(4546,629,10),(4547,384,23),(4547,740,45),(4547,781,38),(4548,51,46),(4548,96,21),(4548,737,49),(4549,210,34),(4549,831,21),(4550,244,16),(4550,441,22),(4551,28,47),(4551,309,6),(4551,345,36),(4551,961,30),(4552,108,31),(4552,112,29),(4552,227,31),(4552,235,14),(4552,261,41),(4552,521,30),(4552,530,15),(4552,675,24),(4552,678,30),(4553,17,19),(4553,50,43),(4553,509,46),(4554,229,17),(4555,104,21),(4555,580,36),(4555,984,31),(4555,991,37),(4557,248,31),(4557,846,20),(4558,548,7),(4559,231,50),(4559,564,4),(4560,188,32),(4560,266,5),(4561,402,47),(4561,914,5),(4562,140,11),(4562,284,18),(4562,410,14),(4562,551,8),(4563,767,35),(4564,139,14),(4566,922,24),(4568,344,11),(4568,796,34),(4569,298,37),(4569,582,26),(4569,781,37),(4570,795,33),(4570,889,3),(4571,220,19),(4571,331,11),(4571,344,39),(4571,671,48),(4572,498,6),(4572,706,23),(4573,928,32),(4574,779,46),(4574,842,32),(4575,308,9),(4575,636,46),(4575,832,17),(4576,83,23),(4576,378,18),(4577,430,16),(4577,625,4),(4577,963,23),(4579,71,41),(4579,330,8),(4579,500,34),(4579,515,13),(4579,579,7),(4579,887,32),(4580,344,29),(4580,948,27),(4582,534,11),(4582,889,36),(4582,975,47),(4584,678,24),(4586,157,49),(4586,342,17),(4587,52,10),(4588,662,15),(4589,417,7),(4589,887,45),(4590,921,38),(4590,927,41),(4591,38,42),(4591,289,44),(4591,488,34),(4592,67,7),(4592,955,9),(4593,45,24),(4593,407,22),(4594,645,20),(4595,458,9),(4595,546,22),(4595,810,4),(4596,137,38),(4597,222,24),(4598,92,5),(4598,568,43),(4598,592,14),(4598,908,9),(4599,560,20),(4600,89,15),(4600,664,35),(4601,319,21),(4602,265,43),(4602,365,11),(4602,620,37),(4602,686,37),(4603,295,17),(4603,351,47),(4603,775,15),(4604,829,43),(4605,722,44),(4605,793,30),(4605,991,40),(4606,209,23),(4608,427,49),(4608,446,49),(4608,621,39),(4608,827,28),(4608,950,12),(4609,42,11),(4609,187,14),(4609,249,38),(4609,537,40),(4610,108,19),(4611,239,9),(4611,672,19),(4611,803,8),(4612,309,41),(4614,827,47),(4615,630,17),(4617,493,6),(4618,911,44),(4620,98,48),(4620,296,15),(4621,122,39),(4621,319,34),(4622,37,11),(4622,40,33),(4622,232,2),(4622,485,20),(4623,286,29),(4624,848,48),(4626,242,18),(4626,298,29),(4626,931,16),(4626,948,7),(4627,65,24),(4627,431,49),(4627,570,21),(4628,54,43),(4628,547,1),(4628,822,38),(4629,440,25),(4629,774,1),(4630,21,37),(4630,717,43),(4631,271,15),(4631,536,15),(4632,186,5),(4632,416,29),(4633,753,32),(4634,193,15),(4634,429,11),(4634,730,28),(4634,809,45),(4634,948,24),(4634,977,41),(4635,162,6),(4635,663,19),(4636,167,9),(4636,251,7),(4636,493,7),(4637,234,46),(4639,7,5),(4639,191,26),(4641,396,11),(4642,211,49),(4643,355,49),(4643,738,42),(4644,229,41),(4646,345,19),(4646,741,1),(4647,31,16),(4647,119,19),(4647,954,11),(4648,357,30),(4648,463,26),(4649,771,8),(4650,358,8),(4650,780,31),(4651,302,46),(4651,345,16),(4651,520,10),(4651,825,5),(4652,183,17),(4652,486,40),(4652,569,19),(4653,628,32),(4654,949,48),(4654,957,41),(4656,647,25),(4658,997,18),(4660,169,4),(4660,420,37),(4661,106,44),(4661,902,46),(4662,316,28),(4662,361,42),(4663,537,50),(4663,900,45),(4664,405,9),(4664,781,8),(4665,74,10),(4665,911,20),(4666,52,2),(4666,69,31),(4666,131,25),(4666,144,30),(4666,849,25),(4667,90,32),(4667,647,16),(4668,30,15),(4668,313,19),(4669,321,38),(4670,518,24),(4670,906,47),(4671,264,25),(4671,351,28),(4671,698,23),(4671,968,13),(4672,64,43),(4672,973,26),(4673,23,26),(4673,793,9),(4675,826,14),(4676,794,4),(4677,95,26),(4677,151,39),(4677,279,33),(4677,629,35),(4679,448,15),(4679,571,41),(4679,836,46),(4680,140,45),(4680,803,32),(4682,652,50),(4682,662,1),(4683,350,40),(4684,51,45),(4684,134,30),(4684,331,5),(4685,417,13),(4685,594,36),(4686,874,26),(4686,986,9),(4688,355,20),(4688,950,29),(4690,74,39),(4690,823,26),(4691,37,26),(4692,465,28),(4692,524,45),(4692,892,37),(4693,4,39),(4693,5,43),(4693,780,49),(4694,664,19),(4694,998,38),(4695,822,7),(4696,191,47),(4696,874,42),(4697,169,50),(4697,510,39),(4698,351,5),(4698,850,16),(4699,975,20),(4700,914,24),(4700,931,50),(4700,973,31),(4701,264,2),(4701,455,49),(4702,31,30),(4702,520,39),(4703,128,25),(4703,139,38),(4703,322,16),(4703,948,14),(4704,268,33),(4704,334,38),(4704,772,31),(4705,135,24),(4705,781,12),(4707,759,14),(4708,253,21),(4709,378,21),(4709,462,12),(4709,521,13),(4709,563,38),(4709,582,16),(4709,845,16),(4710,499,3),(4710,530,28),(4711,341,40),(4711,355,17),(4712,542,6),(4712,824,35),(4713,261,3),(4714,39,39),(4716,349,11),(4717,673,31),(4717,776,26),(4718,288,3),(4719,275,45),(4720,438,30),(4720,819,11),(4721,783,41),(4721,821,7),(4721,827,50),(4723,91,49),(4723,133,16),(4723,953,37),(4724,252,31),(4724,616,19),(4725,384,35),(4726,779,43),(4726,788,38),(4726,874,46),(4727,863,31),(4728,598,1),(4728,834,35),(4729,362,15),(4730,28,30),(4730,588,24),(4730,885,4),(4731,151,44),(4733,48,28),(4733,823,42),(4734,73,15),(4734,764,1),(4735,107,17),(4735,137,44),(4735,240,2),(4735,622,1),(4736,110,11),(4736,520,29),(4736,609,48),(4737,267,35),(4738,774,7),(4738,826,38),(4739,747,7),(4739,842,11),(4740,20,42),(4741,823,11),(4744,348,9),(4745,27,39),(4745,244,44),(4745,283,28),(4745,410,15),(4746,37,50),(4746,220,19),(4746,325,3),(4748,975,35),(4749,194,37),(4749,345,50),(4749,599,40),(4750,30,25),(4750,112,12),(4750,198,21),(4751,470,41),(4751,617,9),(4751,652,27),(4753,821,23),(4755,958,47),(4757,191,41),(4758,449,45),(4758,560,18),(4759,36,33),(4759,437,13),(4759,501,18),(4760,109,1),(4760,221,41),(4760,969,44),(4762,518,25),(4762,942,32),(4763,41,34),(4763,325,35),(4763,739,45),(4764,42,16),(4764,484,24),(4764,591,32),(4765,69,24),(4765,163,10),(4765,467,19),(4766,1,27),(4766,225,35),(4766,476,12),(4767,540,36),(4768,74,48),(4768,166,18),(4768,398,13),(4768,437,43),(4769,7,25),(4769,844,39),(4770,839,18),(4771,399,32),(4773,14,29),(4774,479,12),(4774,542,24),(4775,814,36),(4777,514,13),(4777,814,7),(4778,224,40),(4778,233,28),(4778,261,46),(4778,266,46),(4778,390,18),(4779,611,36),(4780,480,45),(4781,455,41),(4781,794,43),(4784,319,8),(4784,357,41),(4784,586,47),(4784,870,37),(4784,983,48),(4785,229,20),(4785,974,8),(4786,120,28),(4786,297,21),(4786,368,23),(4787,60,31),(4787,146,28),(4787,504,10),(4787,762,25),(4788,401,40),(4788,467,35),(4790,11,15),(4790,134,48),(4792,295,39),(4792,459,22),(4793,491,10),(4794,224,43),(4794,817,34),(4795,132,23),(4795,694,36),(4796,571,34),(4798,216,15),(4798,219,32),(4798,493,38),(4798,546,23),(4799,156,40),(4799,714,42),(4800,370,40),(4800,684,12),(4801,172,17),(4802,336,8),(4802,529,29),(4803,303,43),(4803,657,47),(4804,612,28),(4804,724,6),(4806,406,4),(4806,962,18),(4807,589,10),(4808,350,28),(4809,454,5),(4810,34,37),(4810,528,26),(4811,703,48),(4812,899,37),(4812,917,18),(4813,121,48),(4813,180,6),(4813,469,45),(4813,470,36),(4813,648,37),(4814,64,29),(4814,308,5),(4814,531,38),(4814,550,15),(4814,797,45),(4815,397,33),(4816,201,14),(4816,460,39),(4817,373,44),(4817,632,18),(4817,989,2),(4818,39,23),(4818,235,13),(4818,982,24),(4820,718,32),(4821,392,10),(4823,417,42),(4823,894,26),(4824,639,3),(4825,195,36),(4825,791,4),(4827,455,26),(4827,877,6),(4829,509,3),(4829,596,44),(4829,663,3),(4830,65,30),(4830,275,18),(4830,872,44),(4831,212,9),(4831,603,34),(4831,719,50),(4831,938,30),(4833,2,26),(4833,317,18),(4834,541,45),(4834,709,30),(4834,766,19),(4834,790,31),(4834,888,16),(4835,211,39),(4835,221,18),(4835,577,25),(4835,621,7),(4836,13,43),(4836,436,27),(4836,523,41),(4836,704,36),(4836,744,26),(4837,419,49),(4837,532,6),(4837,806,6),(4838,493,10),(4839,348,36),(4839,784,8),(4840,103,8),(4841,198,25),(4842,520,26),(4842,713,19),(4842,746,48),(4842,997,17),(4843,213,11),(4843,305,2),(4843,330,40),(4843,358,26),(4844,180,32),(4844,381,18),(4845,239,45),(4848,22,48),(4848,673,32),(4848,924,32),(4849,573,22),(4849,844,35),(4851,388,24),(4851,405,14),(4851,453,33),(4852,452,37),(4853,434,7),(4854,198,19),(4854,354,5),(4855,819,8),(4856,530,27),(4857,603,17),(4859,614,41),(4859,740,8),(4860,20,13),(4860,790,17),(4860,966,9),(4862,536,6),(4862,558,32),(4863,515,46),(4863,527,3),(4863,903,17),(4864,632,14),(4865,9,37),(4865,286,40),(4865,666,31),(4865,933,21),(4867,67,42),(4867,522,24),(4867,587,29),(4869,105,49),(4869,468,50),(4869,711,24),(4870,917,50),(4870,992,46),(4871,96,3),(4872,598,47),(4872,626,7),(4872,933,46),(4873,262,38),(4873,436,2),(4873,704,5),(4873,829,6),(4874,166,8),(4874,662,6),(4875,201,47),(4875,447,47),(4875,879,21),(4876,700,30),(4877,55,39),(4877,471,2),(4877,860,43),(4877,942,16),(4878,587,19),(4879,363,50),(4880,299,46),(4880,416,11),(4882,785,2),(4883,958,3),(4884,365,21),(4884,841,33),(4884,984,5),(4886,503,35),(4886,896,40),(4887,32,17),(4887,40,18),(4887,495,39),(4888,707,17),(4889,234,37),(4889,321,8),(4889,477,47),(4889,505,36),(4889,616,2),(4890,208,11),(4890,415,49),(4891,84,18),(4891,713,22),(4892,588,28),(4893,71,26),(4893,119,5),(4893,551,10),(4893,882,44),(4893,941,4),(4894,518,26),(4894,547,14),(4894,963,47),(4895,85,21),(4896,22,18),(4896,120,48),(4896,238,17),(4896,880,17),(4896,924,1),(4896,949,34),(4898,767,21),(4898,818,18),(4899,250,15),(4899,497,42),(4899,571,14),(4899,977,26),(4900,95,4),(4900,889,31),(4901,767,37),(4901,818,21),(4902,129,41),(4902,547,2),(4902,740,44),(4903,369,21),(4903,718,2),(4903,770,10),(4904,322,27),(4904,509,19),(4904,665,28),(4905,312,19),(4905,384,16),(4905,684,21),(4905,738,21),(4906,463,21),(4906,581,42),(4906,630,31),(4907,118,39),(4907,327,45),(4907,355,6),(4907,656,28),(4907,884,18),(4908,700,8),(4910,238,26),(4910,297,5),(4911,59,31),(4911,569,48),(4912,398,49),(4913,619,16),(4914,362,24),(4916,485,36),(4916,802,5),(4917,12,9),(4917,296,16),(4917,507,10),(4917,597,19),(4917,882,22),(4919,96,33),(4919,201,49),(4919,392,46),(4919,844,12),(4920,119,38),(4920,127,50),(4920,253,20),(4921,977,50),(4922,608,32),(4922,992,17),(4923,837,47),(4924,72,22),(4926,253,4),(4926,957,6),(4927,160,16),(4927,531,37),(4927,864,21),(4928,250,29),(4928,839,25),(4929,66,11),(4929,378,39),(4929,515,10),(4930,877,32),(4930,997,3),(4931,779,1),(4932,664,4),(4933,925,2),(4935,683,19),(4936,164,34),(4936,475,16),(4936,748,12),(4936,813,2),(4936,896,2),(4937,152,49),(4938,296,8),(4939,914,30),(4940,290,44),(4940,351,49),(4940,478,4),(4940,500,17),(4941,4,16),(4942,462,26),(4943,63,4),(4943,155,22),(4943,938,46),(4943,992,34),(4944,56,46),(4944,655,5),(4945,813,6),(4945,951,31),(4947,475,37),(4947,570,27),(4947,812,6),(4947,816,47),(4947,848,30),(4948,228,4),(4948,679,12),(4949,295,44),(4949,302,5),(4949,945,4),(4950,173,37),(4950,342,34),(4950,748,13),(4951,906,4),(4952,174,40),(4952,285,22),(4952,510,35),(4953,134,5),(4953,241,6),(4954,243,25),(4954,265,11),(4954,405,43),(4954,471,41),(4955,406,18),(4955,932,46),(4956,307,1),(4958,264,45),(4959,397,23),(4960,591,45),(4960,733,23),(4962,418,39),(4963,164,5),(4964,259,24),(4964,528,12),(4964,684,32),(4964,914,41),(4965,198,30),(4965,701,21),(4966,520,44),(4967,327,11),(4967,793,31),(4967,829,25),(4968,285,36),(4968,900,33),(4968,925,49),(4969,73,50),(4969,689,40),(4971,618,10),(4971,730,9),(4972,336,46),(4972,985,5),(4973,207,22),(4973,276,27),(4973,378,21),(4973,485,40),(4973,676,11),(4973,924,40),(4974,438,31),(4974,460,44),(4974,916,46),(4974,958,15),(4976,500,7),(4977,984,6),(4978,63,19),(4979,371,46),(4979,516,44),(4979,549,8),(4980,602,24),(4982,303,34),(4983,482,19),(4984,484,22),(4985,123,14),(4985,236,39),(4985,445,45),(4985,790,20),(4986,12,26),(4986,416,4),(4988,353,45),(4988,403,6),(4988,827,41),(4989,50,21),(4989,648,27),(4990,30,6),(4990,790,43),(4990,939,41),(4991,345,9),(4991,974,42),(4992,160,42),(4992,592,3),(4992,936,16),(4993,372,17),(4993,612,8),(4993,782,33),(4993,906,42),(4994,77,21),(4994,188,48),(4994,270,14),(4994,338,9),(4996,845,45),(4997,157,5),(4997,358,26),(4997,659,33),(4997,707,28),(4998,83,11),(4998,336,43),(4999,279,47),(4999,566,3),(4999,686,27),(4999,838,35),(5000,6,33),(5000,335,4),(5000,432,8),(10002,5003,21);
/*!40000 ALTER TABLE `produit_commande` ENABLE KEYS */;
UNLOCK TABLES;

--
-- Table structure for table `role`
--

DROP TABLE IF EXISTS `role`;


CREATE TABLE `role` (
  `idrole` int NOT NULL AUTO_INCREMENT,
  `libelle` varchar(255) DEFAULT NULL,
  PRIMARY KEY (`idrole`)
) ENGINE=InnoDB AUTO_INCREMENT=5;


--
-- Dumping data for table `role`
--

LOCK TABLES `role` WRITE;
/*!40000 ALTER TABLE `role` DISABLE KEYS */;
INSERT INTO `role` VALUES (1,'admin'),(2,'client standard'),(3,'client VIP'),(4,'comptable');
/*!40000 ALTER TABLE `role` ENABLE KEYS */;
UNLOCK TABLES;
/*!40103 SET TIME_ZONE=@OLD_TIME_ZONE */;

/*!40101 SET SQL_MODE=@OLD_SQL_MODE */;
/*!40014 SET FOREIGN_KEY_CHECKS=@OLD_FOREIGN_KEY_CHECKS */;
/*!40014 SET UNIQUE_CHECKS=@OLD_UNIQUE_CHECKS */;
/*!40101 SET CHARACTER_SET_CLIENT=@OLD_CHARACTER_SET_CLIENT */;
/*!40101 SET CHARACTER_SET_RESULTS=@OLD_CHARACTER_SET_RESULTS */;
/*!40101 SET COLLATION_CONNECTION=@OLD_COLLATION_CONNECTION */;
/*!40111 SET SQL_NOTES=@OLD_SQL_NOTES */;

-- Dump completed on 2022-11-23  9:55:33
